1,GP health,0.7436591717258452,-34.336021930899065,6.309324172359246e-05,372.1738894551873,1,0.8,['noise_collapse']
1,GP anomalies,Sum,"{'k1': 0.9**2 * RBF(length_scale=[0.726, 0.684, 2.85, 0.552, 0.23, 0.333]), 'k2': WhiteKernel(noise_level=1e-08), 'k1__k1': 0.9**2, 'k1__k2': RBF(length_scale=[0.726, 0.684, 2.85, 0.552, 0.23, 0.333]), 'k1__k1__constant_value': np.float64(0.8094590699254818), 'k1__k1__constant_value_bounds': (0.001, 10000.0), 'k1__k2__length_scale': array([0.72613021, 0.68420931, 2.85039139, 0.55177623, 0.22974083,
       0.33253233]), 'k1__k2__length_scale_bounds': (0.01004082740323411, 10.04082740323411), 'k2__noise_level': np.float64(9.999999999999982e-09), 'k2__noise_level_bounds': (1e-08, np.float64(0.4402421869806839))}",1,0.8,['noise_collapse']
1,6D ML Hyperparameters,EI,"0.9**2 * RBF(length_scale=[0.726, 0.684, 2.85, 0.552, 0.23, 0.333]) + WhiteKernel(noise_level=1e-08)","{'k1': 0.9**2 * RBF(length_scale=[0.726, 0.684, 2.85, 0.552, 0.23, 0.333]), 'k2': WhiteKernel(noise_level=1e-08), 'k1__k1': 0.9**2, 'k1__k2': RBF(length_scale=[0.726, 0.684, 2.85, 0.552, 0.23, 0.333]), 'k1__k1__constant_value': np.float64(0.8094590699254818), 'k1__k1__constant_value_bounds': (0.001, 10000.0), 'k1__k2__length_scale': array([0.72613021, 0.68420931, 2.85039139, 0.55177623, 0.22974083,
       0.33253233]), 'k1__k2__length_scale_bounds': (0.01004082740323411, 10.04082740323411), 'k2__noise_level': np.float64(9.999999999999982e-09), 'k2__noise_level_bounds': (1e-08, np.float64(0.4402421869806839))}","[0.1315182669163779, 0.8571295598562823, 0.575355403251556, 0.07638494499145598, 0.3825803235706354, 0.3677336508051099]",0.8142589886334201,0.7436591717258452,"[{'type': 'noise_collapse', 'severity': 0.8, 'details': {'noise_level': 1e-08}}]",{'acq': 'EI'}
2,GP health,0.7427444476894337,-34.7635496050097,6.264424356036947e-05,397.869936241803,1,0.8,['noise_collapse']
2,GP anomalies,Sum,"{'k1': 0.894**2 * RBF(length_scale=[0.743, 0.694, 2.65, 0.561, 0.229, 0.339]), 'k2': WhiteKernel(noise_level=1e-08), 'k1__k1': 0.894**2, 'k1__k2': RBF(length_scale=[0.743, 0.694, 2.65, 0.561, 0.229, 0.339]), 'k1__k1__constant_value': np.float64(0.7990492095863541), 'k1__k1__constant_value_bounds': (0.001, 10000.0), 'k1__k2__length_scale': array([0.74250306, 0.69350282, 2.65410149, 0.56055873, 0.22870373,
       0.33881347]), 'k1__k2__length_scale_bounds': (0.010037010951348157, 10.037010951348158), 'k2__noise_level': np.float64(9.999999999999982e-09), 'k2__noise_level_bounds': (1e-08, np.float64(0.4273725900497405))}",1,0.8,['noise_collapse']
2,6D ML Hyperparameters,EI,"0.894**2 * RBF(length_scale=[0.743, 0.694, 2.65, 0.561, 0.229, 0.339]) + WhiteKernel(noise_level=1e-08)","{'k1': 0.894**2 * RBF(length_scale=[0.743, 0.694, 2.65, 0.561, 0.229, 0.339]), 'k2': WhiteKernel(noise_level=1e-08), 'k1__k1': 0.894**2, 'k1__k2': RBF(length_scale=[0.743, 0.694, 2.65, 0.561, 0.229, 0.339]), 'k1__k1__constant_value': np.float64(0.7990492095863541), 'k1__k1__constant_value_bounds': (0.001, 10000.0), 'k1__k2__length_scale': array([0.74250306, 0.69350282, 2.65410149, 0.56055873, 0.22870373,
       0.33881347]), 'k1__k2__length_scale_bounds': (0.010037010951348157, 10.037010951348158), 'k2__noise_level': np.float64(9.999999999999982e-09), 'k2__noise_level_bounds': (1e-08, np.float64(0.4273725900497405))}","[0.1736572013157477, 0.21407481158694563, 0.4726171993264363, 0.0646940970665717, 0.5308791650288043, 0.37925824493995264]",1.0661817667378524,0.7427444476894337,"[{'type': 'noise_collapse', 'severity': 0.8, 'details': {'noise_level': 1e-08}}]",{'acq': 'EI'}
3,GP health,0.7416914751358543,-33.082478248831414,6.404009116879837e-05,506.036949706598,1,0.8,['noise_collapse']
3,GP anomalies,Sum,"{'k1': 0.878**2 * RBF(length_scale=[0.765, 0.704, 2.58, 0.566, 0.232, 0.343]), 'k2': WhiteKernel(noise_level=1e-08), 'k1__k1': 0.878**2, 'k1__k2': RBF(length_scale=[0.765, 0.704, 2.58, 0.566, 0.232, 0.343]), 'k1__k1__constant_value': np.float64(0.7710433889588268), 'k1__k1__constant_value_bounds': (0.001, 10000.0), 'k1__k2__length_scale': array([0.76456863, 0.70421724, 2.57841519, 0.56622582, 0.23216113,
       0.34317012]), 'k1__k2__length_scale_bounds': (0.009979314177886677, 9.979314177886677), 'k2__noise_level': np.float64(9.999999999999982e-09), 'k2__noise_level_bounds': (1e-08, np.float64(0.4225722308079089))}",1,0.8,['noise_collapse']
3,6D ML Hyperparameters,EI,"0.878**2 * RBF(length_scale=[0.765, 0.704, 2.58, 0.566, 0.232, 0.343]) + WhiteKernel(noise_level=1e-08)","{'k1': 0.878**2 * RBF(length_scale=[0.765, 0.704, 2.58, 0.566, 0.232, 0.343]), 'k2': WhiteKernel(noise_level=1e-08), 'k1__k1': 0.878**2, 'k1__k2': RBF(length_scale=[0.765, 0.704, 2.58, 0.566, 0.232, 0.343]), 'k1__k1__constant_value': np.float64(0.7710433889588268), 'k1__k1__constant_value_bounds': (0.001, 10000.0), 'k1__k2__length_scale': array([0.76456863, 0.70421724, 2.57841519, 0.56622582, 0.23216113,
       0.34317012]), 'k1__k2__length_scale_bounds': (0.009979314177886677, 9.979314177886677), 'k2__noise_level': np.float64(9.999999999999982e-09), 'k2__noise_level_bounds': (1e-08, np.float64(0.4225722308079089))}","[0.3383271983427958, 0.08728154202433691, 0.6127856106347187, 0.13158750833385335, 0.2613391969614235, 0.861000713738014]",1.1709665677811605,0.7416914751358543,"[{'type': 'noise_collapse', 'severity': 0.8, 'details': {'noise_level': 1e-08}}]",{'acq': 'EI'}
4,GP health,0.7405385559096026,-32.213231692070636,6.584330315240058e-05,590.8608773768083,1,0.8,['noise_collapse']
4,GP anomalies,Sum,"{'k1': 0.869**2 * RBF(length_scale=[0.809, 0.736, 2.36, 0.586, 0.235, 0.352]), 'k2': WhiteKernel(noise_level=1e-08), 'k1__k1': 0.869**2, 'k1__k2': RBF(length_scale=[0.809, 0.736, 2.36, 0.586, 0.235, 0.352]), 'k1__k1__constant_value': np.float64(0.755882652900464), 'k1__k1__constant_value_bounds': (0.001, 10000.0), 'k1__k2__length_scale': array([0.80916324, 0.73555397, 2.3578487 , 0.58611955, 0.23478662,
       0.35177374]), 'k1__k2__length_scale_bounds': (0.009950034961387797, 9.950034961387797), 'k2__noise_level': np.float64(9.999999999999982e-09), 'k2__noise_level_bounds': (1e-08, np.float64(0.4202271816389663))}",1,0.8,['noise_collapse']
4,6D ML Hyperparameters,EI,"0.869**2 * RBF(length_scale=[0.809, 0.736, 2.36, 0.586, 0.235, 0.352]) + WhiteKernel(noise_level=1e-08)","{'k1': 0.869**2 * RBF(length_scale=[0.809, 0.736, 2.36, 0.586, 0.235, 0.352]), 'k2': WhiteKernel(noise_level=1e-08), 'k1__k1': 0.869**2, 'k1__k2': RBF(length_scale=[0.809, 0.736, 2.36, 0.586, 0.235, 0.352]), 'k1__k1__constant_value': np.float64(0.755882652900464), 'k1__k1__constant_value_bounds': (0.001, 10000.0), 'k1__k2__length_scale': array([0.80916324, 0.73555397, 2.3578487 , 0.58611955, 0.23478662,
       0.35177374]), 'k1__k2__length_scale_bounds': (0.009950034961387797, 9.950034961387797), 'k2__noise_level': np.float64(9.999999999999982e-09), 'k2__noise_level_bounds': (1e-08, np.float64(0.4202271816389663))}","[0.14478441781889673, 0.007972112334419412, 0.5040150062329035, 0.06788646100704754, 0.5825918910049416, 0.723692566217759]",1.125047740592387,0.7405385559096026,"[{'type': 'noise_collapse', 'severity': 0.8, 'details': {'noise_level': 1e-08}}]",{'acq': 'EI'}
5,GP health,0.7386975353571209,-31.64446583222137,6.713867182129398e-05,685.1685827291842,1,0.8,['noise_collapse']
5,GP anomalies,Sum,"{'k1': 0.858**2 * RBF(length_scale=[0.83, 0.749, 2.37, 0.594, 0.237, 0.355]), 'k2': WhiteKernel(noise_level=1e-08), 'k1__k1': 0.858**2, 'k1__k2': RBF(length_scale=[0.83, 0.749, 2.37, 0.594, 0.237, 0.355]), 'k1__k1__constant_value': np.float64(0.7369671527973246), 'k1__k1__constant_value_bounds': (0.001, 10000.0), 'k1__k2__length_scale': array([0.83014795, 0.74902177, 2.37316542, 0.59367572, 0.2369096 ,
       0.3553635 ]), 'k1__k2__length_scale_bounds': (0.009928250589233693, 9.928250589233693), 'k2__noise_level': np.float64(9.999999999999982e-09), 'k2__noise_level_bounds': (1e-08, np.float64(0.4144468025377378))}",1,0.8,['noise_collapse']
5,6D ML Hyperparameters,EI,"0.858**2 * RBF(length_scale=[0.83, 0.749, 2.37, 0.594, 0.237, 0.355]) + WhiteKernel(noise_level=1e-08)","{'k1': 0.858**2 * RBF(length_scale=[0.83, 0.749, 2.37, 0.594, 0.237, 0.355]), 'k2': WhiteKernel(noise_level=1e-08), 'k1__k1': 0.858**2, 'k1__k2': RBF(length_scale=[0.83, 0.749, 2.37, 0.594, 0.237, 0.355]), 'k1__k1__constant_value': np.float64(0.7369671527973246), 'k1__k1__constant_value_bounds': (0.001, 10000.0), 'k1__k2__length_scale': array([0.83014795, 0.74902177, 2.37316542, 0.59367572, 0.2369096 ,
       0.3553635 ]), 'k1__k2__length_scale_bounds': (0.009928250589233693, 9.928250589233693), 'k2__noise_level': np.float64(9.999999999999982e-09), 'k2__noise_level_bounds': (1e-08, np.float64(0.4144468025377378))}","[0.4788987026153979, 0.34260822533906876, 0.1252270953702942, 0.0041887013625877545, 0.9973329706468352, 0.054240025356156685]",0.1888766612932606,0.7386975353571209,"[{'type': 'noise_collapse', 'severity': 0.8, 'details': {'noise_level': 1e-08}}]",{'acq': 'EI'}
6,GP health,0.7386811462512773,-32.68358945838739,6.646477584191207e-05,648.5452977893849,1,0.8,['noise_collapse']
6,GP anomalies,Sum,"{'k1': 0.847**2 * RBF(length_scale=[0.815, 0.735, 2.38, 0.591, 0.236, 0.353]), 'k2': WhiteKernel(noise_level=1e-08), 'k1__k1': 0.847**2, 'k1__k2': RBF(length_scale=[0.815, 0.735, 2.38, 0.591, 0.236, 0.353]), 'k1__k1__constant_value': np.float64(0.71815113649303), 'k1__k1__constant_value_bounds': (0.001, 10000.0), 'k1__k2__length_scale': array([0.81539219, 0.73484512, 2.38225775, 0.59058591, 0.23568189,
       0.35276965]), 'k1__k2__length_scale_bounds': (0.009988115640889417, 9.988115640889417), 'k2__noise_level': np.float64(1.0000116378015904e-08), 'k2__noise_level_bounds': (1e-08, np.float64(0.39683604285435614))}",1,0.8,['noise_collapse']
6,6D ML Hyperparameters,EI,"0.847**2 * RBF(length_scale=[0.815, 0.735, 2.38, 0.591, 0.236, 0.353]) + WhiteKernel(noise_level=1e-08)","{'k1': 0.847**2 * RBF(length_scale=[0.815, 0.735, 2.38, 0.591, 0.236, 0.353]), 'k2': WhiteKernel(noise_level=1e-08), 'k1__k1': 0.847**2, 'k1__k2': RBF(length_scale=[0.815, 0.735, 2.38, 0.591, 0.236, 0.353]), 'k1__k1__constant_value': np.float64(0.71815113649303), 'k1__k1__constant_value_bounds': (0.001, 10000.0), 'k1__k2__length_scale': array([0.81539219, 0.73484512, 2.38225775, 0.59058591, 0.23568189,
       0.35276965]), 'k1__k2__length_scale_bounds': (0.009988115640889417, 9.988115640889417), 'k2__noise_level': np.float64(1.0000116378015904e-08), 'k2__noise_level_bounds': (1e-08, np.float64(0.39683604285435614))}","[0.06567671310153089, 0.9588955911532424, 0.13200083588004585, 0.3532334113247929, 0.6504685548630027, 0.06454075883352706]",0.5758397213552958,0.7386811462512773,"[{'type': 'noise_collapse', 'severity': 0.8, 'details': {'noise_level': 1e-08}}]",{'acq': 'EI'}
7,GP health,0.7374126938246206,-34.96934847268855,6.582510093358281e-05,700.4662550455048,1,0.8,['noise_collapse']
7,GP anomalies,Sum,"{'k1': 0.849**2 * RBF(length_scale=[0.822, 0.735, 2.34, 0.592, 0.236, 0.355]), 'k2': WhiteKernel(noise_level=1e-08), 'k1__k1': 0.849**2, 'k1__k2': RBF(length_scale=[0.822, 0.735, 2.34, 0.592, 0.236, 0.355]), 'k1__k1__constant_value': np.float64(0.7199595651331814), 'k1__k1__constant_value_bounds': (0.001, 10000.0), 'k1__k2__length_scale': array([0.82193052, 0.73478688, 2.33707075, 0.59176037, 0.2359531 ,
       0.35496626]), 'k1__k2__length_scale_bounds': (0.010040405063329738, 10.040405063329738), 'k2__noise_level': np.float64(1.0000131006860038e-08), 'k2__noise_level_bounds': (1e-08, np.float64(0.3801321637154479))}",1,0.8,['noise_collapse']
7,6D ML Hyperparameters,EI,"0.849**2 * RBF(length_scale=[0.822, 0.735, 2.34, 0.592, 0.236, 0.355]) + WhiteKernel(noise_level=1e-08)","{'k1': 0.849**2 * RBF(length_scale=[0.822, 0.735, 2.34, 0.592, 0.236, 0.355]), 'k2': WhiteKernel(noise_level=1e-08), 'k1__k1': 0.849**2, 'k1__k2': RBF(length_scale=[0.822, 0.735, 2.34, 0.592, 0.236, 0.355]), 'k1__k1__constant_value': np.float64(0.7199595651331814), 'k1__k1__constant_value_bounds': (0.001, 10000.0), 'k1__k2__length_scale': array([0.82193052, 0.73478688, 2.33707075, 0.59176037, 0.2359531 ,
       0.35496626]), 'k1__k2__length_scale_bounds': (0.010040405063329738, 10.040405063329738), 'k2__noise_level': np.float64(1.0000131006860038e-08), 'k2__noise_level_bounds': (1e-08, np.float64(0.3801321637154479))}","[0.5838576340748193, 0.8919349851172509, 0.80408989576714, 0.9837342097220761, 0.05962696803556444, 0.9646358237530759]",0.3579173297282154,0.7374126938246206,"[{'type': 'noise_collapse', 'severity': 0.8, 'details': {'noise_level': 1e-08}}]",{'acq': 'EI'}
8,GP health,0.73667476111215,-34.611569711495335,6.507466526040803e-05,656.9404686253764,1,0.8,['noise_collapse']
8,GP anomalies,Sum,"{'k1': 0.85**2 * RBF(length_scale=[0.831, 0.743, 2.27, 0.592, 0.235, 0.356]), 'k2': WhiteKernel(noise_level=1e-08), 'k1__k1': 0.85**2, 'k1__k2': RBF(length_scale=[0.831, 0.743, 2.27, 0.592, 0.235, 0.356]), 'k1__k1__constant_value': np.float64(0.7221346829754302), 'k1__k1__constant_value_bounds': (0.001, 10000.0), 'k1__k2__length_scale': array([0.83146649, 0.74252543, 2.2684529 , 0.59213512, 0.23516247,
       0.35622796]), 'k1__k2__length_scale_bounds': (0.010148871814390281, 10.148871814390281), 'k2__noise_level': np.float64(1.0000129479220616e-08), 'k2__noise_level_bounds': (1e-08, np.float64(0.36347834565361775))}",1,0.8,['noise_collapse']
8,6D ML Hyperparameters,EI,"0.85**2 * RBF(length_scale=[0.831, 0.743, 2.27, 0.592, 0.235, 0.356]) + WhiteKernel(noise_level=1e-08)","{'k1': 0.85**2 * RBF(length_scale=[0.831, 0.743, 2.27, 0.592, 0.235, 0.356]), 'k2': WhiteKernel(noise_level=1e-08), 'k1__k1': 0.85**2, 'k1__k2': RBF(length_scale=[0.831, 0.743, 2.27, 0.592, 0.235, 0.356]), 'k1__k1__constant_value': np.float64(0.7221346829754302), 'k1__k1__constant_value_bounds': (0.001, 10000.0), 'k1__k2__length_scale': array([0.83146649, 0.74252543, 2.2684529 , 0.59213512, 0.23516247,
       0.35622796]), 'k1__k2__length_scale_bounds': (0.010148871814390281, 10.148871814390281), 'k2__noise_level': np.float64(1.0000129479220616e-08), 'k2__noise_level_bounds': (1e-08, np.float64(0.36347834565361775))}","[0.008795627370160153, 0.019528121663050402, 0.17065486269063657, 0.6123602778501368, 0.45554098026822565, 0.6184131025743951]",1.0682745436481516,0.73667476111215,"[{'type': 'noise_collapse', 'severity': 0.8, 'details': {'noise_level': 1e-08}}]",{'acq': 'EI'}
9,GP health,0.7348018766058364,-35.672004542162085,6.593207335523694e-05,803.3412826134849,1,0.8,['noise_collapse']
9,GP anomalies,Sum,"{'k1': 0.854**2 * RBF(length_scale=[0.864, 0.781, 2.15, 0.618, 0.236, 0.361]), 'k2': WhiteKernel(noise_level=1e-08), 'k1__k1': 0.854**2, 'k1__k2': RBF(length_scale=[0.864, 0.781, 2.15, 0.618, 0.236, 0.361]), 'k1__k1__constant_value': np.float64(0.7286040484260672), 'k1__k1__constant_value_bounds': (0.001, 10000.0), 'k1__k2__length_scale': array([0.86390857, 0.78148573, 2.14888805, 0.61833802, 0.23632483,
       0.36127838]), 'k1__k2__length_scale_bounds': (0.010126373660347878, 10.126373660347879), 'k2__noise_level': np.float64(9.999999999999982e-09), 'k2__noise_level_bounds': (1e-08, np.float64(0.35619420650455463))}",1,0.8,['noise_collapse']
9,6D ML Hyperparameters,EI,"0.854**2 * RBF(length_scale=[0.864, 0.781, 2.15, 0.618, 0.236, 0.361]) + WhiteKernel(noise_level=1e-08)","{'k1': 0.854**2 * RBF(length_scale=[0.864, 0.781, 2.15, 0.618, 0.236, 0.361]), 'k2': WhiteKernel(noise_level=1e-08), 'k1__k1': 0.854**2, 'k1__k2': RBF(length_scale=[0.864, 0.781, 2.15, 0.618, 0.236, 0.361]), 'k1__k1__constant_value': np.float64(0.7286040484260672), 'k1__k1__constant_value_bounds': (0.001, 10000.0), 'k1__k2__length_scale': array([0.86390857, 0.78148573, 2.14888805, 0.61833802, 0.23632483,
       0.36127838]), 'k1__k2__length_scale_bounds': (0.010126373660347878, 10.126373660347879), 'k2__noise_level': np.float64(9.999999999999982e-09), 'k2__noise_level_bounds': (1e-08, np.float64(0.35619420650455463))}","[0.910054422496296, 0.9715745317451575, 0.9581072428844681, 0.19003793253466672, 0.035869859225504785, 0.1870053000091284]",0.05894133410371083,0.7348018766058364,"[{'type': 'noise_collapse', 'severity': 0.8, 'details': {'noise_level': 1e-08}}]",{'acq': 'EI'}
10,GP health,0.7347475687627658,-36.47949348052005,6.558287972693865e-05,732.8378424713261,1,0.8,['noise_collapse']
10,GP anomalies,Sum,"{'k1': 0.841**2 * RBF(length_scale=[0.852, 0.782, 2.14, 0.611, 0.236, 0.359]), 'k2': WhiteKernel(noise_level=1e-08), 'k1__k1': 0.841**2, 'k1__k2': RBF(length_scale=[0.852, 0.782, 2.14, 0.611, 0.236, 0.359]), 'k1__k1__constant_value': np.float64(0.7067407280860843), 'k1__k1__constant_value_bounds': (0.001, 10000.0), 'k1__k2__length_scale': array([0.85193878, 0.78161694, 2.13771767, 0.61066877, 0.23550762,
       0.35888587]), 'k1__k2__length_scale_bounds': (0.010254480373881568, 10.254480373881567), 'k2__noise_level': np.float64(9.999999999999982e-09), 'k2__noise_level_bounds': (1e-08, np.float64(0.3426921183678425))}",1,0.8,['noise_collapse']
10,6D ML Hyperparameters,EI,"0.841**2 * RBF(length_scale=[0.852, 0.782, 2.14, 0.611, 0.236, 0.359]) + WhiteKernel(noise_level=1e-08)","{'k1': 0.841**2 * RBF(length_scale=[0.852, 0.782, 2.14, 0.611, 0.236, 0.359]), 'k2': WhiteKernel(noise_level=1e-08), 'k1__k1': 0.841**2, 'k1__k2': RBF(length_scale=[0.852, 0.782, 2.14, 0.611, 0.236, 0.359]), 'k1__k1__constant_value': np.float64(0.7067407280860843), 'k1__k1__constant_value_bounds': (0.001, 10000.0), 'k1__k2__length_scale': array([0.85193878, 0.78161694, 2.13771767, 0.61066877, 0.23550762,
       0.35888587]), 'k1__k2__length_scale_bounds': (0.010254480373881568, 10.254480373881567), 'k2__noise_level': np.float64(9.999999999999982e-09), 'k2__noise_level_bounds': (1e-08, np.float64(0.3426921183678425))}","[0.0, 0.03327689579622084, 0.10582370906964356, 0.012000370335139093, 0.3467700915023601, 0.6281474320685059]",1.9459255489811644,0.7347475687627658,"[{'type': 'noise_collapse', 'severity': 0.8, 'details': {'noise_level': 1e-08}}]",{'acq': 'EI'}
11,GP health,0.7246276341581664,-30.05190921658392,7.22811470239513e-05,1228.5583662785207,1,0.8,['noise_collapse']
11,GP anomalies,Sum,"{'k1': 0.861**2 * Matern(length_scale=[1.11, 1.04, 7.39, 0.832, 0.317, 0.475], nu=2.5), 'k2': WhiteKernel(noise_level=1e-08), 'k1__k1': 0.861**2, 'k1__k2': Matern(length_scale=[1.11, 1.04, 7.39, 0.832, 0.317, 0.475], nu=2.5), 'k1__k1__constant_value': np.float64(0.7414237439423096), 'k1__k1__constant_value_bounds': (0.001, 10000.0), 'k1__k2__length_scale': array([1.11058793, 1.04150198, 7.39107887, 0.83191754, 0.31708185,
       0.47509237]), 'k1__k2__length_scale_bounds': (0.010262100494436037, 10.262100494436037), 'k1__k2__nu': np.float64(2.5), 'k2__noise_level': np.float64(9.999999999999982e-09), 'k2__noise_level_bounds': (1e-08, np.float64(0.36531053163375937))}",1,0.8,['noise_collapse']
11,6D ML Hyperparameters,EI,"0.861**2 * Matern(length_scale=[1.11, 1.04, 7.39, 0.832, 0.317, 0.475], nu=2.5) + WhiteKernel(noise_level=1e-08)","{'k1': 0.861**2 * Matern(length_scale=[1.11, 1.04, 7.39, 0.832, 0.317, 0.475], nu=2.5), 'k2': WhiteKernel(noise_level=1e-08), 'k1__k1': 0.861**2, 'k1__k2': Matern(length_scale=[1.11, 1.04, 7.39, 0.832, 0.317, 0.475], nu=2.5), 'k1__k1__constant_value': np.float64(0.7414237439423096), 'k1__k1__constant_value_bounds': (0.001, 10000.0), 'k1__k2__length_scale': array([1.11058793, 1.04150198, 7.39107887, 0.83191754, 0.31708185,
       0.47509237]), 'k1__k2__length_scale_bounds': (0.010262100494436037, 10.262100494436037), 'k1__k2__nu': np.float64(2.5), 'k2__noise_level': np.float64(9.999999999999982e-09), 'k2__noise_level_bounds': (1e-08, np.float64(0.36531053163375937))}","[0.0, 0.0, 0.27350958933192865, 0.0, 0.379036194105835, 0.6227482790597303]",1.9660535108741928,0.7246276341581664,"[{'type': 'noise_collapse', 'severity': 0.8, 'details': {'noise_level': 1e-08}}]",{'acq': 'EI'}
12,GP health,0.7172874092733297,-24.895316299794445,7.806055570101665e-05,4855.840772852468,1,0.8,['noise_collapse']
12,GP anomalies,Sum,"{'k1': 0.731**2 * RBF(length_scale=[0.907, 0.818, 2.41, 0.629, 0.233, 0.367]), 'k2': WhiteKernel(noise_level=1e-08), 'k1__k1': 0.731**2, 'k1__k2': RBF(length_scale=[0.907, 0.818, 2.41, 0.629, 0.233, 0.367]), 'k1__k1__constant_value': np.float64(0.5338389925689744), 'k1__k1__constant_value_bounds': (0.001, 10000.0), 'k1__k2__length_scale': array([0.90690157, 0.81839033, 2.41098254, 0.62933611, 0.23311962,
       0.3669746 ]), 'k1__k2__length_scale_bounds': (0.01025248164137063, 10.252481641370629), 'k2__noise_level': np.float64(9.999999999999982e-09), 'k2__noise_level_bounds': (1e-08, np.float64(0.3815859056987572))}",1,0.8,['noise_collapse']
12,6D ML Hyperparameters,EI,"0.731**2 * RBF(length_scale=[0.907, 0.818, 2.41, 0.629, 0.233, 0.367]) + WhiteKernel(noise_level=1e-08)","{'k1': 0.731**2 * RBF(length_scale=[0.907, 0.818, 2.41, 0.629, 0.233, 0.367]), 'k2': WhiteKernel(noise_level=1e-08), 'k1__k1': 0.731**2, 'k1__k2': RBF(length_scale=[0.907, 0.818, 2.41, 0.629, 0.233, 0.367]), 'k1__k1__constant_value': np.float64(0.5338389925689744), 'k1__k1__constant_value_bounds': (0.001, 10000.0), 'k1__k2__length_scale': array([0.90690157, 0.81839033, 2.41098254, 0.62933611, 0.23311962,
       0.3669746 ]), 'k1__k2__length_scale_bounds': (0.01025248164137063, 10.252481641370629), 'k2__noise_level': np.float64(9.999999999999982e-09), 'k2__noise_level_bounds': (1e-08, np.float64(0.3815859056987572))}","[0.0, 0.0, 0.0, 0.0, 0.413412168395324, 0.6676965460505491]",1.9478138214955951,0.7172874092733297,"[{'type': 'noise_collapse', 'severity': 0.8, 'details': {'noise_level': 1e-08}}]",{'acq': 'EI'}
13,GP health,0.7166364638970221,-20.607711484736058,8.28598085884444e-05,10899.03283954288,1,0.8,['noise_collapse']
13,GP anomalies,Sum,"{'k1': 0.698**2 * RBF(length_scale=[0.911, 0.821, 2.8, 0.629, 0.235, 0.369]), 'k2': WhiteKernel(noise_level=1e-08), 'k1__k1': 0.698**2, 'k1__k2': RBF(length_scale=[0.911, 0.821, 2.8, 0.629, 0.235, 0.369]), 'k1__k1__constant_value': np.float64(0.4876376431538023), 'k1__k1__constant_value_bounds': (0.001, 10000.0), 'k1__k2__length_scale': array([0.91093376, 0.82129054, 2.80256671, 0.62895515, 0.23486216,
       0.36897067]), 'k1__k2__length_scale_bounds': (0.010266226948133096, 10.266226948133097), 'k2__noise_level': np.float64(9.999999999999982e-09), 'k2__noise_level_bounds': (1e-08, np.float64(0.39176726874303325))}",1,0.8,['noise_collapse']
13,6D ML Hyperparameters,EI,"0.698**2 * RBF(length_scale=[0.911, 0.821, 2.8, 0.629, 0.235, 0.369]) + WhiteKernel(noise_level=1e-08)","{'k1': 0.698**2 * RBF(length_scale=[0.911, 0.821, 2.8, 0.629, 0.235, 0.369]), 'k2': WhiteKernel(noise_level=1e-08), 'k1__k1': 0.698**2, 'k1__k2': RBF(length_scale=[0.911, 0.821, 2.8, 0.629, 0.235, 0.369]), 'k1__k1__constant_value': np.float64(0.4876376431538023), 'k1__k1__constant_value_bounds': (0.001, 10000.0), 'k1__k2__length_scale': array([0.91093376, 0.82129054, 2.80256671, 0.62895515, 0.23486216,
       0.36897067]), 'k1__k2__length_scale_bounds': (0.010266226948133096, 10.266226948133097), 'k2__noise_level': np.float64(9.999999999999982e-09), 'k2__noise_level_bounds': (1e-08, np.float64(0.39176726874303325))}","[0.0, 0.021901577704705483, 0.017231671164747775, 0.0, 0.3725793067520234, 0.6243898956716134]",1.9744107382249014,0.7166364638970221,"[{'type': 'noise_collapse', 'severity': 0.8, 'details': {'noise_level': 1e-08}}]",{'acq': 'EI'}
14,GP health,0.6885410145012621,-17.720969989199027,8.719488734699012e-05,27880.66865416478,1,0.8,['noise_collapse']
14,GP anomalies,Sum,"{'k1': 0.815**2 * Matern(length_scale=[1.48, 1.43, 10.3, 1.12, 0.44, 0.645], nu=1.5), 'k2': WhiteKernel(noise_level=1e-08), 'k1__k1': 0.815**2, 'k1__k2': Matern(length_scale=[1.48, 1.43, 10.3, 1.12, 0.44, 0.645], nu=1.5), 'k1__k1__constant_value': np.float64(0.664531818885989), 'k1__k1__constant_value_bounds': (0.001, 10000.0), 'k1__k2__length_scale': array([ 1.48186998,  1.42969051, 10.2643574 ,  1.1190112 ,  0.44020512,
        0.64524148]), 'k1__k2__length_scale_bounds': (0.010264357404246582, 10.264357404246581), 'k1__k2__nu': np.float64(1.5), 'k2__noise_level': np.float64(9.999999999999982e-09), 'k2__noise_level_bounds': (1e-08, np.float64(0.39874824648170804))}",1,0.8,['noise_collapse']
14,6D ML Hyperparameters,EI,"0.815**2 * Matern(length_scale=[1.48, 1.43, 10.3, 1.12, 0.44, 0.645], nu=1.5) + WhiteKernel(noise_level=1e-08)","{'k1': 0.815**2 * Matern(length_scale=[1.48, 1.43, 10.3, 1.12, 0.44, 0.645], nu=1.5), 'k2': WhiteKernel(noise_level=1e-08), 'k1__k1': 0.815**2, 'k1__k2': Matern(length_scale=[1.48, 1.43, 10.3, 1.12, 0.44, 0.645], nu=1.5), 'k1__k1__constant_value': np.float64(0.664531818885989), 'k1__k1__constant_value_bounds': (0.001, 10000.0), 'k1__k2__length_scale': array([ 1.48186998,  1.42969051, 10.2643574 ,  1.1190112 ,  0.44020512,
        0.64524148]), 'k1__k2__length_scale_bounds': (0.010264357404246582, 10.264357404246581), 'k1__k2__nu': np.float64(1.5), 'k2__noise_level': np.float64(9.999999999999982e-09), 'k2__noise_level_bounds': (1e-08, np.float64(0.39874824648170804))}","[0.0, 0.0, 0.0, 0.02586883725175959, 0.35428322413918556, 0.7151203566041451]",1.9084921625910063,0.6885410145012621,"[{'type': 'noise_collapse', 'severity': 0.8, 'details': {'noise_level': 1e-08}}]",{'acq': 'EI'}
15,GP health,0.6877773285903453,-14.447391407238605,9.058099844481966e-05,34782.66738880559,1,0.8,['noise_collapse']
15,GP anomalies,Sum,"{'k1': 0.807**2 * Matern(length_scale=[1.55, 1.48, 10.3, 1.15, 0.459, 0.674], nu=1.5), 'k2': WhiteKernel(noise_level=1e-08), 'k1__k1': 0.807**2, 'k1__k2': Matern(length_scale=[1.55, 1.48, 10.3, 1.15, 0.459, 0.674], nu=1.5), 'k1__k1__constant_value': np.float64(0.6508583958589056), 'k1__k1__constant_value_bounds': (0.001, 10000.0), 'k1__k2__length_scale': array([ 1.5530689 ,  1.47904091, 10.26261673,  1.15080212,  0.45943968,
        0.67358061]), 'k1__k2__length_scale_bounds': (0.010262616725112804, 10.262616725112803), 'k1__k2__nu': np.float64(1.5), 'k2__noise_level': np.float64(9.999999999999982e-09), 'k2__noise_level_bounds': (1e-08, np.float64(0.4006530049408069))}",1,0.8,['noise_collapse']
15,6D ML Hyperparameters,EI,"0.807**2 * Matern(length_scale=[1.55, 1.48, 10.3, 1.15, 0.459, 0.674], nu=1.5) + WhiteKernel(noise_level=1e-08)","{'k1': 0.807**2 * Matern(length_scale=[1.55, 1.48, 10.3, 1.15, 0.459, 0.674], nu=1.5), 'k2': WhiteKernel(noise_level=1e-08), 'k1__k1': 0.807**2, 'k1__k2': Matern(length_scale=[1.55, 1.48, 10.3, 1.15, 0.459, 0.674], nu=1.5), 'k1__k1__constant_value': np.float64(0.6508583958589056), 'k1__k1__constant_value_bounds': (0.001, 10000.0), 'k1__k2__length_scale': array([ 1.5530689 ,  1.47904091, 10.26261673,  1.15080212,  0.45943968,
        0.67358061]), 'k1__k2__length_scale_bounds': (0.010262616725112804, 10.262616725112803), 'k1__k2__nu': np.float64(1.5), 'k2__noise_level': np.float64(9.999999999999982e-09), 'k2__noise_level_bounds': (1e-08, np.float64(0.4006530049408069))}","[0.0, 0.0, 0.0, 0.10369609124124897, 0.3597956462906542, 0.551915177638629]",1.9010547350796987,0.6877773285903453,"[{'type': 'noise_collapse', 'severity': 0.8, 'details': {'noise_level': 1e-08}}]",{'acq': 'EI'}
16,GP health,0.6884898947622332,-11.43742010173738,9.352922497573533e-05,38672.26852825398,1,0.8,['noise_collapse']
16,GP anomalies,Sum,"{'k1': 0.798**2 * Matern(length_scale=[1.61, 1.53, 10.2, 1.18, 0.471, 0.698], nu=1.5), 'k2': WhiteKernel(noise_level=1e-08), 'k1__k1': 0.798**2, 'k1__k2': Matern(length_scale=[1.61, 1.53, 10.2, 1.18, 0.471, 0.698], nu=1.5), 'k1__k1__constant_value': np.float64(0.6369550285729804), 'k1__k1__constant_value_bounds': (0.001, 10000.0), 'k1__k2__length_scale': array([ 1.60591587,  1.53274988, 10.24181235,  1.18151198,  0.47136736,
        0.69835658]), 'k1__k2__length_scale_bounds': (0.010241812351823039, 10.24181235182304), 'k1__k2__nu': np.float64(1.5), 'k2__noise_level': np.float64(9.999999999999982e-09), 'k2__noise_level_bounds': (1e-08, np.float64(0.40013096787685987))}",1,0.8,['noise_collapse']
16,6D ML Hyperparameters,EI,"0.798**2 * Matern(length_scale=[1.61, 1.53, 10.2, 1.18, 0.471, 0.698], nu=1.5) + WhiteKernel(noise_level=1e-08)","{'k1': 0.798**2 * Matern(length_scale=[1.61, 1.53, 10.2, 1.18, 0.471, 0.698], nu=1.5), 'k2': WhiteKernel(noise_level=1e-08), 'k1__k1': 0.798**2, 'k1__k2': Matern(length_scale=[1.61, 1.53, 10.2, 1.18, 0.471, 0.698], nu=1.5), 'k1__k1__constant_value': np.float64(0.6369550285729804), 'k1__k1__constant_value_bounds': (0.001, 10000.0), 'k1__k2__length_scale': array([ 1.60591587,  1.53274988, 10.24181235,  1.18151198,  0.47136736,
        0.69835658]), 'k1__k2__length_scale_bounds': (0.010241812351823039, 10.24181235182304), 'k1__k2__nu': np.float64(1.5), 'k2__noise_level': np.float64(9.999999999999982e-09), 'k2__noise_level_bounds': (1e-08, np.float64(0.40013096787685987))}","[0.008608117174709036, 0.0, 0.0993175746784353, 0.16291185365589217, 0.37258510891143337, 0.6176019990854426]",1.944572961425657,0.6884898947622332,"[{'type': 'noise_collapse', 'severity': 0.8, 'details': {'noise_level': 1e-08}}]",{'acq': 'EI'}
17,GP health,0.6775882563612479,-4.451345293666712,9.637409215168274e-05,117854.52163981684,1,0.8,['noise_collapse']
17,GP anomalies,Sum,"{'k1': 0.727**2 * Matern(length_scale=[1.34, 1.17, 10.2, 0.937, 0.366, 0.545], nu=2.5), 'k2': WhiteKernel(noise_level=1e-08), 'k1__k1': 0.727**2, 'k1__k2': Matern(length_scale=[1.34, 1.17, 10.2, 0.937, 0.366, 0.545], nu=2.5), 'k1__k1__constant_value': np.float64(0.5286326164752421), 'k1__k1__constant_value_bounds': (0.001, 10000.0), 'k1__k2__length_scale': array([ 1.33768917,  1.17183652, 10.19822535,  0.93662286,  0.36631265,
        0.5454563 ]), 'k1__k2__length_scale_bounds': (0.010198225349536596, 10.198225349536596), 'k1__k2__nu': np.float64(2.5), 'k2__noise_level': np.float64(9.999999999999982e-09), 'k2__noise_level_bounds': (1e-08, np.float64(0.39878508279584435))}",1,0.8,['noise_collapse']
17,6D ML Hyperparameters,EI,"0.727**2 * Matern(length_scale=[1.34, 1.17, 10.2, 0.937, 0.366, 0.545], nu=2.5) + WhiteKernel(noise_level=1e-08)","{'k1': 0.727**2 * Matern(length_scale=[1.34, 1.17, 10.2, 0.937, 0.366, 0.545], nu=2.5), 'k2': WhiteKernel(noise_level=1e-08), 'k1__k1': 0.727**2, 'k1__k2': Matern(length_scale=[1.34, 1.17, 10.2, 0.937, 0.366, 0.545], nu=2.5), 'k1__k1__constant_value': np.float64(0.5286326164752421), 'k1__k1__constant_value_bounds': (0.001, 10000.0), 'k1__k2__length_scale': array([ 1.33768917,  1.17183652, 10.19822535,  0.93662286,  0.36631265,
        0.5454563 ]), 'k1__k2__length_scale_bounds': (0.010198225349536596, 10.198225349536596), 'k1__k2__nu': np.float64(2.5), 'k2__noise_level': np.float64(9.999999999999982e-09), 'k2__noise_level_bounds': (1e-08, np.float64(0.39878508279584435))}","[0.0, 0.04873181115484877, 0.046658346379207336, 0.05281995383524788, 0.420972018888916, 0.5924064775398171]",1.9402261883785388,0.6775882563612479,"[{'type': 'noise_collapse', 'severity': 0.8, 'details': {'noise_level': 1e-08}}]",{'acq': 'EI'}
18,GP health,0.688654745680752,-4.618079181360216,9.888530431007846e-05,54397.55586399907,1,0.8,['noise_collapse']
18,GP anomalies,Sum,"{'k1': 0.796**2 * Matern(length_scale=[1.73, 1.66, 10.2, 1.26, 0.506, 0.747], nu=1.5), 'k2': WhiteKernel(noise_level=1e-08), 'k1__k1': 0.796**2, 'k1__k2': Matern(length_scale=[1.73, 1.66, 10.2, 1.26, 0.506, 0.747], nu=1.5), 'k1__k1__constant_value': np.float64(0.6328646935246868), 'k1__k1__constant_value_bounds': (0.001, 10000.0), 'k1__k2__length_scale': array([ 1.72708623,  1.65786535, 10.15957848,  1.25640209,  0.50629919,
        0.74743874]), 'k1__k2__length_scale_bounds': (0.010159578476942903, 10.159578476942903), 'k1__k2__nu': np.float64(1.5), 'k2__noise_level': np.float64(9.999999999999982e-09), 'k2__noise_level_bounds': (1e-08, np.float64(0.3957616120058378))}",1,0.8,['noise_collapse']
18,6D ML Hyperparameters,EI,"0.796**2 * Matern(length_scale=[1.73, 1.66, 10.2, 1.26, 0.506, 0.747], nu=1.5) + WhiteKernel(noise_level=1e-08)","{'k1': 0.796**2 * Matern(length_scale=[1.73, 1.66, 10.2, 1.26, 0.506, 0.747], nu=1.5), 'k2': WhiteKernel(noise_level=1e-08), 'k1__k1': 0.796**2, 'k1__k2': Matern(length_scale=[1.73, 1.66, 10.2, 1.26, 0.506, 0.747], nu=1.5), 'k1__k1__constant_value': np.float64(0.6328646935246868), 'k1__k1__constant_value_bounds': (0.001, 10000.0), 'k1__k2__length_scale': array([ 1.72708623,  1.65786535, 10.15957848,  1.25640209,  0.50629919,
        0.74743874]), 'k1__k2__length_scale_bounds': (0.010159578476942903, 10.159578476942903), 'k1__k2__nu': np.float64(1.5), 'k2__noise_level': np.float64(9.999999999999982e-09), 'k2__noise_level_bounds': (1e-08, np.float64(0.3957616120058378))}","[0.0, 0.0, 0.0, 0.0, 0.37433896872463945, 0.6610909791601541]",1.9704247105985142,0.688654745680752,"[{'type': 'noise_collapse', 'severity': 0.8, 'details': {'noise_level': 1e-08}}]",{'acq': 'EI'}
19,GP health,0.6601927507627784,4.534541318328628,0.00010127222925653162,624188.5158851211,1,0.8,['noise_collapse']
19,GP anomalies,Sum,"{'k1': 0.729**2 * Matern(length_scale=[1.43, 1.23, 10.1, 0.982, 0.387, 0.577], nu=2.5), 'k2': WhiteKernel(noise_level=1e-08), 'k1__k1': 0.729**2, 'k1__k2': Matern(length_scale=[1.43, 1.23, 10.1, 0.982, 0.387, 0.577], nu=2.5), 'k1__k1__constant_value': np.float64(0.5307882986210103), 'k1__k1__constant_value_bounds': (0.001, 10000.0), 'k1__k2__length_scale': array([ 1.4332313 ,  1.22788589, 10.13701343,  0.98160656,  0.38658846,
        0.57684761]), 'k1__k2__length_scale_bounds': (0.010137013426979067, 10.137013426979067), 'k1__k2__nu': np.float64(2.5), 'k2__noise_level': np.float64(9.999999999999982e-09), 'k2__noise_level_bounds': (1e-08, np.float64(0.3920279272970478))}",1,0.8,['noise_collapse']
19,6D ML Hyperparameters,EI,"0.729**2 * Matern(length_scale=[1.43, 1.23, 10.1, 0.982, 0.387, 0.577], nu=2.5) + WhiteKernel(noise_level=1e-08)","{'k1': 0.729**2 * Matern(length_scale=[1.43, 1.23, 10.1, 0.982, 0.387, 0.577], nu=2.5), 'k2': WhiteKernel(noise_level=1e-08), 'k1__k1': 0.729**2, 'k1__k2': Matern(length_scale=[1.43, 1.23, 10.1, 0.982, 0.387, 0.577], nu=2.5), 'k1__k1__constant_value': np.float64(0.5307882986210103), 'k1__k1__constant_value_bounds': (0.001, 10000.0), 'k1__k2__length_scale': array([ 1.4332313 ,  1.22788589, 10.13701343,  0.98160656,  0.38658846,
        0.57684761]), 'k1__k2__length_scale_bounds': (0.010137013426979067, 10.137013426979067), 'k1__k2__nu': np.float64(2.5), 'k2__noise_level': np.float64(9.999999999999982e-09), 'k2__noise_level_bounds': (1e-08, np.float64(0.3920279272970478))}","[0.0, 0.0, 0.0, 0.03448361255024879, 0.3689963647468324, 0.6167238970681433]",1.9790106323369776,0.6601927507627784,"[{'type': 'noise_collapse', 'severity': 0.8, 'details': {'noise_level': 1e-08}}]",{'acq': 'EI'}
20,GP health,0.6609309796344496,9.63736345625447,0.00010344967322980234,772347.2651990041,1,0.8,['noise_collapse']
20,GP anomalies,Sum,"{'k1': 0.731**2 * Matern(length_scale=[1.47, 1.26, 10.1, 1.02, 0.394, 0.588], nu=2.5), 'k2': WhiteKernel(noise_level=1e-08), 'k1__k1': 0.731**2, 'k1__k2': Matern(length_scale=[1.47, 1.26, 10.1, 1.02, 0.394, 0.588], nu=2.5), 'k1__k1__constant_value': np.float64(0.5349105017095949), 'k1__k1__constant_value_bounds': (0.001, 10000.0), 'k1__k2__length_scale': array([ 1.46977188,  1.26431582, 10.10462487,  1.01887773,  0.39386927,
        0.58841732]), 'k1__k2__length_scale_bounds': (0.010104624874208332, 10.104624874208332), 'k1__k2__nu': np.float64(2.5), 'k2__noise_level': np.float64(9.999999999999982e-09), 'k2__noise_level_bounds': (1e-08, np.float64(0.38732913005513675))}",1,0.8,['noise_collapse']
20,6D ML Hyperparameters,EI,"0.731**2 * Matern(length_scale=[1.47, 1.26, 10.1, 1.02, 0.394, 0.588], nu=2.5) + WhiteKernel(noise_level=1e-08)","{'k1': 0.731**2 * Matern(length_scale=[1.47, 1.26, 10.1, 1.02, 0.394, 0.588], nu=2.5), 'k2': WhiteKernel(noise_level=1e-08), 'k1__k1': 0.731**2, 'k1__k2': Matern(length_scale=[1.47, 1.26, 10.1, 1.02, 0.394, 0.588], nu=2.5), 'k1__k1__constant_value': np.float64(0.5349105017095949), 'k1__k1__constant_value_bounds': (0.001, 10000.0), 'k1__k2__length_scale': array([ 1.46977188,  1.26431582, 10.10462487,  1.01887773,  0.39386927,
        0.58841732]), 'k1__k2__length_scale_bounds': (0.010104624874208332, 10.104624874208332), 'k1__k2__nu': np.float64(2.5), 'k2__noise_level': np.float64(9.999999999999982e-09), 'k2__noise_level_bounds': (1e-08, np.float64(0.38732913005513675))}","[0.1963855524078506, 0.05327990536639665, 0.07368869239515966, 0.0, 0.3870869825268081, 0.627483841795301]",1.8185090155755104,0.6609309796344496,"[{'type': 'noise_collapse', 'severity': 0.8, 'details': {'noise_level': 1e-08}}]",{'acq': 'EI'}
21,GP health,0.6759014883930461,6.004738234010503,0.00010475421515948656,227550.94242672654,1,0.8,['noise_collapse']
21,GP anomalies,Sum,"{'k1': 0.81**2 * Matern(length_scale=[2.04, 1.8, 10, 1.39, 0.546, 0.821], nu=1.5), 'k2': WhiteKernel(noise_level=1e-08), 'k1__k1': 0.81**2, 'k1__k2': Matern(length_scale=[2.04, 1.8, 10, 1.39, 0.546, 0.821], nu=1.5), 'k1__k1__constant_value': np.float64(0.6563824166827622), 'k1__k1__constant_value_bounds': (0.001, 10000.0), 'k1__k2__length_scale': array([ 2.04075811,  1.80224582, 10.04966013,  1.3940356 ,  0.54587272,
        0.82084901]), 'k1__k2__length_scale_bounds': (0.0100496601295749, 10.0496601295749), 'k1__k2__nu': np.float64(1.5), 'k2__noise_level': np.float64(9.999999999999982e-09), 'k2__noise_level_bounds': (1e-08, np.float64(0.37935364492013013))}",1,0.8,['noise_collapse']
21,6D ML Hyperparameters,EI,"0.81**2 * Matern(length_scale=[2.04, 1.8, 10, 1.39, 0.546, 0.821], nu=1.5) + WhiteKernel(noise_level=1e-08)","{'k1': 0.81**2 * Matern(length_scale=[2.04, 1.8, 10, 1.39, 0.546, 0.821], nu=1.5), 'k2': WhiteKernel(noise_level=1e-08), 'k1__k1': 0.81**2, 'k1__k2': Matern(length_scale=[2.04, 1.8, 10, 1.39, 0.546, 0.821], nu=1.5), 'k1__k1__constant_value': np.float64(0.6563824166827622), 'k1__k1__constant_value_bounds': (0.001, 10000.0), 'k1__k2__length_scale': array([ 2.04075811,  1.80224582, 10.04966013,  1.3940356 ,  0.54587272,
        0.82084901]), 'k1__k2__length_scale_bounds': (0.0100496601295749, 10.0496601295749), 'k1__k2__nu': np.float64(1.5), 'k2__noise_level': np.float64(9.999999999999982e-09), 'k2__noise_level_bounds': (1e-08, np.float64(0.37935364492013013))}","[0.0, 0.0, 0.0, 0.09618375576582164, 0.3567785224536747, 0.6249629498614147]",1.9681246134307,0.6759014883930461,"[{'type': 'noise_collapse', 'severity': 0.8, 'details': {'noise_level': 1e-08}}]",{'acq': 'EI'}
22,GP health,0.6547650540024205,16.79663245795377,0.00010650237492221028,1710519.8486347704,1,0.8,['noise_collapse']
22,GP anomalies,Sum,"{'k1': 0.743**2 * Matern(length_scale=[1.6, 1.32, 10, 1.06, 0.409, 0.611], nu=2.5), 'k2': WhiteKernel(noise_level=1e-08), 'k1__k1': 0.743**2, 'k1__k2': Matern(length_scale=[1.6, 1.32, 10, 1.06, 0.409, 0.611], nu=2.5), 'k1__k1__constant_value': np.float64(0.552127246810886), 'k1__k1__constant_value_bounds': (0.001, 10000.0), 'k1__k2__length_scale': array([ 1.60217851,  1.31755789, 10.00784053,  1.06235996,  0.40937955,
        0.61091599]), 'k1__k2__length_scale_bounds': (0.010007840526464156, 10.007840526464156), 'k1__k2__nu': np.float64(2.5), 'k2__noise_level': np.float64(9.999999999999982e-09), 'k2__noise_level_bounds': (1e-08, np.float64(0.3730432383319981))}",1,0.8,['noise_collapse']
22,6D ML Hyperparameters,EI,"0.743**2 * Matern(length_scale=[1.6, 1.32, 10, 1.06, 0.409, 0.611], nu=2.5) + WhiteKernel(noise_level=1e-08)","{'k1': 0.743**2 * Matern(length_scale=[1.6, 1.32, 10, 1.06, 0.409, 0.611], nu=2.5), 'k2': WhiteKernel(noise_level=1e-08), 'k1__k1': 0.743**2, 'k1__k2': Matern(length_scale=[1.6, 1.32, 10, 1.06, 0.409, 0.611], nu=2.5), 'k1__k1__constant_value': np.float64(0.552127246810886), 'k1__k1__constant_value_bounds': (0.001, 10000.0), 'k1__k2__length_scale': array([ 1.60217851,  1.31755789, 10.00784053,  1.06235996,  0.40937955,
        0.61091599]), 'k1__k2__length_scale_bounds': (0.010007840526464156, 10.007840526464156), 'k1__k2__nu': np.float64(2.5), 'k2__noise_level': np.float64(9.999999999999982e-09), 'k2__noise_level_bounds': (1e-08, np.float64(0.3730432383319981))}","[0.0, 0.296825054096478, 0.017810842104872934, 0.0, 0.40596933014753384, 0.5877538520329906]",1.8296511086063436,0.6547650540024205,"[{'type': 'noise_collapse', 'severity': 0.8, 'details': {'noise_level': 1e-08}}]",{'acq': 'EI'}
23,GP health,0.6508713664256258,19.41241312454453,0.00010756734322133011,2560376.0653409516,1,0.8,['noise_collapse']
23,GP anomalies,Sum,"{'k1': 0.752**2 * Matern(length_scale=[1.64, 1.37, 9.96, 1.08, 0.416, 0.622], nu=2.5), 'k2': WhiteKernel(noise_level=1e-08), 'k1__k1': 0.752**2, 'k1__k2': Matern(length_scale=[1.64, 1.37, 9.96, 1.08, 0.416, 0.622], nu=2.5), 'k1__k1__constant_value': np.float64(0.5656224410944287), 'k1__k1__constant_value_bounds': (0.001, 10000.0), 'k1__k2__length_scale': array([1.63644834, 1.36889086, 9.96100681, 1.08360973, 0.41644473,
       0.62167965]), 'k1__k2__length_scale_bounds': (0.009961006805297967, 9.961006805297966), 'k1__k2__nu': np.float64(2.5), 'k2__noise_level': np.float64(9.999999999999982e-09), 'k2__noise_level_bounds': (1e-08, np.float64(0.364422154374962))}",1,0.8,['noise_collapse']
23,6D ML Hyperparameters,EI,"0.752**2 * Matern(length_scale=[1.64, 1.37, 9.96, 1.08, 0.416, 0.622], nu=2.5) + WhiteKernel(noise_level=1e-08)","{'k1': 0.752**2 * Matern(length_scale=[1.64, 1.37, 9.96, 1.08, 0.416, 0.622], nu=2.5), 'k2': WhiteKernel(noise_level=1e-08), 'k1__k1': 0.752**2, 'k1__k2': Matern(length_scale=[1.64, 1.37, 9.96, 1.08, 0.416, 0.622], nu=2.5), 'k1__k1__constant_value': np.float64(0.5656224410944287), 'k1__k1__constant_value_bounds': (0.001, 10000.0), 'k1__k2__length_scale': array([1.63644834, 1.36889086, 9.96100681, 1.08360973, 0.41644473,
       0.62167965]), 'k1__k2__length_scale_bounds': (0.009961006805297967, 9.961006805297966), 'k1__k2__nu': np.float64(2.5), 'k2__noise_level': np.float64(9.999999999999982e-09), 'k2__noise_level_bounds': (1e-08, np.float64(0.364422154374962))}","[0.0, 0.13393671092922546, 0.0, 0.0, 0.40185793934630654, 0.6438656069749055]",1.9455318172958982,0.6508713664256258,"[{'type': 'noise_collapse', 'severity': 0.8, 'details': {'noise_level': 1e-08}}]",{'acq': 'EI'}
24,GP health,0.6464228797212976,23.413542862050214,0.00010893018164619014,4273114.512791375,1,0.8,['noise_collapse']
24,GP anomalies,Sum,"{'k1': 0.76**2 * Matern(length_scale=[1.67, 1.41, 9.91, 1.11, 0.424, 0.634], nu=2.5), 'k2': WhiteKernel(noise_level=1e-08), 'k1__k1': 0.76**2, 'k1__k2': Matern(length_scale=[1.67, 1.41, 9.91, 1.11, 0.424, 0.634], nu=2.5), 'k1__k1__constant_value': np.float64(0.5781484695757859), 'k1__k1__constant_value_bounds': (0.001, 10000.0), 'k1__k2__length_scale': array([1.67274122, 1.41179628, 9.91458172, 1.10929482, 0.42409325,
       0.63407597]), 'k1__k2__length_scale_bounds': (0.00991458171771818, 9.91458171771818), 'k1__k2__nu': np.float64(2.5), 'k2__noise_level': np.float64(9.999999999999982e-09), 'k2__noise_level_bounds': (1e-08, np.float64(0.356942152566374))}",1,0.8,['noise_collapse']
24,6D ML Hyperparameters,EI,"0.76**2 * Matern(length_scale=[1.67, 1.41, 9.91, 1.11, 0.424, 0.634], nu=2.5) + WhiteKernel(noise_level=1e-08)","{'k1': 0.76**2 * Matern(length_scale=[1.67, 1.41, 9.91, 1.11, 0.424, 0.634], nu=2.5), 'k2': WhiteKernel(noise_level=1e-08), 'k1__k1': 0.76**2, 'k1__k2': Matern(length_scale=[1.67, 1.41, 9.91, 1.11, 0.424, 0.634], nu=2.5), 'k1__k1__constant_value': np.float64(0.5781484695757859), 'k1__k1__constant_value_bounds': (0.001, 10000.0), 'k1__k2__length_scale': array([1.67274122, 1.41179628, 9.91458172, 1.10929482, 0.42409325,
       0.63407597]), 'k1__k2__length_scale_bounds': (0.00991458171771818, 9.91458171771818), 'k1__k2__nu': np.float64(2.5), 'k2__noise_level': np.float64(9.999999999999982e-09), 'k2__noise_level_bounds': (1e-08, np.float64(0.356942152566374))}","[0.0, 0.0, 0.0, 0.09943584832031326, 0.3900088437715857, 0.6997428699613953]",1.9398786107372148,0.6464228797212976,"[{'type': 'noise_collapse', 'severity': 0.8, 'details': {'noise_level': 1e-08}}]",{'acq': 'EI'}
25,GP health,0.6464595357737735,27.102428382323808,0.00011014121333810502,5144247.33303637,1,0.8,['noise_collapse']
25,GP anomalies,Sum,"{'k1': 0.768**2 * Matern(length_scale=[1.71, 1.43, 9.87, 1.13, 0.432, 0.649], nu=2.5), 'k2': WhiteKernel(noise_level=1e-08), 'k1__k1': 0.768**2, 'k1__k2': Matern(length_scale=[1.71, 1.43, 9.87, 1.13, 0.432, 0.649], nu=2.5), 'k1__k1__constant_value': np.float64(0.5893777053536653), 'k1__k1__constant_value_bounds': (0.001, 10000.0), 'k1__k2__length_scale': array([1.70940303, 1.43448477, 9.87031639, 1.13155545, 0.43173235,
       0.64917449]), 'k1__k2__length_scale_bounds': (0.009870316389057446, 9.870316389057447), 'k1__k2__nu': np.float64(2.5), 'k2__noise_level': np.float64(9.999999999999982e-09), 'k2__noise_level_bounds': (1e-08, np.float64(0.3490791709782576))}",1,0.8,['noise_collapse']
25,6D ML Hyperparameters,EI,"0.768**2 * Matern(length_scale=[1.71, 1.43, 9.87, 1.13, 0.432, 0.649], nu=2.5) + WhiteKernel(noise_level=1e-08)","{'k1': 0.768**2 * Matern(length_scale=[1.71, 1.43, 9.87, 1.13, 0.432, 0.649], nu=2.5), 'k2': WhiteKernel(noise_level=1e-08), 'k1__k1': 0.768**2, 'k1__k2': Matern(length_scale=[1.71, 1.43, 9.87, 1.13, 0.432, 0.649], nu=2.5), 'k1__k1__constant_value': np.float64(0.5893777053536653), 'k1__k1__constant_value_bounds': (0.001, 10000.0), 'k1__k2__length_scale': array([1.70940303, 1.43448477, 9.87031639, 1.13155545, 0.43173235,
       0.64917449]), 'k1__k2__length_scale_bounds': (0.009870316389057446, 9.870316389057447), 'k1__k2__nu': np.float64(2.5), 'k2__noise_level': np.float64(9.999999999999982e-09), 'k2__noise_level_bounds': (1e-08, np.float64(0.3490791709782576))}","[0.0, 0.0, 0.0, 0.11771401102651842, 0.03476861757390093, 0.9358848684950607]",0.7623693201237958,0.6464595357737735,"[{'type': 'noise_collapse', 'severity': 0.8, 'details': {'noise_level': 1e-08}}]",{'acq': 'EI'}
26,GP health,0.6461739739557909,26.878785350979314,0.00010924945273304158,5187466.383806882,1,0.8,['noise_collapse']
26,GP anomalies,Sum,"{'k1': 0.769**2 * Matern(length_scale=[1.73, 1.43, 9.88, 1.13, 0.432, 0.65], nu=2.5), 'k2': WhiteKernel(noise_level=1e-08), 'k1__k1': 0.769**2, 'k1__k2': Matern(length_scale=[1.73, 1.43, 9.88, 1.13, 0.432, 0.65], nu=2.5), 'k1__k1__constant_value': np.float64(0.5907036146414892), 'k1__k1__constant_value_bounds': (0.001, 10000.0), 'k1__k2__length_scale': array([1.72619604, 1.43239473, 9.88334822, 1.12839633, 0.4321167 ,
       0.65028404]), 'k1__k2__length_scale_bounds': (0.009883348221147427, 9.883348221147427), 'k1__k2__nu': np.float64(2.5), 'k2__noise_level': np.float64(9.999999999999982e-09), 'k2__noise_level_bounds': (1e-08, np.float64(0.334901215545291))}",1,0.8,['noise_collapse']
26,6D ML Hyperparameters,EI,"0.769**2 * Matern(length_scale=[1.73, 1.43, 9.88, 1.13, 0.432, 0.65], nu=2.5) + WhiteKernel(noise_level=1e-08)","{'k1': 0.769**2 * Matern(length_scale=[1.73, 1.43, 9.88, 1.13, 0.432, 0.65], nu=2.5), 'k2': WhiteKernel(noise_level=1e-08), 'k1__k1': 0.769**2, 'k1__k2': Matern(length_scale=[1.73, 1.43, 9.88, 1.13, 0.432, 0.65], nu=2.5), 'k1__k1__constant_value': np.float64(0.5907036146414892), 'k1__k1__constant_value_bounds': (0.001, 10000.0), 'k1__k2__length_scale': array([1.72619604, 1.43239473, 9.88334822, 1.12839633, 0.4321167 ,
       0.65028404]), 'k1__k2__length_scale_bounds': (0.009883348221147427, 9.883348221147427), 'k1__k2__nu': np.float64(2.5), 'k2__noise_level': np.float64(9.999999999999982e-09), 'k2__noise_level_bounds': (1e-08, np.float64(0.334901215545291))}","[0.0, 0.0, 0.3366506275730661, 0.0591536000867874, 0.4023951573751677, 0.640718457069721]",1.9646042806134918,0.6461739739557909,"[{'type': 'noise_collapse', 'severity': 0.8, 'details': {'noise_level': 1e-08}}]",{'acq': 'EI'}
27,GP health,0.6442486055157045,31.417245757631072,0.000110432406602202,7458962.799868551,1,0.8,['noise_collapse']
27,GP anomalies,Sum,"{'k1': 0.767**2 * Matern(length_scale=[1.74, 1.45, 9.83, 1.14, 0.437, 0.657], nu=2.5), 'k2': WhiteKernel(noise_level=1e-08), 'k1__k1': 0.767**2, 'k1__k2': Matern(length_scale=[1.74, 1.45, 9.83, 1.14, 0.437, 0.657], nu=2.5), 'k1__k1__constant_value': np.float64(0.5883116718615353), 'k1__k1__constant_value_bounds': (0.001, 10000.0), 'k1__k2__length_scale': array([1.7406477 , 1.44864143, 9.83066642, 1.14179174, 0.43707527,
       0.6566685 ]), 'k1__k2__length_scale_bounds': (0.009830666421511602, 9.830666421511602), 'k1__k2__nu': np.float64(2.5), 'k2__noise_level': np.float64(9.999999999999982e-09), 'k2__noise_level_bounds': (1e-08, np.float64(0.32743133783110373))}",1,0.8,['noise_collapse']
27,6D ML Hyperparameters,EI,"0.767**2 * Matern(length_scale=[1.74, 1.45, 9.83, 1.14, 0.437, 0.657], nu=2.5) + WhiteKernel(noise_level=1e-08)","{'k1': 0.767**2 * Matern(length_scale=[1.74, 1.45, 9.83, 1.14, 0.437, 0.657], nu=2.5), 'k2': WhiteKernel(noise_level=1e-08), 'k1__k1': 0.767**2, 'k1__k2': Matern(length_scale=[1.74, 1.45, 9.83, 1.14, 0.437, 0.657], nu=2.5), 'k1__k1__constant_value': np.float64(0.5883116718615353), 'k1__k1__constant_value_bounds': (0.001, 10000.0), 'k1__k2__length_scale': array([1.7406477 , 1.44864143, 9.83066642, 1.14179174, 0.43707527,
       0.6566685 ]), 'k1__k2__length_scale_bounds': (0.009830666421511602, 9.830666421511602), 'k1__k2__nu': np.float64(2.5), 'k2__noise_level': np.float64(9.999999999999982e-09), 'k2__noise_level_bounds': (1e-08, np.float64(0.32743133783110373))}","[0.0, 0.01402267021613739, 0.12680555333575563, 0.0, 0.6100601423584269, 0.025166200772845704]",0.46316992407062413,0.6442486055157045,"[{'type': 'noise_collapse', 'severity': 0.8, 'details': {'noise_level': 1e-08}}]",{'acq': 'EI'}
28,GP health,0.6441404740383603,31.222702438998027,0.00010971423222982643,7441444.346369614,1,0.8,['noise_collapse']
28,GP anomalies,Sum,"{'k1': 0.763**2 * Matern(length_scale=[1.74, 1.45, 9.85, 1.14, 0.436, 0.657], nu=2.5), 'k2': WhiteKernel(noise_level=1e-08), 'k1__k1': 0.763**2, 'k1__k2': Matern(length_scale=[1.74, 1.45, 9.85, 1.14, 0.436, 0.657], nu=2.5), 'k1__k1__constant_value': np.float64(0.5826920525755982), 'k1__k1__constant_value_bounds': (0.001, 10000.0), 'k1__k2__length_scale': array([1.73816501, 1.44550937, 9.84961391, 1.13718304, 0.43578773,
       0.65669903]), 'k1__k2__length_scale_bounds': (0.00984961391069518, 9.849613910695181), 'k1__k2__nu': np.float64(2.5), 'k2__noise_level': np.float64(9.999999999999982e-09), 'k2__noise_level_bounds': (1e-08, np.float64(0.31463717957083803))}",1,0.8,['noise_collapse']
28,6D ML Hyperparameters,EI,"0.763**2 * Matern(length_scale=[1.74, 1.45, 9.85, 1.14, 0.436, 0.657], nu=2.5) + WhiteKernel(noise_level=1e-08)","{'k1': 0.763**2 * Matern(length_scale=[1.74, 1.45, 9.85, 1.14, 0.436, 0.657], nu=2.5), 'k2': WhiteKernel(noise_level=1e-08), 'k1__k1': 0.763**2, 'k1__k2': Matern(length_scale=[1.74, 1.45, 9.85, 1.14, 0.436, 0.657], nu=2.5), 'k1__k1__constant_value': np.float64(0.5826920525755982), 'k1__k1__constant_value_bounds': (0.001, 10000.0), 'k1__k2__length_scale': array([1.73816501, 1.44550937, 9.84961391, 1.13718304, 0.43578773,
       0.65669903]), 'k1__k2__length_scale_bounds': (0.00984961391069518, 9.849613910695181), 'k1__k2__nu': np.float64(2.5), 'k2__noise_level': np.float64(9.999999999999982e-09), 'k2__noise_level_bounds': (1e-08, np.float64(0.31463717957083803))}","[0.0, 0.0, 0.0, 0.07208120516381106, 0.4080470476545659, 0.6438992692170181]",1.9727397166217906,0.6441404740383603,"[{'type': 'noise_collapse', 'severity': 0.8, 'details': {'noise_level': 1e-08}}]",{'acq': 'EI'}
29,GP health,0.6441119453266202,36.2730775395242,0.0001108309006403725,9615150.08059777,1,0.8,['noise_collapse']
29,GP anomalies,Sum,"{'k1': 0.767**2 * Matern(length_scale=[1.76, 1.46, 9.8, 1.15, 0.442, 0.667], nu=2.5), 'k2': WhiteKernel(noise_level=1e-08), 'k1__k1': 0.767**2, 'k1__k2': Matern(length_scale=[1.76, 1.46, 9.8, 1.15, 0.442, 0.667], nu=2.5), 'k1__k1__constant_value': np.float64(0.5878574846120689), 'k1__k1__constant_value_bounds': (0.001, 10000.0), 'k1__k2__length_scale': array([1.76361596, 1.46229902, 9.79942192, 1.15466436, 0.44240606,
       0.66739646]), 'k1__k2__length_scale_bounds': (0.009799421922376475, 9.799421922376474), 'k1__k2__nu': np.float64(2.5), 'k2__noise_level': np.float64(9.999999999999982e-09), 'k2__noise_level_bounds': (1e-08, np.float64(0.3074218314328116))}",1,0.8,['noise_collapse']
29,6D ML Hyperparameters,EI,"0.767**2 * Matern(length_scale=[1.76, 1.46, 9.8, 1.15, 0.442, 0.667], nu=2.5) + WhiteKernel(noise_level=1e-08)","{'k1': 0.767**2 * Matern(length_scale=[1.76, 1.46, 9.8, 1.15, 0.442, 0.667], nu=2.5), 'k2': WhiteKernel(noise_level=1e-08), 'k1__k1': 0.767**2, 'k1__k2': Matern(length_scale=[1.76, 1.46, 9.8, 1.15, 0.442, 0.667], nu=2.5), 'k1__k1__constant_value': np.float64(0.5878574846120689), 'k1__k1__constant_value_bounds': (0.001, 10000.0), 'k1__k2__length_scale': array([1.76361596, 1.46229902, 9.79942192, 1.15466436, 0.44240606,
       0.66739646]), 'k1__k2__length_scale_bounds': (0.009799421922376475, 9.799421922376474), 'k1__k2__nu': np.float64(2.5), 'k2__noise_level': np.float64(9.999999999999982e-09), 'k2__noise_level_bounds': (1e-08, np.float64(0.3074218314328116))}","[0.0, 0.012934941633374315, 0.0, 0.0, 0.7291599846527257, 1.0]",0.44302894119412883,0.6441119453266202,"[{'type': 'noise_collapse', 'severity': 0.8, 'details': {'noise_level': 1e-08}}]",{'acq': 'EI'}
30,GP health,0.6441061928485594,36.17100990135758,0.00011016205959968179,9569998.060301367,1,0.8,['noise_collapse']
30,GP anomalies,Sum,"{'k1': 0.762**2 * Matern(length_scale=[1.75, 1.45, 9.81, 1.15, 0.442, 0.667], nu=2.5), 'k2': WhiteKernel(noise_level=1e-08), 'k1__k1': 0.762**2, 'k1__k2': Matern(length_scale=[1.75, 1.45, 9.81, 1.15, 0.442, 0.667], nu=2.5), 'k1__k1__constant_value': np.float64(0.5801390469445951), 'k1__k1__constant_value_bounds': (0.001, 10000.0), 'k1__k2__length_scale': array([1.74788264, 1.45477137, 9.81121798, 1.15005354, 0.44163598,
       0.66693761]), 'k1__k2__length_scale_bounds': (0.009811217983834334, 9.811217983834334), 'k1__k2__nu': np.float64(2.5), 'k2__noise_level': np.float64(9.999999999999982e-09), 'k2__noise_level_bounds': (1e-08, np.float64(0.29554883173628826))}",1,0.8,['noise_collapse']
30,6D ML Hyperparameters,EI,"0.762**2 * Matern(length_scale=[1.75, 1.45, 9.81, 1.15, 0.442, 0.667], nu=2.5) + WhiteKernel(noise_level=1e-08)","{'k1': 0.762**2 * Matern(length_scale=[1.75, 1.45, 9.81, 1.15, 0.442, 0.667], nu=2.5), 'k2': WhiteKernel(noise_level=1e-08), 'k1__k1': 0.762**2, 'k1__k2': Matern(length_scale=[1.75, 1.45, 9.81, 1.15, 0.442, 0.667], nu=2.5), 'k1__k1__constant_value': np.float64(0.5801390469445951), 'k1__k1__constant_value_bounds': (0.001, 10000.0), 'k1__k2__length_scale': array([1.74788264, 1.45477137, 9.81121798, 1.15005354, 0.44163598,
       0.66693761]), 'k1__k2__length_scale_bounds': (0.009811217983834334, 9.811217983834334), 'k1__k2__nu': np.float64(2.5), 'k2__noise_level': np.float64(9.999999999999982e-09), 'k2__noise_level_bounds': (1e-08, np.float64(0.29554883173628826))}","[0.0, 0.0, 0.0, 0.38266042313982246, 0.2604532307462961, 0.7036926487928564]",1.5219506649158574,0.6441061928485594,"[{'type': 'noise_collapse', 'severity': 0.8, 'details': {'noise_level': 1e-08}}]",{'acq': 'EI'}
