1,GP health,0.7700531430715364,-26.881524677513223,7.67942638176224e-09,62.68843075818901,2,0.6499999999999999,"['overconfidence', 'heteroscedasticity']"
1,GP anomalies,Product,"{'k1': 1.07**2, 'k2': Matern(length_scale=[0.0249, 5.74e+05], nu=2), 'k1__constant_value': np.float64(1.1490992143569032), 'k1__constant_value_bounds': (0.001, 1000.0), 'k2__length_scale': array([2.49059305e-02, 5.74485164e+05]), 'k2__length_scale_bounds': (0.01, 1000000.0), 'k2__nu': np.float64(2.0)}",2,0.6499999999999999,"['overconfidence', 'heteroscedasticity']"
1,2D Contamination,UCB,"1.07**2 * Matern(length_scale=[0.0249, 5.74e+05], nu=2)","{'k1': 1.07**2, 'k2': Matern(length_scale=[0.0249, 5.74e+05], nu=2), 'k1__constant_value': np.float64(1.1490992143569032), 'k1__constant_value_bounds': (0.001, 1000.0), 'k2__length_scale': array([2.49059305e-02, 5.74485164e+05]), 'k2__length_scale_bounds': (0.01, 1000000.0), 'k2__nu': np.float64(2.0)}","[0.25464065476376385, 0.01755236336662891]",-0.00013974793293554193,0.7700531430715364,"[{'type': 'overconfidence', 'severity': 0.7, 'details': {'avg_sigma': 7.67942638176224e-09}}, {'type': 'heteroscedasticity', 'severity': 0.6, 'details': {'corr_residuals': np.float64(-0.9313319873282906)}}]",
2,GP health,0.7812905923300966,-29.262032329663562,7.50315764522208e-09,25.559042005219673,2,0.6499999999999999,"['overconfidence', 'heteroscedasticity']"
2,GP anomalies,Product,"{'k1': 1.05**2, 'k2': Matern(length_scale=[0.0241, 5.74e+05], nu=1), 'k1__constant_value': np.float64(1.1053792201484085), 'k1__constant_value_bounds': (0.001, 1000.0), 'k2__length_scale': array([2.40948400e-02, 5.74485164e+05]), 'k2__length_scale_bounds': (0.01, 1000000.0), 'k2__nu': np.float64(1.0)}",2,0.6499999999999999,"['overconfidence', 'heteroscedasticity']"
2,2D Contamination,UCB,"1.05**2 * Matern(length_scale=[0.0241, 5.74e+05], nu=1)","{'k1': 1.05**2, 'k2': Matern(length_scale=[0.0241, 5.74e+05], nu=1), 'k1__constant_value': np.float64(1.1053792201484085), 'k1__constant_value_bounds': (0.001, 1000.0), 'k2__length_scale': array([2.40948400e-02, 5.74485164e+05]), 'k2__length_scale_bounds': (0.01, 1000000.0), 'k2__nu': np.float64(1.0)}","[0.7896181427945539, 0.023352096328185912]",-0.0001342645754521548,0.7812905923300966,"[{'type': 'overconfidence', 'severity': 0.7, 'details': {'avg_sigma': 7.50315764522208e-09}}, {'type': 'heteroscedasticity', 'severity': 0.6, 'details': {'corr_residuals': np.float64(-0.948957806552374)}}]",
3,GP health,0.6981081360728904,-21.31869726563473,7.338607135228727e-09,11992.055909145809,1,0.7,['overconfidence']
3,GP anomalies,Product,"{'k1': 1.26**2, 'k2': Matern(length_scale=[1e+06, 0.0618], nu=1), 'k1__constant_value': np.float64(1.5893688514172897), 'k1__constant_value_bounds': (0.001, 1000.0), 'k2__length_scale': array([1.00000000e+06, 6.17830423e-02]), 'k2__length_scale_bounds': (0.01, 1000000.0), 'k2__nu': np.float64(1.0)}",1,0.7,['overconfidence']
3,2D Contamination,UCB,"1.26**2 * Matern(length_scale=[1e+06, 0.0618], nu=1)","{'k1': 1.26**2, 'k2': Matern(length_scale=[1e+06, 0.0618], nu=1), 'k1__constant_value': np.float64(1.5893688514172897), 'k1__constant_value_bounds': (0.001, 1000.0), 'k2__length_scale': array([1.00000000e+06, 6.17830423e-02]), 'k2__length_scale_bounds': (0.01, 1000000.0), 'k2__nu': np.float64(1.0)}","[0.7513750860290457, 0.49253538071428926]",-4.978735659559393e-05,0.6981081360728904,"[{'type': 'overconfidence', 'severity': 0.7, 'details': {'avg_sigma': 7.338607135228727e-09}}]",
4,GP health,0.6977907010343976,-22.87715781556005,7.188018012288906e-09,11318.167586561161,1,0.7,['overconfidence']
4,GP anomalies,Product,"{'k1': 1.25**2, 'k2': Matern(length_scale=[1e+06, 0.0603], nu=1), 'k1__constant_value': np.float64(1.5501117412993664), 'k1__constant_value_bounds': (0.001, 1000.0), 'k2__length_scale': array([1.00000000e+06, 6.02898398e-02]), 'k2__length_scale_bounds': (0.01, 1000000.0), 'k2__nu': np.float64(1.0)}",1,0.7,['overconfidence']
4,2D Contamination,UCB,"1.25**2 * Matern(length_scale=[1e+06, 0.0603], nu=1)","{'k1': 1.25**2, 'k2': Matern(length_scale=[1e+06, 0.0603], nu=1), 'k1__constant_value': np.float64(1.5501117412993664), 'k1__constant_value_bounds': (0.001, 1000.0), 'k2__length_scale': array([1.00000000e+06, 6.02898398e-02]), 'k2__length_scale_bounds': (0.01, 1000000.0), 'k2__nu': np.float64(1.0)}","[0.956614621083458, 0.33440117898874866]",-5.6719305663116356e-05,0.6977907010343976,"[{'type': 'overconfidence', 'severity': 0.7, 'details': {'avg_sigma': 7.188018012288906e-09}}]",
5,GP health,0.7243233612553874,-31.2678614413173,7.045915431722413e-09,1181.5404365142574,1,0.7,['overconfidence']
5,GP anomalies,Product,"{'k1': 1.08**2, 'k2': Matern(length_scale=[0.0253, 12.7], nu=1), 'k1__constant_value': np.float64(1.1764398371292022), 'k1__constant_value_bounds': (0.001, 1000.0), 'k2__length_scale': array([ 0.02534495, 12.70300151]), 'k2__length_scale_bounds': (0.01, 1000000.0), 'k2__nu': np.float64(1.0)}",1,0.7,['overconfidence']
5,2D Contamination,UCB,"1.08**2 * Matern(length_scale=[0.0253, 12.7], nu=1)","{'k1': 1.08**2, 'k2': Matern(length_scale=[0.0253, 12.7], nu=1), 'k1__constant_value': np.float64(1.1764398371292022), 'k1__constant_value_bounds': (0.001, 1000.0), 'k2__length_scale': array([ 0.02534495, 12.70300151]), 'k2__length_scale_bounds': (0.01, 1000000.0), 'k2__nu': np.float64(1.0)}","[0.3664615348713979, 0.5928401805081102]",-0.0001060720134964891,0.7243233612553874,"[{'type': 'overconfidence', 'severity': 0.7, 'details': {'avg_sigma': 7.045915431722413e-09}}]",
6,GP health,0.723882135160696,-32.7322395476569,6.90984929907257e-09,1131.270060934815,1,0.7,['overconfidence']
6,GP anomalies,Product,"{'k1': 1.08**2, 'k2': Matern(length_scale=[0.0251, 12.4], nu=1), 'k1__constant_value': np.float64(1.1706893246612222), 'k1__constant_value_bounds': (0.001, 1000.0), 'k2__length_scale': array([ 0.02512799, 12.39701575]), 'k2__length_scale_bounds': (0.01, 1000000.0), 'k2__nu': np.float64(1.0)}",1,0.7,['overconfidence']
6,2D Contamination,UCB,"1.08**2 * Matern(length_scale=[0.0251, 12.4], nu=1)","{'k1': 1.08**2, 'k2': Matern(length_scale=[0.0251, 12.4], nu=1), 'k1__constant_value': np.float64(1.1706893246612222), 'k1__constant_value_bounds': (0.001, 1000.0), 'k2__length_scale': array([ 0.02512799, 12.39701575]), 'k2__length_scale_bounds': (0.01, 1000000.0), 'k2__nu': np.float64(1.0)}","[0.45037093625818514, 0.627328935090678]",-8.802694372170453e-05,0.723882135160696,"[{'type': 'overconfidence', 'severity': 0.7, 'details': {'avg_sigma': 6.90984929907257e-09}}]",
7,GP health,0.7233003940315689,-34.17194202336956,6.781950319029657e-09,1095.2542498153273,1,0.7,['overconfidence']
7,GP anomalies,Product,"{'k1': 1.08**2, 'k2': Matern(length_scale=[0.0253, 12.2], nu=1), 'k1__constant_value': np.float64(1.1709432892462992), 'k1__constant_value_bounds': (0.001, 1000.0), 'k2__length_scale': array([ 0.02525219, 12.15080466]), 'k2__length_scale_bounds': (0.01, 1000000.0), 'k2__nu': np.float64(1.0)}",1,0.7,['overconfidence']
7,2D Contamination,UCB,"1.08**2 * Matern(length_scale=[0.0253, 12.2], nu=1)","{'k1': 1.08**2, 'k2': Matern(length_scale=[0.0253, 12.2], nu=1), 'k1__constant_value': np.float64(1.1709432892462992), 'k1__constant_value_bounds': (0.001, 1000.0), 'k2__length_scale': array([ 0.02525219, 12.15080466]), 'k2__length_scale_bounds': (0.01, 1000000.0), 'k2__nu': np.float64(1.0)}","[0.9193919732144173, 0.05024300982298213]",-4.4153439293214824e-05,0.7233003940315689,"[{'type': 'overconfidence', 'severity': 0.7, 'details': {'avg_sigma': 6.781950319029657e-09}}]",
8,GP health,0.7218487038129295,-35.55439231654826,6.662908366080434e-09,1129.5019145801282,1,0.7,['overconfidence']
8,GP anomalies,Product,"{'k1': 1.09**2, 'k2': Matern(length_scale=[0.026, 12], nu=1), 'k1__constant_value': np.float64(1.1826985010032096), 'k1__constant_value_bounds': (0.001, 1000.0), 'k2__length_scale': array([ 0.02603586, 12.01100825]), 'k2__length_scale_bounds': (0.01, 1000000.0), 'k2__nu': np.float64(1.0)}",1,0.7,['overconfidence']
8,2D Contamination,UCB,"1.09**2 * Matern(length_scale=[0.026, 12], nu=1)","{'k1': 1.09**2, 'k2': Matern(length_scale=[0.026, 12], nu=1), 'k1__constant_value': np.float64(1.1826985010032096), 'k1__constant_value_bounds': (0.001, 1000.0), 'k2__length_scale': array([ 0.02603586, 12.01100825]), 'k2__length_scale_bounds': (0.01, 1000000.0), 'k2__nu': np.float64(1.0)}","[0.11607264050691624, 0.6865899134926068]",-6.552515706837977e-05,0.7218487038129295,"[{'type': 'overconfidence', 'severity': 0.7, 'details': {'avg_sigma': 6.662908366080434e-09}}]",
9,GP health,0.7209455353748699,-36.943348381523194,6.5488768525040925e-09,1121.3344122433423,1,0.7,['overconfidence']
9,GP anomalies,Product,"{'k1': 1.09**2, 'k2': Matern(length_scale=[0.0268, 11.9], nu=1), 'k1__constant_value': np.float64(1.1949557311803174), 'k1__constant_value_bounds': (0.001, 1000.0), 'k2__length_scale': array([ 0.02678952, 11.87690683]), 'k2__length_scale_bounds': (0.01, 1000000.0), 'k2__nu': np.float64(1.0)}",1,0.7,['overconfidence']
9,2D Contamination,UCB,"1.09**2 * Matern(length_scale=[0.0268, 11.9], nu=1)","{'k1': 1.09**2, 'k2': Matern(length_scale=[0.0268, 11.9], nu=1), 'k1__constant_value': np.float64(1.1949557311803174), 'k1__constant_value_bounds': (0.001, 1000.0), 'k2__length_scale': array([ 0.02678952, 11.87690683]), 'k2__length_scale_bounds': (0.01, 1000000.0), 'k2__nu': np.float64(1.0)}","[0.5188380571260721, 0.7716269109786077]",-5.036298245155375e-05,0.7209455353748699,"[{'type': 'overconfidence', 'severity': 0.7, 'details': {'avg_sigma': 6.5488768525040925e-09}}]",
10,GP health,0.7197515913784441,-38.273579298888976,6.441185469668486e-09,1139.3502256370195,1,0.7,['overconfidence']
10,GP anomalies,Product,"{'k1': 1.1**2, 'k2': Matern(length_scale=[0.0281, 11.8], nu=1), 'k1__constant_value': np.float64(1.219440617869156), 'k1__constant_value_bounds': (0.001, 1000.0), 'k2__length_scale': array([ 0.0281214 , 11.84603851]), 'k2__length_scale_bounds': (0.01, 1000000.0), 'k2__nu': np.float64(1.0)}",1,0.7,['overconfidence']
10,2D Contamination,UCB,"1.1**2 * Matern(length_scale=[0.0281, 11.8], nu=1)","{'k1': 1.1**2, 'k2': Matern(length_scale=[0.0281, 11.8], nu=1), 'k1__constant_value': np.float64(1.219440617869156), 'k1__constant_value_bounds': (0.001, 1000.0), 'k2__length_scale': array([ 0.0281214 , 11.84603851]), 'k2__length_scale_bounds': (0.01, 1000000.0), 'k2__nu': np.float64(1.0)}","[0.28487290196192283, 0.9730767979122983]",-9.130044940089658e-05,0.7197515913784441,"[{'type': 'overconfidence', 'severity': 0.7, 'details': {'avg_sigma': 6.441185469668486e-09}}]",
11,GP health,0.7183515223178288,-39.57720098660417,6.337147017068244e-09,1176.0113563737025,1,0.7,['overconfidence']
11,GP anomalies,Product,"{'k1': 1.12**2, 'k2': Matern(length_scale=[0.0297, 11.9], nu=1), 'k1__constant_value': np.float64(1.2512094756794052), 'k1__constant_value_bounds': (0.001, 1000.0), 'k2__length_scale': array([ 0.0296656 , 11.90575725]), 'k2__length_scale_bounds': (0.01, 1000000.0), 'k2__nu': np.float64(1.0)}",1,0.7,['overconfidence']
11,2D Contamination,UCB,"1.12**2 * Matern(length_scale=[0.0297, 11.9], nu=1)","{'k1': 1.12**2, 'k2': Matern(length_scale=[0.0297, 11.9], nu=1), 'k1__constant_value': np.float64(1.2512094756794052), 'k1__constant_value_bounds': (0.001, 1000.0), 'k2__length_scale': array([ 0.0296656 , 11.90575725]), 'k2__length_scale_bounds': (0.01, 1000000.0), 'k2__nu': np.float64(1.0)}","[0.7062422271564962, 0.5414076073475852]",0.0001737122730983367,0.7183515223178288,"[{'type': 'overconfidence', 'severity': 0.7, 'details': {'avg_sigma': 6.337147017068244e-09}}]",
12,GP health,0.7168107372711596,-40.63174988161227,6.261628760001974e-09,1241.1858580128053,1,0.7,['overconfidence']
12,GP anomalies,Product,"{'k1': 1.14**2, 'k2': Matern(length_scale=[0.0319, 12.1], nu=1), 'k1__constant_value': np.float64(1.2926161112195829), 'k1__constant_value_bounds': (0.001, 1000.0), 'k2__length_scale': array([ 0.03187547, 12.05772216]), 'k2__length_scale_bounds': (0.01, 1000000.0), 'k2__nu': np.float64(1.0)}",1,0.7,['overconfidence']
12,2D Contamination,UCB,"1.14**2 * Matern(length_scale=[0.0319, 12.1], nu=1)","{'k1': 1.14**2, 'k2': Matern(length_scale=[0.0319, 12.1], nu=1), 'k1__constant_value': np.float64(1.2926161112195829), 'k1__constant_value_bounds': (0.001, 1000.0), 'k2__length_scale': array([ 0.03187547, 12.05772216]), 'k2__length_scale_bounds': (0.01, 1000000.0), 'k2__nu': np.float64(1.0)}","[0.17711067940704894, 0.2395101699095381]",-1.486974244696702e-05,0.7168107372711596,"[{'type': 'overconfidence', 'severity': 0.7, 'details': {'avg_sigma': 6.261628760001974e-09}}]",
13,GP health,0.7153768588945202,-41.83660267159151,6.169357048747054e-09,1290.8164230495597,1,0.7,['overconfidence']
13,GP anomalies,Product,"{'k1': 1.15**2, 'k2': Matern(length_scale=[0.0336, 12.2], nu=1), 'k1__constant_value': np.float64(1.3338510312398637), 'k1__constant_value_bounds': (0.001, 1000.0), 'k2__length_scale': array([ 0.03359791, 12.15989643]), 'k2__length_scale_bounds': (0.01, 1000000.0), 'k2__nu': np.float64(1.0)}",1,0.7,['overconfidence']
13,2D Contamination,UCB,"1.15**2 * Matern(length_scale=[0.0336, 12.2], nu=1)","{'k1': 1.15**2, 'k2': Matern(length_scale=[0.0336, 12.2], nu=1), 'k1__constant_value': np.float64(1.3338510312398637), 'k1__constant_value_bounds': (0.001, 1000.0), 'k2__length_scale': array([ 0.03359791, 12.15989643]), 'k2__length_scale_bounds': (0.01, 1000000.0), 'k2__nu': np.float64(1.0)}","[0.22864280550346272, 0.8459214396777321]",-8.093981318668304e-05,0.7153768588945202,"[{'type': 'overconfidence', 'severity': 0.7, 'details': {'avg_sigma': 6.169357048747054e-09}}]",
14,GP health,0.7138938454205213,-43.02638639108902,6.078506837506975e-09,1348.2005756840474,1,0.7,['overconfidence']
14,GP anomalies,Product,"{'k1': 1.17**2, 'k2': Matern(length_scale=[0.0353, 12.3], nu=1), 'k1__constant_value': np.float64(1.3795512699862023), 'k1__constant_value_bounds': (0.001, 1000.0), 'k2__length_scale': array([ 0.03533802, 12.29540319]), 'k2__length_scale_bounds': (0.01, 1000000.0), 'k2__nu': np.float64(1.0)}",1,0.7,['overconfidence']
14,2D Contamination,UCB,"1.17**2 * Matern(length_scale=[0.0353, 12.3], nu=1)","{'k1': 1.17**2, 'k2': Matern(length_scale=[0.0353, 12.3], nu=1), 'k1__constant_value': np.float64(1.3795512699862023), 'k1__constant_value_bounds': (0.001, 1000.0), 'k2__length_scale': array([ 0.03533802, 12.29540319]), 'k2__length_scale_bounds': (0.01, 1000000.0), 'k2__nu': np.float64(1.0)}","[0.8158331249906178, 0.6376882468959355]",-7.592942085542001e-05,0.7138938454205213,"[{'type': 'overconfidence', 'severity': 0.7, 'details': {'avg_sigma': 6.078506837506975e-09}}]",
15,GP health,0.7123836561533948,-44.18522642607206,5.9916712877809735e-09,1413.147728617487,1,0.7,['overconfidence']
15,GP anomalies,Product,"{'k1': 1.19**2, 'k2': Matern(length_scale=[0.037, 12.4], nu=1), 'k1__constant_value': np.float64(1.4273280545337101), 'k1__constant_value_bounds': (0.001, 1000.0), 'k2__length_scale': array([ 0.03704602, 12.43621381]), 'k2__length_scale_bounds': (0.01, 1000000.0), 'k2__nu': np.float64(1.0)}",1,0.7,['overconfidence']
15,2D Contamination,UCB,"1.19**2 * Matern(length_scale=[0.037, 12.4], nu=1)","{'k1': 1.19**2, 'k2': Matern(length_scale=[0.037, 12.4], nu=1), 'k1__constant_value': np.float64(1.4273280545337101), 'k1__constant_value_bounds': (0.001, 1000.0), 'k2__length_scale': array([ 0.03704602, 12.43621381]), 'k2__length_scale_bounds': (0.01, 1000000.0), 'k2__nu': np.float64(1.0)}","[0.34181735169787597, 0.22612533124967193]",-5.994652632651499e-05,0.7123836561533948,"[{'type': 'overconfidence', 'severity': 0.7, 'details': {'avg_sigma': 5.9916712877809735e-09}}]",
16,GP health,0.7107397146269044,-45.255276210483835,5.908882634958517e-09,1501.7390336739456,1,0.7,['overconfidence']
16,GP anomalies,Product,"{'k1': 1.22**2, 'k2': Matern(length_scale=[0.0389, 12.7], nu=1), 'k1__constant_value': np.float64(1.4827246543770203), 'k1__constant_value_bounds': (0.001, 1000.0), 'k2__length_scale': array([ 0.03889539, 12.67712628]), 'k2__length_scale_bounds': (0.01, 1000000.0), 'k2__nu': np.float64(1.0)}",1,0.7,['overconfidence']
16,2D Contamination,UCB,"1.22**2 * Matern(length_scale=[0.0389, 12.7], nu=1)","{'k1': 1.22**2, 'k2': Matern(length_scale=[0.0389, 12.7], nu=1), 'k1__constant_value': np.float64(1.4827246543770203), 'k1__constant_value_bounds': (0.001, 1000.0), 'k2__length_scale': array([ 0.03889539, 12.67712628]), 'k2__length_scale_bounds': (0.01, 1000000.0), 'k2__nu': np.float64(1.0)}","[0.9994137257706666, 0.17935601028924097]",-8.177329944361749e-06,0.7107397146269044,"[{'type': 'overconfidence', 'severity': 0.7, 'details': {'avg_sigma': 5.908882634958517e-09}}]",
17,GP health,0.7084395570379716,-46.26306733500992,5.831549720024268e-09,1675.215582761176,1,0.7,['overconfidence']
17,GP anomalies,Product,"{'k1': 1.23**2, 'k2': Matern(length_scale=[0.04, 12.9], nu=1), 'k1__constant_value': np.float64(1.5162455139101125), 'k1__constant_value_bounds': (0.001, 1000.0), 'k2__length_scale': array([ 0.0399873 , 12.85553642]), 'k2__length_scale_bounds': (0.01, 1000000.0), 'k2__nu': np.float64(1.0)}",1,0.7,['overconfidence']
17,2D Contamination,UCB,"1.23**2 * Matern(length_scale=[0.04, 12.9], nu=1)","{'k1': 1.23**2, 'k2': Matern(length_scale=[0.04, 12.9], nu=1), 'k1__constant_value': np.float64(1.5162455139101125), 'k1__constant_value_bounds': (0.001, 1000.0), 'k2__length_scale': array([ 0.0399873 , 12.85553642]), 'k2__length_scale_bounds': (0.01, 1000000.0), 'k2__nu': np.float64(1.0)}","[0.8627970775432285, 0.9894511309650564]",2.437286307679744e-06,0.7084395570379716,"[{'type': 'overconfidence', 'severity': 0.7, 'details': {'avg_sigma': 5.831549720024268e-09}}]",
18,GP health,0.7065266329646034,-47.244564102145986,5.757729273359611e-09,1821.9605539686831,1,0.7,['overconfidence']
18,GP anomalies,Product,"{'k1': 1.25**2, 'k2': Matern(length_scale=[0.0418, 13.1], nu=1), 'k1__constant_value': np.float64(1.5737028364502816), 'k1__constant_value_bounds': (0.001, 1000.0), 'k2__length_scale': array([ 0.0417743 , 13.09950736]), 'k2__length_scale_bounds': (0.01, 1000000.0), 'k2__nu': np.float64(1.0)}",1,0.7,['overconfidence']
18,2D Contamination,UCB,"1.25**2 * Matern(length_scale=[0.0418, 13.1], nu=1)","{'k1': 1.25**2, 'k2': Matern(length_scale=[0.0418, 13.1], nu=1), 'k1__constant_value': np.float64(1.5737028364502816), 'k1__constant_value_bounds': (0.001, 1000.0), 'k2__length_scale': array([ 0.0417743 , 13.09950736]), 'k2__length_scale_bounds': (0.01, 1000000.0), 'k2__nu': np.float64(1.0)}","[0.38855810127034573, 0.03174376537298862]",-5.50300077320689e-05,0.7065266329646034,"[{'type': 'overconfidence', 'severity': 0.7, 'details': {'avg_sigma': 5.757729273359611e-09}}]",
19,GP health,0.7050033968222381,-48.230934511063275,5.684311946356625e-09,1928.6820725073128,1,0.7,['overconfidence']
19,GP anomalies,Product,"{'k1': 1.28**2, 'k2': Matern(length_scale=[0.0435, 13.3], nu=1), 'k1__constant_value': np.float64(1.6316982718752528), 'k1__constant_value_bounds': (0.001, 1000.0), 'k2__length_scale': array([ 0.04346426, 13.30669232]), 'k2__length_scale_bounds': (0.01, 1000000.0), 'k2__nu': np.float64(1.0)}",1,0.7,['overconfidence']
19,2D Contamination,UCB,"1.28**2 * Matern(length_scale=[0.0435, 13.3], nu=1)","{'k1': 1.28**2, 'k2': Matern(length_scale=[0.0435, 13.3], nu=1), 'k1__constant_value': np.float64(1.6316982718752528), 'k1__constant_value_bounds': (0.001, 1000.0), 'k2__length_scale': array([ 0.04346426, 13.30669232]), 'k2__length_scale_bounds': (0.01, 1000000.0), 'k2__nu': np.float64(1.0)}","[0.4303058948994627, 0.14284196481433187]",-4.580770424445087e-05,0.7050033968222381,"[{'type': 'overconfidence', 'severity': 0.7, 'details': {'avg_sigma': 5.684311946356625e-09}}]",
20,GP health,0.7035127481677597,-49.11916957713922,5.613899874719859e-09,2047.0732235811959,1,0.7,['overconfidence']
20,GP anomalies,Product,"{'k1': 1.3**2, 'k2': Matern(length_scale=[0.0452, 13.5], nu=1), 'k1__constant_value': np.float64(1.6944372643005614), 'k1__constant_value_bounds': (0.001, 1000.0), 'k2__length_scale': array([ 0.04521023, 13.53111374]), 'k2__length_scale_bounds': (0.01, 1000000.0), 'k2__nu': np.float64(1.0)}",1,0.7,['overconfidence']
20,2D Contamination,UCB,"1.3**2 * Matern(length_scale=[0.0452, 13.5], nu=1)","{'k1': 1.3**2, 'k2': Matern(length_scale=[0.0452, 13.5], nu=1), 'k1__constant_value': np.float64(1.6944372643005614), 'k1__constant_value_bounds': (0.001, 1000.0), 'k2__length_scale': array([ 0.04521023, 13.53111374]), 'k2__length_scale_bounds': (0.01, 1000000.0), 'k2__nu': np.float64(1.0)}","[0.06355835028602363, 0.9092202058615602]",1.2751182077139255e-06,0.7035127481677597,"[{'type': 'overconfidence', 'severity': 0.7, 'details': {'avg_sigma': 5.613899874719859e-09}}]",
21,GP health,0.7020620565197323,-49.933331938081196,5.5479142488846944e-09,2174.775543663788,1,0.7,['overconfidence']
21,GP anomalies,Product,"{'k1': 1.33**2, 'k2': Matern(length_scale=[0.047, 13.8], nu=1), 'k1__constant_value': np.float64(1.759001523219894), 'k1__constant_value_bounds': (0.001, 1000.0), 'k2__length_scale': array([ 0.0469521 , 13.76925465]), 'k2__length_scale_bounds': (0.01, 1000000.0), 'k2__nu': np.float64(1.0)}",1,0.7,['overconfidence']
21,2D Contamination,UCB,"1.33**2 * Matern(length_scale=[0.047, 13.8], nu=1)","{'k1': 1.33**2, 'k2': Matern(length_scale=[0.047, 13.8], nu=1), 'k1__constant_value': np.float64(1.759001523219894), 'k1__constant_value_bounds': (0.001, 1000.0), 'k2__length_scale': array([ 0.0469521 , 13.76925465]), 'k2__length_scale_bounds': (0.01, 1000000.0), 'k2__nu': np.float64(1.0)}","[0.47206694510999925, 0.03892996332566745]",-4.033917208690955e-05,0.7020620565197323,"[{'type': 'overconfidence', 'severity': 0.7, 'details': {'avg_sigma': 5.5479142488846944e-09}}]",
22,GP health,0.7006337289005977,-50.76499266383143,5.482552655172865e-09,2305.0984268441744,1,0.7,['overconfidence']
22,GP anomalies,Product,"{'k1': 1.35**2, 'k2': Matern(length_scale=[0.0486, 14], nu=1), 'k1__constant_value': np.float64(1.82324077102271), 'k1__constant_value_bounds': (0.001, 1000.0), 'k2__length_scale': array([ 0.04859065, 14.00331214]), 'k2__length_scale_bounds': (0.01, 1000000.0), 'k2__nu': np.float64(1.0)}",1,0.7,['overconfidence']
22,2D Contamination,UCB,"1.35**2 * Matern(length_scale=[0.0486, 14], nu=1)","{'k1': 1.35**2, 'k2': Matern(length_scale=[0.0486, 14], nu=1), 'k1__constant_value': np.float64(1.82324077102271), 'k1__constant_value_bounds': (0.001, 1000.0), 'k2__length_scale': array([ 0.04859065, 14.00331214]), 'k2__length_scale_bounds': (0.01, 1000000.0), 'k2__nu': np.float64(1.0)}","[0.7692231478381336, 0.823552226611819]",-0.00010154238678377051,0.7006337289005977,"[{'type': 'overconfidence', 'severity': 0.7, 'details': {'avg_sigma': 5.482552655172865e-09}}]",
23,GP health,0.6982802998831932,-51.57245422672288,5.418444611453955e-09,2607.7361246008295,1,0.7,['overconfidence']
23,GP anomalies,Product,"{'k1': 1.37**2, 'k2': Matern(length_scale=[0.0501, 14.3], nu=1), 'k1__constant_value': np.float64(1.8874228220672016), 'k1__constant_value_bounds': (0.001, 1000.0), 'k2__length_scale': array([ 0.05014186, 14.30424537]), 'k2__length_scale_bounds': (0.01, 1000000.0), 'k2__nu': np.float64(1.0)}",1,0.7,['overconfidence']
23,2D Contamination,UCB,"1.37**2 * Matern(length_scale=[0.0501, 14.3], nu=1)","{'k1': 1.37**2, 'k2': Matern(length_scale=[0.0501, 14.3], nu=1), 'k1__constant_value': np.float64(1.8874228220672016), 'k1__constant_value_bounds': (0.001, 1000.0), 'k2__length_scale': array([ 0.05014186, 14.30424537]), 'k2__length_scale_bounds': (0.01, 1000000.0), 'k2__nu': np.float64(1.0)}","[0.9007018640112585, 0.6961561451379252]",-3.558002891941043e-05,0.6982802998831932,"[{'type': 'overconfidence', 'severity': 0.7, 'details': {'avg_sigma': 5.418444611453955e-09}}]",
24,GP health,0.6960544764090265,-52.30351123268771,5.3576754484681945e-09,2935.2887808266305,1,0.7,['overconfidence']
24,GP anomalies,Product,"{'k1': 1.4**2, 'k2': Matern(length_scale=[0.0517, 14.6], nu=1), 'k1__constant_value': np.float64(1.9543873720872271), 'k1__constant_value_bounds': (0.001, 1000.0), 'k2__length_scale': array([ 0.05172446, 14.57441319]), 'k2__length_scale_bounds': (0.01, 1000000.0), 'k2__nu': np.float64(1.0)}",1,0.7,['overconfidence']
24,2D Contamination,UCB,"1.4**2 * Matern(length_scale=[0.0517, 14.6], nu=1)","{'k1': 1.4**2, 'k2': Matern(length_scale=[0.0517, 14.6], nu=1), 'k1__constant_value': np.float64(1.9543873720872271), 'k1__constant_value_bounds': (0.001, 1000.0), 'k2__length_scale': array([ 0.05172446, 14.57441319]), 'k2__length_scale_bounds': (0.01, 1000000.0), 'k2__nu': np.float64(1.0)}","[0.13535408227768553, 0.051293848981215584]",-3.097374660412838e-05,0.6960544764090265,"[{'type': 'overconfidence', 'severity': 0.7, 'details': {'avg_sigma': 5.3576754484681945e-09}}]",
25,GP health,0.6944701271596021,-52.993158982100525,5.299040793263536e-09,3167.318455652382,1,0.7,['overconfidence']
25,GP anomalies,Product,"{'k1': 1.42**2, 'k2': Matern(length_scale=[0.0532, 15], nu=1), 'k1__constant_value': np.float64(2.0194944607694505), 'k1__constant_value_bounds': (0.001, 1000.0), 'k2__length_scale': array([ 0.05318195, 15.01963723]), 'k2__length_scale_bounds': (0.01, 1000000.0), 'k2__nu': np.float64(1.0)}",1,0.7,['overconfidence']
25,2D Contamination,UCB,"1.42**2 * Matern(length_scale=[0.0532, 15], nu=1)","{'k1': 1.42**2, 'k2': Matern(length_scale=[0.0532, 15], nu=1), 'k1__constant_value': np.float64(2.0194944607694505), 'k1__constant_value_bounds': (0.001, 1000.0), 'k2__length_scale': array([ 0.05318195, 15.01963723]), 'k2__length_scale_bounds': (0.01, 1000000.0), 'k2__nu': np.float64(1.0)}","[0.09944139275934516, 0.8108785810079184]",-3.808004943408634e-05,0.6944701271596021,"[{'type': 'overconfidence', 'severity': 0.7, 'details': {'avg_sigma': 5.299040793263536e-09}}]",
26,GP health,0.693196421965925,-53.645703863946665,5.242088743522128e-09,3351.3257244826777,1,0.7,['overconfidence']
26,GP anomalies,Product,"{'k1': 1.45**2, 'k2': Matern(length_scale=[0.0547, 15.3], nu=1), 'k1__constant_value': np.float64(2.089300343317972), 'k1__constant_value_bounds': (0.001, 1000.0), 'k2__length_scale': array([ 0.05472763, 15.27715991]), 'k2__length_scale_bounds': (0.01, 1000000.0), 'k2__nu': np.float64(1.0)}",1,0.7,['overconfidence']
26,2D Contamination,UCB,"1.45**2 * Matern(length_scale=[0.0547, 15.3], nu=1)","{'k1': 1.45**2, 'k2': Matern(length_scale=[0.0547, 15.3], nu=1), 'k1__constant_value': np.float64(2.089300343317972), 'k1__constant_value_bounds': (0.001, 1000.0), 'k2__length_scale': array([ 0.05472763, 15.27715991]), 'k2__length_scale_bounds': (0.01, 1000000.0), 'k2__nu': np.float64(1.0)}","[0.9369578230310628, 0.20444837246427305]",3.464443707778181e-05,0.693196421965925,"[{'type': 'overconfidence', 'severity': 0.7, 'details': {'avg_sigma': 5.242088743522128e-09}}]",
27,GP health,0.6902351049881599,-54.19623924657178,5.1899460407934995e-09,4004.3090188075207,1,0.7,['overconfidence']
27,GP anomalies,Product,"{'k1': 1.47**2, 'k2': Matern(length_scale=[0.0563, 15.6], nu=1), 'k1__constant_value': np.float64(2.160520838038945), 'k1__constant_value_bounds': (0.001, 1000.0), 'k2__length_scale': array([ 0.05629804, 15.58617516]), 'k2__length_scale_bounds': (0.01, 1000000.0), 'k2__nu': np.float64(1.0)}",1,0.7,['overconfidence']
27,2D Contamination,UCB,"1.47**2 * Matern(length_scale=[0.0563, 15.6], nu=1)","{'k1': 1.47**2, 'k2': Matern(length_scale=[0.0563, 15.6], nu=1), 'k1__constant_value': np.float64(2.160520838038945), 'k1__constant_value_bounds': (0.001, 1000.0), 'k2__length_scale': array([ 0.05629804, 15.58617516]), 'k2__length_scale_bounds': (0.01, 1000000.0), 'k2__nu': np.float64(1.0)}","[0.6950352288585532, 0.07893940294655555]",0.00024687474132495434,0.6902351049881599,"[{'type': 'overconfidence', 'severity': 0.7, 'details': {'avg_sigma': 5.1899460407934995e-09}}]",
28,GP health,0.688664160765152,-54.32250135706755,5.159751163141284e-09,4436.232127562236,1,0.7,['overconfidence']
28,GP anomalies,Product,"{'k1': 1.49**2, 'k2': Matern(length_scale=[0.0578, 16.2], nu=1), 'k1__constant_value': np.float64(2.2173710242864124), 'k1__constant_value_bounds': (0.001, 1000.0), 'k2__length_scale': array([ 0.05781829, 16.23297238]), 'k2__length_scale_bounds': (0.01, 1000000.0), 'k2__nu': np.float64(1.0)}",1,0.7,['overconfidence']
28,2D Contamination,UCB,"1.49**2 * Matern(length_scale=[0.0578, 16.2], nu=1)","{'k1': 1.49**2, 'k2': Matern(length_scale=[0.0578, 16.2], nu=1), 'k1__constant_value': np.float64(2.2173710242864124), 'k1__constant_value_bounds': (0.001, 1000.0), 'k2__length_scale': array([ 0.05781829, 16.23297238]), 'k2__length_scale_bounds': (0.01, 1000000.0), 'k2__nu': np.float64(1.0)}","[0.5334610919763215, 0.8901411373960146]",-3.7955794895907674e-05,0.688664160765152,"[{'type': 'overconfidence', 'severity': 0.7, 'details': {'avg_sigma': 5.159751163141284e-09}}]",
29,GP health,0.6874657673129291,-54.8771616773115,5.10746794288228e-09,4692.15107264861,1,0.7,['overconfidence']
29,GP anomalies,Product,"{'k1': 1.51**2, 'k2': Matern(length_scale=[0.0592, 16.6], nu=1), 'k1__constant_value': np.float64(2.2873987107354563), 'k1__constant_value_bounds': (0.001, 1000.0), 'k2__length_scale': array([ 0.05923366, 16.5546401 ]), 'k2__length_scale_bounds': (0.01, 1000000.0), 'k2__nu': np.float64(1.0)}",1,0.7,['overconfidence']
29,2D Contamination,UCB,"1.51**2 * Matern(length_scale=[0.0592, 16.6], nu=1)","{'k1': 1.51**2, 'k2': Matern(length_scale=[0.0592, 16.6], nu=1), 'k1__constant_value': np.float64(2.2873987107354563), 'k1__constant_value_bounds': (0.001, 1000.0), 'k2__length_scale': array([ 0.05923366, 16.5546401 ]), 'k2__length_scale_bounds': (0.01, 1000000.0), 'k2__nu': np.float64(1.0)}","[0.5031362585800877, 0.6360960464095422]",-2.0479862640971532e-05,0.6874657673129291,"[{'type': 'overconfidence', 'severity': 0.7, 'details': {'avg_sigma': 5.10746794288228e-09}}]",
30,GP health,0.6863561375130603,-55.354938050973566,5.057178375624048e-09,4950.940350795519,1,0.7,['overconfidence']
30,GP anomalies,Product,"{'k1': 1.54**2, 'k2': Matern(length_scale=[0.0607, 16.8], nu=1), 'k1__constant_value': np.float64(2.36105567825038), 'k1__constant_value_bounds': (0.001, 1000.0), 'k2__length_scale': array([ 0.0606983 , 16.84252351]), 'k2__length_scale_bounds': (0.01, 1000000.0), 'k2__nu': np.float64(1.0)}",1,0.7,['overconfidence']
30,2D Contamination,UCB,"1.54**2 * Matern(length_scale=[0.0607, 16.8], nu=1)","{'k1': 1.54**2, 'k2': Matern(length_scale=[0.0607, 16.8], nu=1), 'k1__constant_value': np.float64(2.36105567825038), 'k1__constant_value_bounds': (0.001, 1000.0), 'k2__length_scale': array([ 0.0606983 , 16.84252351]), 'k2__length_scale_bounds': (0.01, 1000000.0), 'k2__nu': np.float64(1.0)}","[0.5622968158779098, 0.21820753455217223]",7.316904834736638e-05,0.6863561375130603,"[{'type': 'overconfidence', 'severity': 0.7, 'details': {'avg_sigma': 5.057178375624048e-09}}]",
