1,GP health,0.5160429321201392,20.545301608172004,0.00015863981370256943,30056225720.95082,1,0.8,['noise_collapse']
1,GP anomalies,Sum,"{'k1': 2.57**2 * Matern(length_scale=[4.29, 6.6, 3.11, 11.3, 11.3, 7.22, 4.35, 11.3], nu=1.5), 'k2': WhiteKernel(noise_level=1e-08), 'k1__k1': 2.57**2, 'k1__k2': Matern(length_scale=[4.29, 6.6, 3.11, 11.3, 11.3, 7.22, 4.35, 11.3], nu=1.5), 'k1__k1__constant_value': np.float64(6.621538492166602), 'k1__k1__constant_value_bounds': (0.001, 10000.0), 'k1__k2__length_scale': array([ 4.29441634,  6.59791609,  3.11276   , 11.33080851, 11.33080851,
        7.21886904,  4.34921318, 11.33080851]), 'k1__k2__length_scale_bounds': (0.01133080851480118, 11.33080851480118), 'k1__k2__nu': np.float64(1.5), 'k2__noise_level': np.float64(9.999999999999982e-09), 'k2__noise_level_bounds': (1e-08, np.float64(1.1316613633320838))}",1,0.8,['noise_collapse']
1,0.40454032464598927,18775008.47971138,0.005003857350985394,-10.335992577870044,1,0.9
1,GP health BAD,0.40454032464598927
1, 8D ML Hyperparameters,UCB,2.24**2 * RBF(length_scale=1.62) + WhiteKernel(noise_level=1e-05),"{'k1': 2.24**2 * RBF(length_scale=1.62), 'k2': WhiteKernel(noise_level=1e-05), 'k1__k1': 2.24**2, 'k1__k2': RBF(length_scale=1.62), 'k1__k1__constant_value': np.float64(4.998478666200084), 'k1__k1__constant_value_bounds': (1e-05, 100000.0), 'k1__k2__length_scale': np.float64(1.6161995570469627), 'k1__k2__length_scale_bounds': (1e-05, 100000.0), 'k2__noise_level': np.float64(9.999999999999997e-06), 'k2__noise_level_bounds': (1e-05, 100000.0)}","[0.08771555075233381, 0.2103290230501384, 0.06201226252937144, 0.2818449170134958, 0.8588168928763793, 0.5655258018027677, 0.06302712195765495, 0.4286299557955019]",9.963014822713298,0.40454032464598927,"[{'type': 'lengthscale_collapse', 'severity': 0.9, 'details': {'lengthscales': [1e-05]}}]",{'acq': 'UCB'}
2,GP health,0.5115460385539637,27.155132456369557,0.00016118843576800682,78602911541.9991,1,0.8,['noise_collapse']
2,GP anomalies,Sum,"{'k1': 2.96**2 * RBF(length_scale=[1.69, 2.24, 1.18, 7.64, 3.12, 2.39, 1.69, 11.3]), 'k2': WhiteKernel(noise_level=1e-08), 'k1__k1': 2.96**2, 'k1__k2': RBF(length_scale=[1.69, 2.24, 1.18, 7.64, 3.12, 2.39, 1.69, 11.3]), 'k1__k1__constant_value': np.float64(8.74841562476444), 'k1__k1__constant_value_bounds': (0.001, 10000.0), 'k1__k2__length_scale': array([ 1.69094069,  2.24384262,  1.18477205,  7.63764051,  3.1169548 ,
        2.39052211,  1.69424703, 11.32327271]), 'k1__k2__length_scale_bounds': (0.011323272711706038, 11.32327271170604), 'k2__noise_level': np.float64(9.999999999999982e-09), 'k2__noise_level_bounds': (1e-08, np.float64(1.1118885099847415))}",1,0.8,['noise_collapse']
2,0.4045078868957024,22780356.603298694,0.0050840447856562495,-8.128742861540587,1,0.9
2,GP health BAD,0.4045078868957024
2, 8D ML Hyperparameters,UCB,2.41**2 * RBF(length_scale=1.71) + WhiteKernel(noise_level=1e-05),"{'k1': 2.41**2 * RBF(length_scale=1.71), 'k2': WhiteKernel(noise_level=1e-05), 'k1__k1': 2.41**2, 'k1__k2': RBF(length_scale=1.71), 'k1__k1__constant_value': np.float64(5.796628926818986), 'k1__k1__constant_value_bounds': (1e-05, 100000.0), 'k1__k2__length_scale': np.float64(1.7074375366361663), 'k1__k2__length_scale_bounds': (1e-05, 100000.0), 'k2__noise_level': np.float64(9.999999999999997e-06), 'k2__noise_level_bounds': (1e-05, 100000.0)}","[0.03711726428352384, 0.12171800664215872, 0.11538098025719878, 0.27764808788254924, 0.8677575178447209, 0.5541752571864043, 0.21275728761237847, 0.6269090747764987]",9.941992404504559,0.4045078868957024,"[{'type': 'lengthscale_collapse', 'severity': 0.9, 'details': {'lengthscales': [1e-05]}}]",{'acq': 'UCB'}
3,GP health,0.5259915278793781,29.929102904211454,0.00016335355880837702,78389990555.90327,1,0.8,['noise_collapse']
3,GP anomalies,Sum,"{'k1': 1.99**2 * RBF(length_scale=[1.1, 1.74, 0.903, 6.5, 2.05, 11.3, 1.42, 4.81]), 'k2': WhiteKernel(noise_level=1e-08), 'k1__k1': 1.99**2, 'k1__k2': RBF(length_scale=[1.1, 1.74, 0.903, 6.5, 2.05, 11.3, 1.42, 4.81]), 'k1__k1__constant_value': np.float64(3.9762922411783026), 'k1__k1__constant_value_bounds': (0.001, 10000.0), 'k1__k2__length_scale': array([ 1.10202157,  1.73687168,  0.90319272,  6.49854019,  2.04763096,
       11.29823792,  1.41776612,  4.80639458]), 'k1__k2__length_scale_bounds': (0.01129823791830227, 11.29823791830227), 'k2__noise_level': np.float64(9.999999999999982e-09), 'k2__noise_level_bounds': (1e-08, np.float64(1.0896397663231105))}",1,0.8,['noise_collapse']
3,0.4044803261601164,27837074.223061543,0.005152181095065497,-6.074591526773645,1,0.9
3,GP health BAD,0.4044803261601164
3, 8D ML Hyperparameters,UCB,2.6**2 * RBF(length_scale=1.8) + WhiteKernel(noise_level=1e-05),"{'k1': 2.6**2 * RBF(length_scale=1.8), 'k2': WhiteKernel(noise_level=1e-05), 'k1__k1': 2.6**2, 'k1__k2': RBF(length_scale=1.8), 'k1__k1__constant_value': np.float64(6.784495166143247), 'k1__k1__constant_value_bounds': (1e-05, 100000.0), 'k1__k2__length_scale': np.float64(1.804590994648931), 'k1__k2__length_scale_bounds': (1e-05, 100000.0), 'k2__noise_level': np.float64(9.999999999999997e-06), 'k2__noise_level_bounds': (1e-05, 100000.0)}","[0.0, 0.13793769796756666, 0.17802037998898415, 0.18094537373900435, 0.8427550387805454, 0.5676876092753448, 0.22209975992560316, 0.37122020065220634]",9.98327695738247,0.4044803261601164,"[{'type': 'lengthscale_collapse', 'severity': 0.9, 'details': {'lengthscales': [1e-05]}}]",{'acq': 'UCB'}
4,GP health,0.5210390607994004,27.40245091222352,0.00016543403274338125,30204053114.041435,1,0.8,['noise_collapse']
4,GP anomalies,Sum,"{'k1': 2.5**2 * Matern(length_scale=[4.47, 6.75, 3.22, 11.3, 11.3, 7.22, 4.61, 11.3], nu=1.5), 'k2': WhiteKernel(noise_level=1e-08), 'k1__k1': 2.5**2, 'k1__k2': Matern(length_scale=[4.47, 6.75, 3.22, 11.3, 11.3, 7.22, 4.61, 11.3], nu=1.5), 'k1__k1__constant_value': np.float64(6.246200107380972), 'k1__k1__constant_value_bounds': (0.001, 10000.0), 'k1__k2__length_scale': array([ 4.47483966,  6.75174831,  3.21598146, 11.27095673, 11.27095673,
        7.21569935,  4.60749475, 11.27095673]), 'k1__k2__length_scale_bounds': (0.01127095673449464, 11.270956734494641), 'k1__k2__nu': np.float64(1.5), 'k2__noise_level': np.float64(9.999999999999982e-09), 'k2__noise_level_bounds': (1e-08, np.float64(1.0671115788331647))}",1,0.8,['noise_collapse']
4,0.40445390162192657,35955338.7749905,0.005217512829814144,-3.794071443077634,1,0.9
4,GP health BAD,0.40445390162192657
4, 8D ML Hyperparameters,UCB,2.89**2 * RBF(length_scale=1.93) + WhiteKernel(noise_level=1e-05),"{'k1': 2.89**2 * RBF(length_scale=1.93), 'k2': WhiteKernel(noise_level=1e-05), 'k1__k1': 2.89**2, 'k1__k2': RBF(length_scale=1.93), 'k1__k1__constant_value': np.float64(8.37719459094754), 'k1__k1__constant_value_bounds': (1e-05, 100000.0), 'k1__k2__length_scale': np.float64(1.933146590058786), 'k1__k2__length_scale_bounds': (1e-05, 100000.0), 'k2__noise_level': np.float64(9.999999999999997e-06), 'k2__noise_level_bounds': (1e-05, 100000.0)}","[0.0674011534011228, 0.20913659515054975, 0.13873313515963318, 0.21125448053307705, 0.732160158882355, 0.4111258769980502, 0.16389317089948963, 0.4235911854402462]",9.984597320534048,0.40445390162192657,"[{'type': 'lengthscale_collapse', 'severity': 0.9, 'details': {'lengthscales': [1e-05]}}]",{'acq': 'UCB'}
5,GP health,0.5221831150367423,29.917384874095674,0.0001672819245459354,31707794966.417786,1,0.8,['noise_collapse']
5,GP anomalies,Sum,"{'k1': 2.53**2 * Matern(length_scale=[4.58, 6.72, 3.3, 11.2, 11.2, 7.58, 4.77, 11.2], nu=1.5), 'k2': WhiteKernel(noise_level=1e-08), 'k1__k1': 2.53**2, 'k1__k2': Matern(length_scale=[4.58, 6.72, 3.3, 11.2, 11.2, 7.58, 4.77, 11.2], nu=1.5), 'k1__k1__constant_value': np.float64(6.416912298163436), 'k1__k1__constant_value_bounds': (0.001, 10000.0), 'k1__k2__length_scale': array([ 4.58255878,  6.71887803,  3.30220678, 11.21918865, 11.21918865,
        7.57720486,  4.77200233, 11.21918865]), 'k1__k2__length_scale_bounds': (0.011219188645127854, 11.219188645127854), 'k1__k2__nu': np.float64(1.5), 'k2__noise_level': np.float64(9.999999999999982e-09), 'k2__noise_level_bounds': (1e-08, np.float64(1.0434421441014476))}",1,0.8,['noise_collapse']
5,0.40443057703007834,46730950.991008505,0.005275183838395089,-0.779230854950768,1,0.9
5,GP health BAD,0.40443057703007834
5, 8D ML Hyperparameters,UCB,3.23**2 * RBF(length_scale=2.07) + WhiteKernel(noise_level=1e-05),"{'k1': 3.23**2 * RBF(length_scale=2.07), 'k2': WhiteKernel(noise_level=1e-05), 'k1__k1': 3.23**2, 'k1__k2': RBF(length_scale=2.07), 'k1__k1__constant_value': np.float64(10.437191029864104), 'k1__k1__constant_value_bounds': (1e-05, 100000.0), 'k1__k2__length_scale': np.float64(2.0720898106230425), 'k1__k2__length_scale_bounds': (1e-05, 100000.0), 'k2__noise_level': np.float64(9.999999999999997e-06), 'k2__noise_level_bounds': (1e-05, 100000.0)}","[0.14239785833385568, 0.09057582423505911, 0.04807357422130908, 0.2531240422690384, 0.7890560388524814, 0.49581241756292277, 0.2107518443991154, 0.38422526410579216]",10.000918111969364,0.40443057703007834,"[{'type': 'lengthscale_collapse', 'severity': 0.9, 'details': {'lengthscales': [1e-05]}}]",{'acq': 'UCB'}
6,GP health,0.5326187833728282,31.563185006240154,0.00016897910726180353,41958295449.43889,1,0.8,['noise_collapse']
6,GP anomalies,Sum,"{'k1': 1.94**2 * RBF(length_scale=[1.05, 1.8, 0.929, 6.46, 1.96, 11.2, 1.4, 5.82]), 'k2': WhiteKernel(noise_level=1e-08), 'k1__k1': 1.94**2, 'k1__k2': RBF(length_scale=[1.05, 1.8, 0.929, 6.46, 1.96, 11.2, 1.4, 5.82]), 'k1__k1__constant_value': np.float64(3.74947860780769), 'k1__k1__constant_value_bounds': (0.001, 10000.0), 'k1__k2__length_scale': array([ 1.05098634,  1.80094529,  0.9294588 ,  6.45720591,  1.95949134,
       11.17446809,  1.40434121,  5.81605637]), 'k1__k2__length_scale_bounds': (0.011174468088774661, 11.17446808877466), 'k2__noise_level': np.float64(9.999999999999982e-09), 'k2__noise_level_bounds': (1e-08, np.float64(1.0192720311291876))}",1,0.8,['noise_collapse']
6,0.40440945976948356,62569222.13071911,0.005327399998918321,2.556963035709593,1,0.9
6,GP health BAD,0.40440945976948356
6, 8D ML Hyperparameters,UCB,3.66**2 * RBF(length_scale=2.24) + WhiteKernel(noise_level=1e-05),"{'k1': 3.66**2 * RBF(length_scale=2.24), 'k2': WhiteKernel(noise_level=1e-05), 'k1__k1': 3.66**2, 'k1__k2': RBF(length_scale=2.24), 'k1__k1__constant_value': np.float64(13.420516465213712), 'k1__k1__constant_value_bounds': (1e-05, 100000.0), 'k1__k2__length_scale': np.float64(2.2362904586490076), 'k1__k2__length_scale_bounds': (1e-05, 100000.0), 'k2__noise_level': np.float64(9.999999999999997e-06), 'k2__noise_level_bounds': (1e-05, 100000.0)}","[0.1336716088850135, 0.017436218550403296, 0.06933263638926722, 0.24314770940904967, 0.7927978918756159, 0.5474136458034864, 0.15784245095380803, 0.22370717172542762]",9.993491456835486,0.40440945976948356,"[{'type': 'lengthscale_collapse', 'severity': 0.9, 'details': {'lengthscales': [1e-05]}}]",{'acq': 'UCB'}
7,GP health,0.532606226069614,38.493507060159914,0.00017045606785543366,153735573711.60565,1,0.8,['noise_collapse']
7,GP anomalies,Sum,"{'k1': 1.82**2 * RBF(length_scale=[1.4, 1.71, 0.885, 4.32, 2.18, 1.82, 1.37, 11.2]), 'k2': WhiteKernel(noise_level=1e-08), 'k1__k1': 1.82**2, 'k1__k2': RBF(length_scale=[1.4, 1.71, 0.885, 4.32, 2.18, 1.82, 1.37, 11.2]), 'k1__k1__constant_value': np.float64(3.3167424089284885), 'k1__k1__constant_value_bounds': (0.001, 10000.0), 'k1__k2__length_scale': array([ 1.40023695,  1.70510898,  0.88456403,  4.31707674,  2.18178541,
        1.81998448,  1.36950371, 11.15486612]), 'k1__k2__length_scale_bounds': (0.011154866123262568, 11.154866123262568), 'k2__noise_level': np.float64(9.999999999999982e-09), 'k2__noise_level_bounds': (1e-08, np.float64(0.994285700110595))}",1,0.8,['noise_collapse']
7,0.4043912921737676,78859106.30890211,0.005372324773469699,5.456011440773274,1,0.9
7,GP health BAD,0.4043912921737676
7, 8D ML Hyperparameters,UCB,4.04**2 * RBF(length_scale=2.38) + WhiteKernel(noise_level=1e-05),"{'k1': 4.04**2 * RBF(length_scale=2.38), 'k2': WhiteKernel(noise_level=1e-05), 'k1__k1': 4.04**2, 'k1__k2': RBF(length_scale=2.38), 'k1__k1__constant_value': np.float64(16.361899410225643), 'k1__k1__constant_value_bounds': (1e-05, 100000.0), 'k1__k2__length_scale': np.float64(2.376168416269611), 'k1__k2__length_scale_bounds': (1e-05, 100000.0), 'k2__noise_level': np.float64(9.999999999999997e-06), 'k2__noise_level_bounds': (1e-05, 100000.0)}","[0.13525255303405853, 0.22636074015275295, 0.0, 0.12360181566623077, 0.7911667479144718, 0.5552832617100013, 0.21393660934160091, 0.34678931977476735]",9.994381540181038,0.4043912921737676,"[{'type': 'lengthscale_collapse', 'severity': 0.9, 'details': {'lengthscales': [1e-05]}}]",{'acq': 'UCB'}
8,GP health,0.5445291504507805,41.777156946159145,0.0001717655153182788,193559001133.58005,1,0.8,['noise_collapse']
8,GP anomalies,Sum,"{'k1': 1.34**2 * RBF(length_scale=[0.938, 1.44, 0.784, 3.63, 1.71, 11.1, 1.1, 2.38]), 'k2': WhiteKernel(noise_level=1e-08), 'k1__k1': 1.34**2, 'k1__k2': RBF(length_scale=[0.938, 1.44, 0.784, 3.63, 1.71, 11.1, 1.1, 2.38]), 'k1__k1__constant_value': np.float64(1.7863426460712244), 'k1__k1__constant_value_bounds': (0.001, 10000.0), 'k1__k2__length_scale': array([ 0.93760889,  1.43762816,  0.78409577,  3.63355829,  1.70828404,
       11.11203992,  1.09924209,  2.38369099]), 'k1__k2__length_scale_bounds': (0.01111203992286627, 11.11203992286627), 'k2__noise_level': np.float64(9.999999999999982e-09), 'k2__noise_level_bounds': (1e-08, np.float64(0.9689001261690358))}",1,0.8,['noise_collapse']
8,0.4043757388678447,110323675.68711318,0.005410786543863041,8.737746593004722,1,0.9
8,GP health BAD,0.4043757388678447
8, 8D ML Hyperparameters,UCB,4.7**2 * RBF(length_scale=2.59) + WhiteKernel(noise_level=1e-05),"{'k1': 4.7**2 * RBF(length_scale=2.59), 'k2': WhiteKernel(noise_level=1e-05), 'k1__k1': 4.7**2, 'k1__k2': RBF(length_scale=2.59), 'k1__k1__constant_value': np.float64(22.071223825317354), 'k1__k1__constant_value_bounds': (1e-05, 100000.0), 'k1__k2__length_scale': np.float64(2.5887673479296534), 'k1__k2__length_scale_bounds': (1e-05, 100000.0), 'k2__noise_level': np.float64(9.999999999999997e-06), 'k2__noise_level_bounds': (1e-05, 100000.0)}","[0.17073684766621144, 0.15003124112787766, 0.00827204527758052, 0.250349430689057, 0.8153361511703017, 0.5080403990556867, 0.0915069060125422, 0.2158077799477062]",9.998657798198785,0.4043757388678447,"[{'type': 'lengthscale_collapse', 'severity': 0.9, 'details': {'lengthscales': [1e-05]}}]",{'acq': 'UCB'}
9,GP health,0.5344806572974982,38.67960915691353,0.00017293614063119113,44250892772.241486,1,0.8,['noise_collapse']
9,GP anomalies,Sum,"{'k1': 1.88**2 * RBF(length_scale=[1.43, 1.72, 0.986, 3.98, 2.06, 1.78, 1.3, 11.1]), 'k2': WhiteKernel(noise_level=1e-08), 'k1__k1': 1.88**2, 'k1__k2': RBF(length_scale=[1.43, 1.72, 0.986, 3.98, 2.06, 1.78, 1.3, 11.1]), 'k1__k1__constant_value': np.float64(3.526731818657336), 'k1__k1__constant_value_bounds': (0.001, 10000.0), 'k1__k2__length_scale': array([ 1.43365751,  1.71759101,  0.98553326,  3.98157325,  2.06006206,
        1.78219625,  1.30426119, 11.08503003]), 'k1__k2__length_scale_bounds': (0.01108503003374896, 11.085030033748959), 'k2__noise_level': np.float64(9.999999999999982e-09), 'k2__noise_level_bounds': (1e-08, np.float64(0.9433539845196884))}",1,0.8,['noise_collapse']
9,0.4043622835121467,156823997.65073434,0.005444061486618164,12.251086649460241,1,0.9
9,GP health BAD,0.4043622835121467
9, 8D ML Hyperparameters,UCB,5.51**2 * RBF(length_scale=2.83) + WhiteKernel(noise_level=1e-05),"{'k1': 5.51**2 * RBF(length_scale=2.83), 'k2': WhiteKernel(noise_level=1e-05), 'k1__k1': 5.51**2, 'k1__k2': RBF(length_scale=2.83), 'k1__k1__constant_value': np.float64(30.33760759296156), 'k1__k1__constant_value_bounds': (1e-05, 100000.0), 'k1__k2__length_scale': np.float64(2.8300041470040798), 'k1__k2__length_scale_bounds': (1e-05, 100000.0), 'k2__noise_level': np.float64(9.999999999999997e-06), 'k2__noise_level_bounds': (1e-05, 100000.0)}","[0.1133357664185286, 0.1604089006918561, 0.0667862797676754, 0.3140594289455579, 0.7797252702646822, 0.532381797545771, 0.14641634770025425, 0.2614653616149463]",10.018670353134105,0.4043622835121467,"[{'type': 'lengthscale_collapse', 'severity': 0.9, 'details': {'lengthscales': [1e-05]}}]",{'acq': 'UCB'}
10,GP health,0.5375559403726744,48.76252270757601,0.0001740298001739516,156246794823.27612,1,0.8,['noise_collapse']
10,GP anomalies,Sum,"{'k1': 1.85**2 * RBF(length_scale=[1.46, 1.73, 0.971, 4.25, 2.09, 1.7, 1.26, 11]), 'k2': WhiteKernel(noise_level=1e-08), 'k1__k1': 1.85**2, 'k1__k2': RBF(length_scale=[1.46, 1.73, 0.971, 4.25, 2.09, 1.7, 1.26, 11]), 'k1__k1__constant_value': np.float64(3.4192537391100286), 'k1__k1__constant_value_bounds': (0.001, 10000.0), 'k1__k2__length_scale': array([ 1.45825095,  1.72909615,  0.97145224,  4.24878962,  2.09407303,
        1.70108121,  1.2578154 , 11.03652546]), 'k1__k2__length_scale_bounds': (0.011036525460393893, 11.036525460393893), 'k2__noise_level': np.float64(9.999999999999982e-09), 'k2__noise_level_bounds': (1e-08, np.float64(0.9180447157721173))}",1,0.8,['noise_collapse']
10,0.4043513360387412,222853542.93893823,0.005471135281695976,16.31359525404193,1,0.9
10,GP health BAD,0.4043513360387412
10, 8D ML Hyperparameters,UCB,6.47**2 * RBF(length_scale=3.09) + WhiteKernel(noise_level=1e-05),"{'k1': 6.47**2 * RBF(length_scale=3.09), 'k2': WhiteKernel(noise_level=1e-05), 'k1__k1': 6.47**2, 'k1__k2': RBF(length_scale=3.09), 'k1__k1__constant_value': np.float64(41.80209049629621), 'k1__k1__constant_value_bounds': (1e-05, 100000.0), 'k1__k2__length_scale': np.float64(3.0902693206616947), 'k1__k2__length_scale_bounds': (1e-05, 100000.0), 'k2__noise_level': np.float64(9.999999999999997e-06), 'k2__noise_level_bounds': (1e-05, 100000.0)}","[0.09433012948765412, 0.2532046371504511, 0.013735816468416755, 0.28007938476820693, 0.689592437205094, 0.5749283992228434, 0.1620480506323008, 0.23898748315325347]",10.021095425535679,0.4043513360387412,"[{'type': 'lengthscale_collapse', 'severity': 0.9, 'details': {'lengthscales': [1e-05]}}]",{'acq': 'UCB'}
11,GP health,0.5286320415414855,44.80542267268502,0.00017500205047517702,42761453433.11545,1,0.8,['noise_collapse']
11,GP anomalies,Sum,"{'k1': 2.77**2 * Matern(length_scale=[5.25, 7.36, 3.97, 10.7, 10.9, 8.67, 5.44, 11], nu=1.5), 'k2': WhiteKernel(noise_level=1e-08), 'k1__k1': 2.77**2, 'k1__k2': Matern(length_scale=[5.25, 7.36, 3.97, 10.7, 10.9, 8.67, 5.44, 11], nu=1.5), 'k1__k1__constant_value': np.float64(7.6764673857856405), 'k1__k1__constant_value_bounds': (0.001, 10000.0), 'k1__k2__length_scale': array([ 5.24813251,  7.36000445,  3.97304368, 10.65115784, 10.9331352 ,
        8.66515379,  5.44110273, 10.98845921]), 'k1__k2__length_scale_bounds': (0.010988459214258266, 10.988459214258267), 'k1__k2__nu': np.float64(1.5), 'k2__noise_level': np.float64(9.999999999999982e-09), 'k2__noise_level_bounds': (1e-08, np.float64(0.8927581700724025))}",1,0.8,['noise_collapse']
11,0.404342513136196,325688166.3483297,0.005492955411908337,20.188330990293345,1,0.9
11,GP health BAD,0.404342513136196
11, 8D ML Hyperparameters,UCB,7.7**2 * RBF(length_scale=3.4) + WhiteKernel(noise_level=1e-05),"{'k1': 7.7**2 * RBF(length_scale=3.4), 'k2': WhiteKernel(noise_level=1e-05), 'k1__k1': 7.7**2, 'k1__k2': RBF(length_scale=3.4), 'k1__k1__constant_value': np.float64(59.33956707175908), 'k1__k1__constant_value_bounds': (1e-05, 100000.0), 'k1__k2__length_scale': np.float64(3.3956880340449285), 'k1__k2__length_scale_bounds': (1e-05, 100000.0), 'k2__noise_level': np.float64(9.999999999999997e-06), 'k2__noise_level_bounds': (1e-05, 100000.0)}","[0.07581166640530634, 0.20460824755307386, 0.07384481312627886, 0.17537393840004128, 0.7639529836925654, 0.6023337382825746, 0.13356851779155574, 0.17787128982449987]",10.019920261107082,0.404342513136196,"[{'type': 'lengthscale_collapse', 'severity': 0.9, 'details': {'lengthscales': [1e-05]}}]",{'acq': 'UCB'}
12,GP health,0.5304046597487468,47.67430844815891,0.00017585205176420205,43559636130.29098,1,0.8,['noise_collapse']
12,GP anomalies,Sum,"{'k1': 2.77**2 * Matern(length_scale=[5.28, 7.65, 4.05, 10.2, 11, 8.54, 5.48, 11], nu=1.5), 'k2': WhiteKernel(noise_level=1e-08), 'k1__k1': 2.77**2, 'k1__k2': Matern(length_scale=[5.28, 7.65, 4.05, 10.2, 11, 8.54, 5.48, 11], nu=1.5), 'k1__k1__constant_value': np.float64(7.680733740998097), 'k1__k1__constant_value_bounds': (0.001, 10000.0), 'k1__k2__length_scale': array([ 5.27775129,  7.64775403,  4.0517049 , 10.24516231, 10.95169578,
        8.53519496,  5.47754626, 10.95169578]), 'k1__k2__length_scale_bounds': (0.010951695779368888, 10.951695779368888), 'k1__k2__nu': np.float64(1.5), 'k2__noise_level': np.float64(9.999999999999982e-09), 'k2__noise_level_bounds': (1e-08, np.float64(0.8675464452009888))}",1,0.8,['noise_collapse']
12,0.40433602058789864,437418131.46075165,0.005509012591682034,23.946879435813955,1,0.9
12,GP health BAD,0.40433602058789864
12, 8D ML Hyperparameters,UCB,8.82**2 * RBF(length_scale=3.65) + WhiteKernel(noise_level=1e-05),"{'k1': 8.82**2 * RBF(length_scale=3.65), 'k2': WhiteKernel(noise_level=1e-05), 'k1__k1': 8.82**2, 'k1__k2': RBF(length_scale=3.65), 'k1__k1__constant_value': np.float64(77.75466902486026), 'k1__k1__constant_value_bounds': (1e-05, 100000.0), 'k1__k2__length_scale': np.float64(3.651939606070402), 'k1__k2__length_scale_bounds': (1e-05, 100000.0), 'k2__noise_level': np.float64(9.999999999999997e-06), 'k2__noise_level_bounds': (1e-05, 100000.0)}","[0.17351520974022516, 0.3530824281721098, 0.0, 0.33701435094679366, 0.734378456538825, 0.5172313827214746, 0.13563651272832125, 0.1126087604798201]",10.009441128415721,0.40433602058789864,"[{'type': 'lengthscale_collapse', 'severity': 0.9, 'details': {'lengthscales': [1e-05]}}]",{'acq': 'UCB'}
13,GP health,0.53218776146325,49.51173525389037,0.00017656590334710488,42128797558.05687,1,0.8,['noise_collapse']
13,GP anomalies,Sum,"{'k1': 2.7**2 * Matern(length_scale=[5.11, 7.64, 4.04, 9.6, 10.4, 8.54, 5.33, 10.9], nu=1.5), 'k2': WhiteKernel(noise_level=1e-08), 'k1__k1': 2.7**2, 'k1__k2': Matern(length_scale=[5.11, 7.64, 4.04, 9.6, 10.4, 8.54, 5.33, 10.9], nu=1.5), 'k1__k1__constant_value': np.float64(7.313633060865836), 'k1__k1__constant_value_bounds': (0.001, 10000.0), 'k1__k2__length_scale': array([ 5.10702799,  7.63765542,  4.03780306,  9.60309501, 10.44797479,
        8.54315155,  5.3336072 , 10.9136133 ]), 'k1__k2__length_scale_bounds': (0.010913613296761595, 10.913613296761595), 'k1__k2__nu': np.float64(1.5), 'k2__noise_level': np.float64(9.999999999999982e-09), 'k2__noise_level_bounds': (1e-08, np.float64(0.8423818058386244))}",1,0.8,['noise_collapse']
13,0.4043321475298899,583715245.0398076,0.0055185914477850935,27.57753075229268,1,0.9
13,GP health BAD,0.4043321475298899
13, 8D ML Hyperparameters,UCB,10.1**2 * RBF(length_scale=3.92) + WhiteKernel(noise_level=1e-05),"{'k1': 10.1**2 * RBF(length_scale=3.92), 'k2': WhiteKernel(noise_level=1e-05), 'k1__k1': 10.1**2, 'k1__k2': RBF(length_scale=3.92), 'k1__k1__constant_value': np.float64(101.37969084537379), 'k1__k1__constant_value_bounds': (1e-05, 100000.0), 'k1__k2__length_scale': np.float64(3.918016623842379), 'k1__k2__length_scale_bounds': (1e-05, 100000.0), 'k2__noise_level': np.float64(9.999999999999997e-06), 'k2__noise_level_bounds': (1e-05, 100000.0)}","[0.0983523362957051, 0.2555642806047525, 0.0, 0.32043020014328355, 0.7166375127969383, 0.5471149348159756, 0.132531474402188, 0.11946842441038646]",10.02387047575475,0.4043321475298899,"[{'type': 'lengthscale_collapse', 'severity': 0.9, 'details': {'lengthscales': [1e-05]}}]",{'acq': 'UCB'}
14,GP health,0.5183885883412356,64.33298275146743,0.00017722215188982945,221972692695.9854,1,0.8,['noise_collapse']
14,GP anomalies,Sum,"{'k1': 6.11**2 * Matern(length_scale=[5.3, 7.56, 4.55, 7.65, 8.62, 8.34, 5.35, 10.9], nu=2.5), 'k2': WhiteKernel(noise_level=1e-08), 'k1__k1': 6.11**2, 'k1__k2': Matern(length_scale=[5.3, 7.56, 4.55, 7.65, 8.62, 8.34, 5.35, 10.9], nu=2.5), 'k1__k1__constant_value': np.float64(37.352934630897565), 'k1__k1__constant_value_bounds': (0.001, 10000.0), 'k1__k2__length_scale': array([ 5.30133717,  7.56296281,  4.55128538,  7.64640508,  8.61979476,
        8.33770053,  5.34604316, 10.87579125]), 'k1__k2__length_scale_bounds': (0.010875791246968594, 10.875791246968593), 'k1__k2__nu': np.float64(2.5), 'k2__noise_level': np.float64(9.999999999999982e-09), 'k2__noise_level_bounds': (1e-08, np.float64(0.8176818493202178))}",1,0.8,['noise_collapse']
14,0.40432966411197396,740386620.2206792,0.005524733491047603,31.9447475299133,1,0.9
14,GP health BAD,0.40432966411197396
14, 8D ML Hyperparameters,UCB,11.2**2 * RBF(length_scale=4.15) + WhiteKernel(noise_level=1e-05),"{'k1': 11.2**2 * RBF(length_scale=4.15), 'k2': WhiteKernel(noise_level=1e-05), 'k1__k1': 11.2**2, 'k1__k2': RBF(length_scale=4.15), 'k1__k1__constant_value': np.float64(125.90423568430364), 'k1__k1__constant_value_bounds': (1e-05, 100000.0), 'k1__k2__length_scale': np.float64(4.149386046251974), 'k1__k2__length_scale_bounds': (1e-05, 100000.0), 'k2__noise_level': np.float64(9.999999999999997e-06), 'k2__noise_level_bounds': (1e-05, 100000.0)}","[0.11895437029874208, 0.2930680183389967, 0.0, 0.314459128589749, 0.7286238433764294, 0.6760907956792401, 0.1377474557594276, 0.0]",10.013590811580258,0.40432966411197396,"[{'type': 'lengthscale_collapse', 'severity': 0.9, 'details': {'lengthscales': [1e-05]}}]",{'acq': 'UCB'}
15,GP health,0.5210712921008454,68.09805982496111,0.00017776441044873234,219724858803.78467,1,0.8,['noise_collapse']
15,GP anomalies,Sum,"{'k1': 6.03**2 * Matern(length_scale=[5.29, 7.54, 4.56, 7.55, 8.52, 8.52, 5.33, 10.9], nu=2.5), 'k2': WhiteKernel(noise_level=1e-08), 'k1__k1': 6.03**2, 'k1__k2': Matern(length_scale=[5.29, 7.54, 4.56, 7.55, 8.52, 8.52, 5.33, 10.9], nu=2.5), 'k1__k1__constant_value': np.float64(36.37992187961217), 'k1__k1__constant_value_bounds': (0.001, 10000.0), 'k1__k2__length_scale': array([ 5.29052496,  7.53614403,  4.55830764,  7.55033946,  8.5158322 ,
        8.52485645,  5.32668154, 10.85732058]), 'k1__k2__length_scale_bounds': (0.010857320575595521, 10.857320575595521), 'k1__k2__nu': np.float64(2.5), 'k2__noise_level': np.float64(9.999999999999982e-09), 'k2__noise_level_bounds': (1e-08, np.float64(0.7931823648290847))}",1,0.8,['noise_collapse']
15,0.4043280985077642,964779823.9766452,0.005528605596855919,35.72186848777221,1,0.9
15,GP health BAD,0.4043280985077642
15, 8D ML Hyperparameters,UCB,12.7**2 * RBF(length_scale=4.42) + WhiteKernel(noise_level=1e-05),"{'k1': 12.7**2 * RBF(length_scale=4.42), 'k2': WhiteKernel(noise_level=1e-05), 'k1__k1': 12.7**2, 'k1__k2': RBF(length_scale=4.42), 'k1__k1__constant_value': np.float64(160.70661709901754), 'k1__k1__constant_value_bounds': (1e-05, 100000.0), 'k1__k2__length_scale': np.float64(4.422964196305517), 'k1__k2__length_scale_bounds': (1e-05, 100000.0), 'k2__noise_level': np.float64(9.999999999999997e-06), 'k2__noise_level_bounds': (1e-05, 100000.0)}","[0.09224925875338172, 0.19986565758674762, 0.04412932207623527, 0.25730857399138335, 0.7603582952467955, 0.5057222558072719, 0.16457066254146618, 0.14251345240621816]",10.025667606659576,0.4043280985077642,"[{'type': 'lengthscale_collapse', 'severity': 0.9, 'details': {'lengthscales': [1e-05]}}]",{'acq': 'UCB'}
16,GP health,0.5397031399670025,59.24836434635858,0.0001782608760498907,40060359970.405075,1,0.8,['noise_collapse']
16,GP anomalies,Sum,"{'k1': 2.58**2 * Matern(length_scale=[4.98, 7.41, 3.97, 9.33, 9.82, 9.37, 5.23, 10.8], nu=1.5), 'k2': WhiteKernel(noise_level=1e-08), 'k1__k1': 2.58**2, 'k1__k2': Matern(length_scale=[4.98, 7.41, 3.97, 9.33, 9.82, 9.37, 5.23, 10.8], nu=1.5), 'k1__k1__constant_value': np.float64(6.6307500152325805), 'k1__k1__constant_value_bounds': (0.001, 10000.0), 'k1__k2__length_scale': array([ 4.98189647,  7.40576795,  3.97302792,  9.32572339,  9.82327705,
        9.3664028 ,  5.2252012 , 10.80817633]), 'k1__k2__length_scale_bounds': (0.01080817632728315, 10.80817632728315), 'k1__k2__nu': np.float64(1.5), 'k2__noise_level': np.float64(9.999999999999982e-09), 'k2__noise_level_bounds': (1e-08, np.float64(0.769204602470175))}",1,0.8,['noise_collapse']
16,0.4043289778619894,1122525380.0970137,0.005526430746104218,40.17728764919715,1,0.9
16,GP health BAD,0.4043289778619894
16, 8D ML Hyperparameters,UCB,13.5**2 * RBF(length_scale=4.58) + WhiteKernel(noise_level=1e-05),"{'k1': 13.5**2 * RBF(length_scale=4.58), 'k2': WhiteKernel(noise_level=1e-05), 'k1__k1': 13.5**2, 'k1__k2': RBF(length_scale=4.58), 'k1__k1__constant_value': np.float64(183.58717098956683), 'k1__k1__constant_value_bounds': (1e-05, 100000.0), 'k1__k2__length_scale': np.float64(4.581218180736264), 'k1__k2__length_scale_bounds': (1e-05, 100000.0), 'k2__noise_level': np.float64(9.999999999999997e-06), 'k2__noise_level_bounds': (1e-05, 100000.0)}","[0.11807562870226054, 0.20906869309950718, 0.04555831325554957, 0.2420613384316405, 0.7126071264404341, 0.5109538977761376, 0.13977550415613255, 0.17259426021976967]",10.02694998268843,0.4043289778619894,"[{'type': 'lengthscale_collapse', 'severity': 0.9, 'details': {'lengthscales': [1e-05]}}]",{'acq': 'UCB'}
17,GP health,0.5255060492769684,78.07469787778368,0.00017867812616464304,254554222782.6049,1,0.8,['noise_collapse']
17,GP anomalies,Sum,"{'k1': 6.38**2 * Matern(length_scale=[5.51, 7.84, 4.77, 8.12, 8.88, 8.89, 5.56, 10.8], nu=2.5), 'k2': WhiteKernel(noise_level=1e-08), 'k1__k1': 6.38**2, 'k1__k2': Matern(length_scale=[5.51, 7.84, 4.77, 8.12, 8.88, 8.89, 5.56, 10.8], nu=2.5), 'k1__k1__constant_value': np.float64(40.736596946866975), 'k1__k1__constant_value_bounds': (0.001, 10000.0), 'k1__k2__length_scale': array([ 5.50954431,  7.84002695,  4.77038921,  8.12290501,  8.87525037,
        8.88743852,  5.56138891, 10.75192619]), 'k1__k2__length_scale_bounds': (0.010751926190461286, 10.751926190461285), 'k1__k2__nu': np.float64(2.5), 'k2__noise_level': np.float64(9.999999999999982e-09), 'k2__noise_level_bounds': (1e-08, np.float64(0.7456532583454111))}",1,0.8,['noise_collapse']
17,0.4043314783594368,1246998540.5446036,0.00552024645100682,44.828141452014805,1,0.9
17,GP health BAD,0.4043314783594368
17, 8D ML Hyperparameters,UCB,14.2**2 * RBF(length_scale=4.69) + WhiteKernel(noise_level=1e-05),"{'k1': 14.2**2 * RBF(length_scale=4.69), 'k2': WhiteKernel(noise_level=1e-05), 'k1__k1': 14.2**2, 'k1__k2': RBF(length_scale=4.69), 'k1__k1__constant_value': np.float64(200.45111805199122), 'k1__k1__constant_value_bounds': (1e-05, 100000.0), 'k1__k2__length_scale': np.float64(4.68935011407253), 'k1__k2__length_scale_bounds': (1e-05, 100000.0), 'k2__noise_level': np.float64(9.999999999999997e-06), 'k2__noise_level_bounds': (1e-05, 100000.0)}","[0.13181428796495293, 0.21152025042743058, 0.043984447678195426, 0.279977288889104, 0.7236974284330256, 0.596740634851741, 0.14348464948166642, 0.21309821356834713]",10.02649368689919,0.4043314783594368,"[{'type': 'lengthscale_collapse', 'severity': 0.9, 'details': {'lengthscales': [1e-05]}}]",{'acq': 'UCB'}
18,GP health,0.545028670875502,67.09843331741106,0.0001790381598323778,40090407427.54133,1,0.8,['noise_collapse']
18,GP anomalies,Sum,"{'k1': 2.54**2 * Matern(length_scale=[4.99, 7.43, 3.98, 9.28, 9.89, 9.57, 5.22, 10.7], nu=1.5), 'k2': WhiteKernel(noise_level=1e-08), 'k1__k1': 2.54**2, 'k1__k2': Matern(length_scale=[4.99, 7.43, 3.98, 9.28, 9.89, 9.57, 5.22, 10.7], nu=1.5), 'k1__k1__constant_value': np.float64(6.428413766892848), 'k1__k1__constant_value_bounds': (0.001, 10000.0), 'k1__k2__length_scale': array([ 4.99147472,  7.43080669,  3.97650952,  9.28240193,  9.88912661,
        9.57386174,  5.22238555, 10.69092381]), 'k1__k2__length_scale_bounds': (0.010690923809296293, 10.690923809296294), 'k1__k2__nu': np.float64(1.5), 'k2__noise_level': np.float64(9.999999999999982e-09), 'k2__noise_level_bounds': (1e-08, np.float64(0.7225437155828173))}",1,0.8,['noise_collapse']
18,0.40433502523174747,1363548623.7149334,0.005511474300077,49.49329020931108,1,0.9
18,GP health BAD,0.40433502523174747
18, 8D ML Hyperparameters,UCB,14.7**2 * RBF(length_scale=4.78) + WhiteKernel(noise_level=1e-05),"{'k1': 14.7**2 * RBF(length_scale=4.78), 'k2': WhiteKernel(noise_level=1e-05), 'k1__k1': 14.7**2, 'k1__k2': RBF(length_scale=4.78), 'k1__k1__constant_value': np.float64(215.5444771874232), 'k1__k1__constant_value_bounds': (1e-05, 100000.0), 'k1__k2__length_scale': np.float64(4.780316641927118), 'k1__k2__length_scale_bounds': (1e-05, 100000.0), 'k2__noise_level': np.float64(9.999999999999997e-06), 'k2__noise_level_bounds': (1e-05, 100000.0)}","[0.09359041131379592, 0.20775763607861078, 0.04132144730647742, 0.2858229738078569, 0.727995947867882, 0.5312765275777612, 0.14319271963676686, 0.16524798189318418]",10.02768841564189,0.40433502523174747,"[{'type': 'lengthscale_collapse', 'severity': 0.9, 'details': {'lengthscales': [1e-05]}}]",{'acq': 'UCB'}
19,GP health,0.5478844426477127,71.72508355822156,0.00017933267903017685,40725364388.13187,1,0.8,['noise_collapse']
19,GP anomalies,Sum,"{'k1': 2.54**2 * Matern(length_scale=[5.04, 7.5, 4.01, 9.41, 9.96, 9.48, 5.26, 10.6], nu=1.5), 'k2': WhiteKernel(noise_level=1e-08), 'k1__k1': 2.54**2, 'k1__k2': Matern(length_scale=[5.04, 7.5, 4.01, 9.41, 9.96, 9.48, 5.26, 10.6], nu=1.5), 'k1__k1__constant_value': np.float64(6.426698545260615), 'k1__k1__constant_value_bounds': (0.001, 10000.0), 'k1__k2__length_scale': array([ 5.03780309,  7.50143004,  4.0108382 ,  9.41251345,  9.96163809,
        9.48028872,  5.2552833 , 10.63421599]), 'k1__k2__length_scale_bounds': (0.010634215992520788, 10.634215992520788), 'k1__k2__nu': np.float64(1.5), 'k2__noise_level': np.float64(9.999999999999982e-09), 'k2__noise_level_bounds': (1e-08, np.float64(0.6999193093523478))}",1,0.8,['noise_collapse']
19,0.40434025296591203,1413650629.309185,0.005498545169422126,54.28683584245945,1,0.9
19,GP health BAD,0.40434025296591203
19, 8D ML Hyperparameters,UCB,14.8**2 * RBF(length_scale=4.81) + WhiteKernel(noise_level=1e-05),"{'k1': 14.8**2 * RBF(length_scale=4.81), 'k2': WhiteKernel(noise_level=1e-05), 'k1__k1': 14.8**2, 'k1__k2': RBF(length_scale=4.81), 'k1__k1__constant_value': np.float64(219.97593999589014), 'k1__k1__constant_value_bounds': (1e-05, 100000.0), 'k1__k2__length_scale': np.float64(4.807736016919086), 'k1__k2__length_scale_bounds': (1e-05, 100000.0), 'k2__noise_level': np.float64(9.999999999999997e-06), 'k2__noise_level_bounds': (1e-05, 100000.0)}","[0.11379331788902908, 0.22937199342881306, 0.02688126126485771, 0.23235397309099937, 0.718707902375755, 0.5480379971888516, 0.15486713382980236, 0.18305753949460907]",10.027685734790644,0.40434025296591203,"[{'type': 'lengthscale_collapse', 'severity': 0.9, 'details': {'lengthscales': [1e-05]}}]",{'acq': 'UCB'}
20,GP health,0.5352835057315394,96.05605186652676,0.0001795127831603415,281180697799.8767,1,0.8,['noise_collapse']
20,GP anomalies,Sum,"{'k1': 6.55**2 * Matern(length_scale=[5.66, 8.11, 4.96, 8.3, 9.01, 9.2, 5.72, 10.6], nu=2.5), 'k2': WhiteKernel(noise_level=1e-08), 'k1__k1': 6.55**2, 'k1__k2': Matern(length_scale=[5.66, 8.11, 4.96, 8.3, 9.01, 9.2, 5.72, 10.6], nu=2.5), 'k1__k1__constant_value': np.float64(42.91385403644443), 'k1__k1__constant_value_bounds': (0.001, 10000.0), 'k1__k2__length_scale': array([ 5.65600503,  8.1061741 ,  4.95804318,  8.29637498,  9.00719069,
        9.2029443 ,  5.72347229, 10.57412785]), 'k1__k2__length_scale_bounds': (0.01057412784594712, 10.574127845947121), 'k1__k2__nu': np.float64(2.5), 'k2__noise_level': np.float64(9.999999999999982e-09), 'k2__noise_level_bounds': (1e-08, np.float64(0.6777892117508962))}",1,0.8,['noise_collapse']
20,0.4043458660075335,1471445195.4752913,0.005484663289939078,59.062118340937616,1,0.9
20,GP health BAD,0.4043458660075335
20, 8D ML Hyperparameters,UCB,15**2 * RBF(length_scale=4.84) + WhiteKernel(noise_level=1e-05),"{'k1': 15**2 * RBF(length_scale=4.84), 'k2': WhiteKernel(noise_level=1e-05), 'k1__k1': 15**2, 'k1__k2': RBF(length_scale=4.84), 'k1__k1__constant_value': np.float64(225.4347763028267), 'k1__k1__constant_value_bounds': (1e-05, 100000.0), 'k1__k2__length_scale': np.float64(4.839714506848486), 'k1__k2__length_scale_bounds': (1e-05, 100000.0), 'k2__noise_level': np.float64(9.999999999999997e-06), 'k2__noise_level_bounds': (1e-05, 100000.0)}","[0.12157718285062191, 0.24250357331311131, 0.04483118988024038, 0.1991227961940042, 0.7560956009084723, 0.5187021456778834, 0.16127804639030532, 0.21986728467594127]",10.02511215781556,0.4043458660075335,"[{'type': 'lengthscale_collapse', 'severity': 0.9, 'details': {'lengthscales': [1e-05]}}]",{'acq': 'UCB'}
21,GP health,0.5382388334515388,101.89542365770365,0.0001796794703728791,291163983806.94073,1,0.8,['noise_collapse']
21,GP anomalies,Sum,"{'k1': 6.62**2 * Matern(length_scale=[5.73, 8.25, 5.01, 8.37, 9.05, 9.29, 5.78, 10.5], nu=2.5), 'k2': WhiteKernel(noise_level=1e-08), 'k1__k1': 6.62**2, 'k1__k2': Matern(length_scale=[5.73, 8.25, 5.01, 8.37, 9.05, 9.29, 5.78, 10.5], nu=2.5), 'k1__k1__constant_value': np.float64(43.760009907886825), 'k1__k1__constant_value_bounds': (0.001, 10000.0), 'k1__k2__length_scale': array([ 5.72638538,  8.24945062,  5.00714219,  8.36764974,  9.05387952,
        9.29067945,  5.77725091, 10.51047927]), 'k1__k2__length_scale_bounds': (0.010510479273079182, 10.510479273079183), 'k1__k2__nu': np.float64(2.5), 'k2__noise_level': np.float64(9.999999999999982e-09), 'k2__noise_level_bounds': (1e-08, np.float64(0.656149215034983))}",1,0.8,['noise_collapse']
21,0.40435172369346245,1541630673.067125,0.00547017657450016,63.77564182136842,1,0.9
21,GP health BAD,0.40435172369346245
21, 8D ML Hyperparameters,UCB,15.3**2 * RBF(length_scale=4.88) + WhiteKernel(noise_level=1e-05),"{'k1': 15.3**2 * RBF(length_scale=4.88), 'k2': WhiteKernel(noise_level=1e-05), 'k1__k1': 15.3**2, 'k1__k2': RBF(length_scale=4.88), 'k1__k1__constant_value': np.float64(232.57383735169168), 'k1__k1__constant_value_bounds': (1e-05, 100000.0), 'k1__k2__length_scale': np.float64(4.879534852338338), 'k1__k2__length_scale_bounds': (1e-05, 100000.0), 'k2__noise_level': np.float64(9.999999999999997e-06), 'k2__noise_level_bounds': (1e-05, 100000.0)}","[0.08229764059861178, 0.19783967687735085, 0.06157342486624345, 0.258209547821175, 0.7488279266459543, 0.578931551583001, 0.17380033946855775, 0.21139232302872352]",10.028656355504667,0.40435172369346245,"[{'type': 'lengthscale_collapse', 'severity': 0.9, 'details': {'lengthscales': [1e-05]}}]",{'acq': 'UCB'}
22,GP health,0.556472992404728,84.7956430589994,0.00017989022744395545,40312143854.81789,1,0.8,['noise_collapse']
22,GP anomalies,Sum,"{'k1': 2.47**2 * Matern(length_scale=[5.01, 7.44, 3.99, 9.55, 9.78, 9.7, 5.23, 10.4], nu=1.5), 'k2': WhiteKernel(noise_level=1e-08), 'k1__k1': 2.47**2, 'k1__k2': Matern(length_scale=[5.01, 7.44, 3.99, 9.55, 9.78, 9.7, 5.23, 10.4], nu=1.5), 'k1__k1__constant_value': np.float64(6.083098265402405), 'k1__k1__constant_value_bounds': (0.001, 10000.0), 'k1__k2__length_scale': array([ 5.01057695,  7.44178659,  3.99115962,  9.55249876,  9.78065833,
        9.69892497,  5.23128232, 10.44729854]), 'k1__k2__length_scale_bounds': (0.010447298542109976, 10.447298542109975), 'k1__k2__nu': np.float64(1.5), 'k2__noise_level': np.float64(9.999999999999982e-09), 'k2__noise_level_bounds': (1e-08, np.float64(0.6350602968342458))}",1,0.8,['noise_collapse']
22,0.40435789035019054,1618402987.9741142,0.005454925966318653,68.51756427613093,1,0.9
22,GP health BAD,0.40435789035019054
22, 8D ML Hyperparameters,UCB,15.5**2 * RBF(length_scale=4.92) + WhiteKernel(noise_level=1e-05),"{'k1': 15.5**2 * RBF(length_scale=4.92), 'k2': WhiteKernel(noise_level=1e-05), 'k1__k1': 15.5**2, 'k1__k2': RBF(length_scale=4.92), 'k1__k1__constant_value': np.float64(240.47117518942972), 'k1__k1__constant_value_bounds': (1e-05, 100000.0), 'k1__k2__length_scale': np.float64(4.92190636717603), 'k1__k2__length_scale_bounds': (1e-05, 100000.0), 'k2__noise_level': np.float64(9.999999999999997e-06), 'k2__noise_level_bounds': (1e-05, 100000.0)}","[0.11065723355312772, 0.21884259827406682, 0.0325075584198837, 0.29890875839723013, 0.6869660246093019, 0.5735058639476353, 0.14717578877619866, 0.1405395778780557]",10.026486155446701,0.40435789035019054,"[{'type': 'lengthscale_collapse', 'severity': 0.9, 'details': {'lengthscales': [1e-05]}}]",{'acq': 'UCB'}
23,GP health,0.5592445278554035,89.21911100344894,0.0001799815439083274,40283173758.82769,1,0.8,['noise_collapse']
23,GP anomalies,Sum,"{'k1': 2.45**2 * Matern(length_scale=[5, 7.44, 3.98, 9.56, 9.82, 9.79, 5.22, 10.4], nu=1.5), 'k2': WhiteKernel(noise_level=1e-08), 'k1__k1': 2.45**2, 'k1__k2': Matern(length_scale=[5, 7.44, 3.98, 9.56, 9.82, 9.79, 5.22, 10.4], nu=1.5), 'k1__k1__constant_value': np.float64(5.991543421977538), 'k1__k1__constant_value_bounds': (0.001, 10000.0), 'k1__k2__length_scale': array([ 4.99556171,  7.43546856,  3.97869804,  9.55500644,  9.8241456 ,
        9.79410451,  5.21750355, 10.3896922 ]), 'k1__k2__length_scale_bounds': (0.010389692201165517, 10.389692201165516), 'k1__k2__nu': np.float64(1.5), 'k2__noise_level': np.float64(9.999999999999982e-09), 'k2__noise_level_bounds': (1e-08, np.float64(0.6144851765681932))}",1,0.8,['noise_collapse']
23,0.40436426135088366,1711538067.541087,0.00543917024433224,73.19007203231945,1,0.9
23,GP health BAD,0.40436426135088366
23, 8D ML Hyperparameters,UCB,15.8**2 * RBF(length_scale=4.97) + WhiteKernel(noise_level=1e-05),"{'k1': 15.8**2 * RBF(length_scale=4.97), 'k2': WhiteKernel(noise_level=1e-05), 'k1__k1': 15.8**2, 'k1__k2': RBF(length_scale=4.97), 'k1__k1__constant_value': np.float64(250.50906777874903), 'k1__k1__constant_value_bounds': (1e-05, 100000.0), 'k1__k2__length_scale': np.float64(4.973595626240071), 'k1__k2__length_scale_bounds': (1e-05, 100000.0), 'k2__noise_level': np.float64(9.999999999999997e-06), 'k2__noise_level_bounds': (1e-05, 100000.0)}","[0.09216042765625676, 0.2169755366039891, 0.059212290282854636, 0.2583089922127206, 0.7493624473111786, 0.617954659382049, 0.16842361496038744, 0.22205878967108114]",10.028389364311073,0.40436426135088366,"[{'type': 'lengthscale_collapse', 'severity': 0.9, 'details': {'lengthscales': [1e-05]}}]",{'acq': 'UCB'}
24,GP health,0.5622660750389554,93.97092790136611,0.00018003567568542774,39972925865.66003,1,0.8,['noise_collapse']
24,GP anomalies,Sum,"{'k1': 2.42**2 * Matern(length_scale=[4.96, 7.39, 3.94, 9.46, 9.63, 10.3, 5.18, 10.3], nu=1.5), 'k2': WhiteKernel(noise_level=1e-08), 'k1__k1': 2.42**2, 'k1__k2': Matern(length_scale=[4.96, 7.39, 3.94, 9.46, 9.63, 10.3, 5.18, 10.3], nu=1.5), 'k1__k1__constant_value': np.float64(5.862978168796896), 'k1__k1__constant_value_bounds': (0.001, 10000.0), 'k1__k2__length_scale': array([ 4.961438  ,  7.38646723,  3.94455498,  9.46443218,  9.62995312,
       10.32606242,  5.17818083, 10.32606242]), 'k1__k2__length_scale_bounds': (0.010326062418755715, 10.326062418755715), 'k1__k2__nu': np.float64(1.5), 'k2__noise_level': np.float64(9.999999999999982e-09), 'k2__noise_level_bounds': (1e-08, np.float64(0.5944579978989999))}",1,0.8,['noise_collapse']
24,0.40437088473491056,1809296288.6312041,0.005422790632146212,77.87453267218541,1,0.9
24,GP health BAD,0.40437088473491056
24, 8D ML Hyperparameters,UCB,16.2**2 * RBF(length_scale=5.03) + WhiteKernel(noise_level=1e-05),"{'k1': 16.2**2 * RBF(length_scale=5.03), 'k2': WhiteKernel(noise_level=1e-05), 'k1__k1': 16.2**2, 'k1__k2': RBF(length_scale=5.03), 'k1__k1__constant_value': np.float64(260.9151945232607), 'k1__k1__constant_value_bounds': (1e-05, 100000.0), 'k1__k2__length_scale': np.float64(5.025077081640779), 'k1__k2__length_scale_bounds': (1e-05, 100000.0), 'k2__noise_level': np.float64(9.999999999999997e-06), 'k2__noise_level_bounds': (1e-05, 100000.0)}","[0.08050330637651382, 0.19859220829843952, 0.06921588524020125, 0.2657696725872539, 0.7864047764761102, 0.5825504906593248, 0.1766030401900808, 0.19850995928020984]",10.026851728775682,0.40437088473491056,"[{'type': 'lengthscale_collapse', 'severity': 0.9, 'details': {'lengthscales': [1e-05]}}]",{'acq': 'UCB'}
25,GP health,0.5649738010282223,98.64179648364795,0.00018004992550309736,40233153383.40579,1,0.8,['noise_collapse']
25,GP anomalies,Sum,"{'k1': 2.41**2 * Matern(length_scale=[4.97, 7.41, 3.96, 9.39, 9.83, 10.3, 5.18, 10.3], nu=1.5), 'k2': WhiteKernel(noise_level=1e-08), 'k1__k1': 2.41**2, 'k1__k2': Matern(length_scale=[4.97, 7.41, 3.96, 9.39, 9.83, 10.3, 5.18, 10.3], nu=1.5), 'k1__k1__constant_value': np.float64(5.816848901375241), 'k1__k1__constant_value_bounds': (0.001, 10000.0), 'k1__k2__length_scale': array([ 4.96610697,  7.41115483,  3.95826338,  9.39391484,  9.83332409,
       10.26410112,  5.18480711, 10.26410112]), 'k1__k2__length_scale_bounds': (0.01026410112002868, 10.264101120028679), 'k1__k2__nu': np.float64(1.5), 'k2__noise_level': np.float64(9.999999999999982e-09), 'k2__noise_level_bounds': (1e-08, np.float64(0.5749568207038733))}",1,0.8,['noise_collapse']
25,0.4043777949259965,1909476721.3121066,0.005405702032782957,82.5209142587854,1,0.9
25,GP health BAD,0.4043777949259965
25, 8D ML Hyperparameters,UCB,16.5**2 * RBF(length_scale=5.07) + WhiteKernel(noise_level=1e-05),"{'k1': 16.5**2 * RBF(length_scale=5.07), 'k2': WhiteKernel(noise_level=1e-05), 'k1__k1': 16.5**2, 'k1__k2': RBF(length_scale=5.07), 'k1__k1__constant_value': np.float64(271.37109431409294), 'k1__k1__constant_value_bounds': (1e-05, 100000.0), 'k1__k2__length_scale': np.float64(5.074778756828734), 'k1__k2__length_scale_bounds': (1e-05, 100000.0), 'k2__noise_level': np.float64(9.999999999999997e-06), 'k2__noise_level_bounds': (1e-05, 100000.0)}","[0.07453682087594073, 0.2323540150173653, 0.04912841267115673, 0.2672268342971431, 0.7895159922107011, 0.6168207596732457, 0.17634526668519526, 0.17494696497646314]",10.025507440313962,0.4043777949259965,"[{'type': 'lengthscale_collapse', 'severity': 0.9, 'details': {'lengthscales': [1e-05]}}]",{'acq': 'UCB'}
26,GP health,0.553077715825252,132.58403510840537,0.0001797974405557489,329166949486.6316,1,0.8,['noise_collapse']
26,GP anomalies,Sum,"{'k1': 6.78**2 * Matern(length_scale=[5.89, 8.55, 5.2, 8.42, 9.18, 10.2, 5.94, 10.2], nu=2.5), 'k2': WhiteKernel(noise_level=1e-08), 'k1__k1': 6.78**2, 'k1__k2': Matern(length_scale=[5.89, 8.55, 5.2, 8.42, 9.18, 10.2, 5.94, 10.2], nu=2.5), 'k1__k1__constant_value': np.float64(46.001475229376666), 'k1__k1__constant_value_bounds': (0.001, 10000.0), 'k1__k2__length_scale': array([ 5.89172539,  8.54638417,  5.19966975,  8.41975745,  9.17660856,
       10.19563961,  5.9432494 , 10.2062401 ]), 'k1__k2__length_scale_bounds': (0.010206240103075243, 10.206240103075244), 'k1__k2__nu': np.float64(2.5), 'k2__noise_level': np.float64(9.999999999999982e-09), 'k2__noise_level_bounds': (1e-08, np.float64(0.5559838425643403))}",1,0.8,['noise_collapse']
26,0.40438492036477813,2019660793.922792,0.005388081441113557,87.1333196652405,1,0.9
26,GP health BAD,0.40438492036477813
26, 8D ML Hyperparameters,UCB,16.8**2 * RBF(length_scale=5.13) + WhiteKernel(noise_level=1e-05),"{'k1': 16.8**2 * RBF(length_scale=5.13), 'k2': WhiteKernel(noise_level=1e-05), 'k1__k1': 16.8**2, 'k1__k2': RBF(length_scale=5.13), 'k1__k1__constant_value': np.float64(282.92577731398194), 'k1__k1__constant_value_bounds': (1e-05, 100000.0), 'k1__k2__length_scale': np.float64(5.127649541962847), 'k1__k2__length_scale_bounds': (1e-05, 100000.0), 'k2__noise_level': np.float64(9.999999999999997e-06), 'k2__noise_level_bounds': (1e-05, 100000.0)}","[0.09460841416111615, 0.24767867833090426, 0.05979299356864717, 0.2647852291491802, 0.7484614229020852, 0.5800217391122406, 0.13932671924592743, 0.17810848442649097]",10.028531222432278,0.40438492036477813,"[{'type': 'lengthscale_collapse', 'severity': 0.9, 'details': {'lengthscales': [1e-05]}}]",{'acq': 'UCB'}
27,GP health,0.5700573292568086,107.37554750228131,0.0001799794472623405,40221149335.398415,1,0.8,['noise_collapse']
27,GP anomalies,Sum,"{'k1': 2.38**2 * Matern(length_scale=[4.96, 7.46, 3.96, 9.29, 9.85, 10.1, 5.18, 10.1], nu=1.5), 'k2': WhiteKernel(noise_level=1e-08), 'k1__k1': 2.38**2, 'k1__k2': Matern(length_scale=[4.96, 7.46, 3.96, 9.29, 9.85, 10.1, 5.18, 10.1], nu=1.5), 'k1__k1__constant_value': np.float64(5.655602595023743), 'k1__k1__constant_value_bounds': (0.001, 10000.0), 'k1__k2__length_scale': array([ 4.96280715,  7.46040376,  3.96391068,  9.28720012,  9.84729003,
       10.14389245,  5.17771627, 10.14389245]), 'k1__k2__length_scale_bounds': (0.010143892453947605, 10.143892453947604), 'k1__k2__nu': np.float64(1.5), 'k2__noise_level': np.float64(9.999999999999982e-09), 'k2__noise_level_bounds': (1e-08, np.float64(0.5375616295479333))}",1,0.8,['noise_collapse']
27,0.40439246229380665,2105009412.5633168,0.005369431243443664,91.84956872756635,1,0.9
27,GP health BAD,0.40439246229380665
27, 8D ML Hyperparameters,UCB,17.1**2 * RBF(length_scale=5.16) + WhiteKernel(noise_level=1e-05),"{'k1': 17.1**2 * RBF(length_scale=5.16), 'k2': WhiteKernel(noise_level=1e-05), 'k1__k1': 17.1**2, 'k1__k2': RBF(length_scale=5.16), 'k1__k1__constant_value': np.float64(290.76753447262433), 'k1__k1__constant_value_bounds': (1e-05, 100000.0), 'k1__k2__length_scale': np.float64(5.1617949697186765), 'k1__k2__length_scale_bounds': (1e-05, 100000.0), 'k2__noise_level': np.float64(9.999999999999997e-06), 'k2__noise_level_bounds': (1e-05, 100000.0)}","[0.0908208238148279, 0.2282356329390486, 0.039473704593715284, 0.25328552536644816, 0.7399466343352455, 0.5885071183256382, 0.17905848790091877, 0.26339292144564963]",10.02628061083898,0.40439246229380665,"[{'type': 'lengthscale_collapse', 'severity': 0.9, 'details': {'lengthscales': [1e-05]}}]",{'acq': 'UCB'}
28,GP health,0.5729041920044466,112.05940759807156,0.00017989814474375293,39641068812.56932,1,0.8,['noise_collapse']
28,GP anomalies,Sum,"{'k1': 2.35**2 * Matern(length_scale=[4.93, 7.41, 3.94, 9.23, 9.79, 10.1, 5.14, 10.1], nu=1.5), 'k2': WhiteKernel(noise_level=1e-08), 'k1__k1': 2.35**2, 'k1__k2': Matern(length_scale=[4.93, 7.41, 3.94, 9.23, 9.79, 10.1, 5.14, 10.1], nu=1.5), 'k1__k1__constant_value': np.float64(5.5008752514673525), 'k1__k1__constant_value_bounds': (0.001, 10000.0), 'k1__k2__length_scale': array([ 4.92684997,  7.41062214,  3.94090541,  9.23479934,  9.79008074,
       10.07712502,  5.14391615, 10.07712502]), 'k1__k2__length_scale_bounds': (0.01007712501946749, 10.07712501946749), 'k1__k2__nu': np.float64(1.5), 'k2__noise_level': np.float64(9.999999999999982e-09), 'k2__noise_level_bounds': (1e-08, np.float64(0.5196555100205692))}",1,0.8,['noise_collapse']
28,0.40440040534900423,2172504569.38096,0.005349789489626101,96.54378335119547,1,0.9
28,GP health BAD,0.40440040534900423
28, 8D ML Hyperparameters,UCB,17.2**2 * RBF(length_scale=5.18) + WhiteKernel(noise_level=1e-05),"{'k1': 17.2**2 * RBF(length_scale=5.18), 'k2': WhiteKernel(noise_level=1e-05), 'k1__k1': 17.2**2, 'k1__k2': RBF(length_scale=5.18), 'k1__k1__constant_value': np.float64(295.9869961346847), 'k1__k1__constant_value_bounds': (1e-05, 100000.0), 'k1__k2__length_scale': np.float64(5.1830327971512435), 'k1__k2__length_scale_bounds': (1e-05, 100000.0), 'k2__noise_level': np.float64(9.999999999999997e-06), 'k2__noise_level_bounds': (1e-05, 100000.0)}","[0.1214632398996196, 0.2695817953969254, 0.03465419713591752, 0.2695107373072413, 0.7637564617917081, 0.5881679018952388, 0.17643436713012456, 0.17888194623751066]",10.02607639487724,0.40440040534900423,"[{'type': 'lengthscale_collapse', 'severity': 0.9, 'details': {'lengthscales': [1e-05]}}]",{'acq': 'UCB'}
29,GP health,0.5751376748701514,116.2995330348153,0.00017979034608041979,39915427871.11089,1,0.8,['noise_collapse']
29,GP anomalies,Sum,"{'k1': 2.34**2 * Matern(length_scale=[4.94, 7.45, 3.94, 9.3, 9.84, 10, 5.15, 10], nu=1.5), 'k2': WhiteKernel(noise_level=1e-08), 'k1__k1': 2.34**2, 'k1__k2': Matern(length_scale=[4.94, 7.45, 3.94, 9.3, 9.84, 10, 5.15, 10], nu=1.5), 'k1__k1__constant_value': np.float64(5.464242437247859), 'k1__k1__constant_value_bounds': (0.001, 10000.0), 'k1__k2__length_scale': array([ 4.9373866 ,  7.45082422,  3.94089821,  9.29997481,  9.83849472,
       10.01421142,  5.15002457, 10.01421142]), 'k1__k2__length_scale_bounds': (0.01001421142297753, 10.01421142297753), 'k1__k2__nu': np.float64(1.5), 'k2__noise_level': np.float64(9.999999999999982e-09), 'k2__noise_level_bounds': (1e-08, np.float64(0.5022716948191795))}",1,0.8,['noise_collapse']
29,0.40440820725545157,2270453214.6099267,0.005330497146973062,101.21197510049636,1,0.9
29,GP health BAD,0.40440820725545157
29, 8D ML Hyperparameters,UCB,17.5**2 * RBF(length_scale=5.22) + WhiteKernel(noise_level=1e-05),"{'k1': 17.5**2 * RBF(length_scale=5.22), 'k2': WhiteKernel(noise_level=1e-05), 'k1__k1': 17.5**2, 'k1__k2': RBF(length_scale=5.22), 'k1__k1__constant_value': np.float64(305.1200564972476), 'k1__k1__constant_value_bounds': (1e-05, 100000.0), 'k1__k2__length_scale': np.float64(5.220767534825996), 'k1__k2__length_scale_bounds': (1e-05, 100000.0), 'k2__noise_level': np.float64(9.999999999999997e-06), 'k2__noise_level_bounds': (1e-05, 100000.0)}","[0.13557655835190352, 0.217186006287228, 0.03964730930179687, 0.28374664569344976, 0.7763724945133934, 0.5625925508861159, 0.14793775150094376, 0.21149619222381766]",10.026744138733475,0.40440820725545157,"[{'type': 'lengthscale_collapse', 'severity': 0.9, 'details': {'lengthscales': [1e-05]}}]",{'acq': 'UCB'}
30,GP health,0.577588809921572,120.94411656735844,0.00017965859392476987,40042336743.072014,1,0.8,['noise_collapse']
30,GP anomalies,Sum,"{'k1': 2.33**2 * Matern(length_scale=[4.94, 7.48, 3.94, 9.25, 9.95, 9.95, 5.15, 9.95], nu=1.5), 'k2': WhiteKernel(noise_level=1e-08), 'k1__k1': 2.33**2, 'k1__k2': Matern(length_scale=[4.94, 7.48, 3.94, 9.25, 9.95, 9.95, 5.15, 9.95], nu=1.5), 'k1__k1__constant_value': np.float64(5.4091320826280125), 'k1__k1__constant_value_bounds': (0.001, 10000.0), 'k1__k2__length_scale': array([4.9365254 , 7.48268337, 3.9393799 , 9.25109179, 9.94981326,
       9.94981326, 5.14635218, 9.94981326]), 'k1__k2__length_scale_bounds': (0.00994981325748759, 9.949813257487591), 'k1__k2__nu': np.float64(1.5), 'k2__noise_level': np.float64(9.999999999999982e-09), 'k2__noise_level_bounds': (1e-08, np.float64(0.48540726508573667))}",1,0.8,['noise_collapse']
30,0.4044162565753462,2358007064.8366194,0.0053105933971364155,105.89943427988393,1,0.9
30,GP health BAD,0.4044162565753462
30, 8D ML Hyperparameters,UCB,17.7**2 * RBF(length_scale=5.25) + WhiteKernel(noise_level=1e-05),"{'k1': 17.7**2 * RBF(length_scale=5.25), 'k2': WhiteKernel(noise_level=1e-05), 'k1__k1': 17.7**2, 'k1__k2': RBF(length_scale=5.25), 'k1__k1__constant_value': np.float64(312.64912705225663), 'k1__k1__constant_value_bounds': (1e-05, 100000.0), 'k1__k2__length_scale': np.float64(5.25041433594754), 'k1__k2__length_scale_bounds': (1e-05, 100000.0), 'k2__noise_level': np.float64(9.999999999999997e-06), 'k2__noise_level_bounds': (1e-05, 100000.0)}","[0.11725323734847448, 0.2318049117192427, 0.03328207894829704, 0.2632627592070674, 0.7503231240750706, 0.6003687317895494, 0.1456078781007298, 0.20134933504534133]",10.028441130674548,0.4044162565753462,"[{'type': 'lengthscale_collapse', 'severity': 0.9, 'details': {'lengthscales': [1e-05]}}]",{'acq': 'UCB'}
