1,GP health,0.7326807976058267,-19.765962310825017,0.00014177446464286913,1188.5251075822855,1,0.8,['noise_collapse']
1,GP anomalies,Sum,"{'k1': 1.41**2 * Matern(length_scale=[6.58, 1.23, 0.175], nu=1.5), 'k2': WhiteKernel(noise_level=1e-08), 'k1__k1': 1.41**2, 'k1__k2': Matern(length_scale=[6.58, 1.23, 0.175], nu=1.5), 'k1__k1__constant_value': np.float64(1.998603818088649), 'k1__k1__constant_value_bounds': (1e-05, 100000.0), 'k1__k2__length_scale': array([6.57706351, 1.23057882, 0.17493367]), 'k1__k2__length_scale_bounds': (0.006577063514829712, 6.577063514829712), 'k1__k2__nu': np.float64(1.5), 'k2__noise_level': np.float64(9.999999999999982e-09), 'k2__noise_level_bounds': (1e-08, np.float64(1.0))}",1,0.8,['noise_collapse']
1,3D Drug Combination,UCB,"1.41**2 * Matern(length_scale=[6.58, 1.23, 0.175], nu=1.5) + WhiteKernel(noise_level=1e-08)","{'k1': 1.41**2 * Matern(length_scale=[6.58, 1.23, 0.175], nu=1.5), 'k2': WhiteKernel(noise_level=1e-08), 'k1__k1': 1.41**2, 'k1__k2': Matern(length_scale=[6.58, 1.23, 0.175], nu=1.5), 'k1__k1__constant_value': np.float64(1.998603818088649), 'k1__k1__constant_value_bounds': (1e-05, 100000.0), 'k1__k2__length_scale': array([6.57706351, 1.23057882, 0.17493367]), 'k1__k2__length_scale_bounds': (0.006577063514829712, 6.577063514829712), 'k1__k2__nu': np.float64(1.5), 'k2__noise_level': np.float64(9.999999999999982e-09), 'k2__noise_level_bounds': (1e-08, np.float64(1.0))}","[0.6938444280586082, 0.7934634261681552, 0.4375669188358055]",-0.02150247627980395,0.7326807976058267,"[{'type': 'noise_collapse', 'severity': 0.8, 'details': {'noise_level': 1e-08}}]",{'acq': 'UCB'}
2,GP health,0.7293180512088413,-18.91551854341697,0.0001479766814272072,1566.0011063837026,1,0.8,['noise_collapse']
2,GP anomalies,Sum,"{'k1': 1.4**2 * Matern(length_scale=[6.55, 1.29, 0.189], nu=1.5), 'k2': WhiteKernel(noise_level=1e-08), 'k1__k1': 1.4**2, 'k1__k2': Matern(length_scale=[6.55, 1.29, 0.189], nu=1.5), 'k1__k1__constant_value': np.float64(1.9584301819365844), 'k1__k1__constant_value_bounds': (1e-05, 100000.0), 'k1__k2__length_scale': array([6.54727606, 1.29487358, 0.18853976]), 'k1__k2__length_scale_bounds': (0.0065472760560426405, 6.54727605604264), 'k1__k2__nu': np.float64(1.5), 'k2__noise_level': np.float64(9.999999999999982e-09), 'k2__noise_level_bounds': (1e-08, np.float64(1.0095289735579496))}",1,0.8,['noise_collapse']
2,3D Drug Combination,UCB,"1.4**2 * Matern(length_scale=[6.55, 1.29, 0.189], nu=1.5) + WhiteKernel(noise_level=1e-08)","{'k1': 1.4**2 * Matern(length_scale=[6.55, 1.29, 0.189], nu=1.5), 'k2': WhiteKernel(noise_level=1e-08), 'k1__k1': 1.4**2, 'k1__k2': Matern(length_scale=[6.55, 1.29, 0.189], nu=1.5), 'k1__k1__constant_value': np.float64(1.9584301819365844), 'k1__k1__constant_value_bounds': (1e-05, 100000.0), 'k1__k2__length_scale': array([6.54727606, 1.29487358, 0.18853976]), 'k1__k2__length_scale_bounds': (0.0065472760560426405, 6.54727605604264), 'k1__k2__nu': np.float64(1.5), 'k2__noise_level': np.float64(9.999999999999982e-09), 'k2__noise_level_bounds': (1e-08, np.float64(1.0095289735579496))}","[0.5369983509952388, 0.810951172832874, 0.39968339314075163]",-0.01703028862695599,0.7293180512088413,"[{'type': 'noise_collapse', 'severity': 0.8, 'details': {'noise_level': 1e-08}}]",{'acq': 'UCB'}
3,GP health,0.7005872747286291,-14.735174663729392,0.00015418120254612357,14127.046950222126,1,0.8,['noise_collapse']
3,GP anomalies,Sum,"{'k1': 1.53**2 * Matern(length_scale=[6.48, 1.1, 0.182], nu=2.5), 'k2': WhiteKernel(noise_level=1e-08), 'k1__k1': 1.53**2, 'k1__k2': Matern(length_scale=[6.48, 1.1, 0.182], nu=2.5), 'k1__k1__constant_value': np.float64(2.326559881667848), 'k1__k1__constant_value_bounds': (1e-05, 100000.0), 'k1__k2__length_scale': array([6.47955292, 1.09975944, 0.182126  ]), 'k1__k2__length_scale_bounds': (0.006479552922059829, 6.479552922059829), 'k1__k2__nu': np.float64(2.5), 'k2__noise_level': np.float64(9.999999999999982e-09), 'k2__noise_level_bounds': (1e-08, np.float64(1.0173736572316054))}",1,0.8,['noise_collapse']
3,3D Drug Combination,UCB,"1.53**2 * Matern(length_scale=[6.48, 1.1, 0.182], nu=2.5) + WhiteKernel(noise_level=1e-08)","{'k1': 1.53**2 * Matern(length_scale=[6.48, 1.1, 0.182], nu=2.5), 'k2': WhiteKernel(noise_level=1e-08), 'k1__k1': 1.53**2, 'k1__k2': Matern(length_scale=[6.48, 1.1, 0.182], nu=2.5), 'k1__k1__constant_value': np.float64(2.326559881667848), 'k1__k1__constant_value_bounds': (1e-05, 100000.0), 'k1__k2__length_scale': array([6.47955292, 1.09975944, 0.182126  ]), 'k1__k2__length_scale_bounds': (0.006479552922059829, 6.479552922059829), 'k1__k2__nu': np.float64(2.5), 'k2__noise_level': np.float64(9.999999999999982e-09), 'k2__noise_level_bounds': (1e-08, np.float64(1.0173736572316054))}","[0.5401908125122487, 0.7007385899640375, 0.4017194776639807]",-0.016432651014121058,0.7005872747286291,"[{'type': 'noise_collapse', 'severity': 0.8, 'details': {'noise_level': 1e-08}}]",{'acq': 'UCB'}
4,GP health,0.6929400373838923,-12.048630506510182,0.00015923246116711457,27516.880240339953,1,0.8,['noise_collapse']
4,GP anomalies,Sum,"{'k1': 1.52**2 * Matern(length_scale=[6.36, 1.15, 0.19], nu=2.5), 'k2': WhiteKernel(noise_level=1e-08), 'k1__k1': 1.52**2, 'k1__k2': Matern(length_scale=[6.36, 1.15, 0.19], nu=2.5), 'k1__k1__constant_value': np.float64(2.307443191680568), 'k1__k1__constant_value_bounds': (1e-05, 100000.0), 'k1__k2__length_scale': array([6.36332248, 1.14693632, 0.18962672]), 'k1__k2__length_scale_bounds': (0.006363322482414046, 6.363322482414046), 'k1__k2__nu': np.float64(2.5), 'k2__noise_level': np.float64(9.999999999999982e-09), 'k2__noise_level_bounds': (1e-08, np.float64(1.016258563303269))}",1,0.8,['noise_collapse']
4,3D Drug Combination,UCB,"1.52**2 * Matern(length_scale=[6.36, 1.15, 0.19], nu=2.5) + WhiteKernel(noise_level=1e-08)","{'k1': 1.52**2 * Matern(length_scale=[6.36, 1.15, 0.19], nu=2.5), 'k2': WhiteKernel(noise_level=1e-08), 'k1__k1': 1.52**2, 'k1__k2': Matern(length_scale=[6.36, 1.15, 0.19], nu=2.5), 'k1__k1__constant_value': np.float64(2.307443191680568), 'k1__k1__constant_value_bounds': (1e-05, 100000.0), 'k1__k2__length_scale': array([6.36332248, 1.14693632, 0.18962672]), 'k1__k2__length_scale_bounds': (0.006363322482414046, 6.363322482414046), 'k1__k2__nu': np.float64(2.5), 'k2__noise_level': np.float64(9.999999999999982e-09), 'k2__noise_level_bounds': (1e-08, np.float64(1.016258563303269))}","[0.3518273520482885, 0.8091141282399335, 0.42584351825008776]",-0.019170063534615478,0.6929400373838923,"[{'type': 'noise_collapse', 'severity': 0.8, 'details': {'noise_level': 1e-08}}]",{'acq': 'UCB'}
5,GP health,0.715644917798095,-13.026193647783543,0.0001625170135996303,5451.478520477749,1,0.8,['noise_collapse']
5,GP anomalies,Sum,"{'k1': 1.31**2 * Matern(length_scale=[6.3, 1.42, 0.21], nu=1.5), 'k2': WhiteKernel(noise_level=1e-08), 'k1__k1': 1.31**2, 'k1__k2': Matern(length_scale=[6.3, 1.42, 0.21], nu=1.5), 'k1__k1__constant_value': np.float64(1.7248462412113827), 'k1__k1__constant_value_bounds': (1e-05, 100000.0), 'k1__k2__length_scale': array([6.29926198, 1.4169233 , 0.20970541]), 'k1__k2__length_scale_bounds': (0.00629926197680645, 6.29926197680645), 'k1__k2__nu': np.float64(1.5), 'k2__noise_level': np.float64(9.999999999999982e-09), 'k2__noise_level_bounds': (1e-08, np.float64(1.0032170711297999))}",1,0.8,['noise_collapse']
5,3D Drug Combination,UCB,"1.31**2 * Matern(length_scale=[6.3, 1.42, 0.21], nu=1.5) + WhiteKernel(noise_level=1e-08)","{'k1': 1.31**2 * Matern(length_scale=[6.3, 1.42, 0.21], nu=1.5), 'k2': WhiteKernel(noise_level=1e-08), 'k1__k1': 1.31**2, 'k1__k2': Matern(length_scale=[6.3, 1.42, 0.21], nu=1.5), 'k1__k1__constant_value': np.float64(1.7248462412113827), 'k1__k1__constant_value_bounds': (1e-05, 100000.0), 'k1__k2__length_scale': array([6.29926198, 1.4169233 , 0.20970541]), 'k1__k2__length_scale_bounds': (0.00629926197680645, 6.29926197680645), 'k1__k2__nu': np.float64(1.5), 'k2__noise_level': np.float64(9.999999999999982e-09), 'k2__noise_level_bounds': (1e-08, np.float64(1.0032170711297999))}","[0.5576530793221509, 0.7914303164122628, 0.4854516316431752]",-0.033788770220980036,0.715644917798095,"[{'type': 'noise_collapse', 'severity': 0.8, 'details': {'noise_level': 1e-08}}]",{'acq': 'UCB'}
6,GP health,0.6831360326353404,-8.782073946837933,0.00016238570171723662,71190.7895987677,2,0.7,"['noise_collapse', 'heteroscedasticity']"
6,GP anomalies,Sum,"{'k1': 1.4**2 * RBF(length_scale=[6.22, 0.706, 0.128]), 'k2': WhiteKernel(noise_level=0.000663), 'k1__k1': 1.4**2, 'k1__k2': RBF(length_scale=[6.22, 0.706, 0.128]), 'k1__k1__constant_value': np.float64(1.9588478896431731), 'k1__k1__constant_value_bounds': (1e-05, 100000.0), 'k1__k2__length_scale': array([6.22346086, 0.70636959, 0.12750359]), 'k1__k2__length_scale_bounds': (0.006223460864711886, 6.223460864711886), 'k2__noise_level': np.float64(0.0006627076518793726), 'k2__noise_level_bounds': (1e-08, np.float64(0.9695439456868505))}",2,0.7,"['noise_collapse', 'heteroscedasticity']"
6,3D Drug Combination,UCB,"1.4**2 * RBF(length_scale=[6.22, 0.706, 0.128]) + WhiteKernel(noise_level=0.000663)","{'k1': 1.4**2 * RBF(length_scale=[6.22, 0.706, 0.128]), 'k2': WhiteKernel(noise_level=0.000663), 'k1__k1': 1.4**2, 'k1__k2': RBF(length_scale=[6.22, 0.706, 0.128]), 'k1__k1__constant_value': np.float64(1.9588478896431731), 'k1__k1__constant_value_bounds': (1e-05, 100000.0), 'k1__k2__length_scale': array([6.22346086, 0.70636959, 0.12750359]), 'k1__k2__length_scale_bounds': (0.006223460864711886, 6.223460864711886), 'k2__noise_level': np.float64(0.0006627076518793726), 'k2__noise_level_bounds': (1e-08, np.float64(0.9695439456868505))}","[0.508032306442408, 0.7065607456705622, 0.40754348886727587]",-0.016752128224305274,0.6831360326353404,"[{'type': 'noise_collapse', 'severity': 0.8, 'details': {'noise_level': 1e-08}}, {'type': 'heteroscedasticity', 'severity': 0.6, 'details': {'corr_residuals': np.float64(0.612235274327347)}}]",{'acq': 'UCB'}
7,GP health,0.6311291338367188,-4.197982924838794,0.00016516293415781794,3327536.1397699164,1,0.8,['noise_collapse']
7,GP anomalies,Sum,"{'k1': 1.01**2 * RBF(length_scale=[6.11, 0.581, 0.0887]), 'k2': WhiteKernel(noise_level=8.64e-07), 'k1__k1': 1.01**2, 'k1__k2': RBF(length_scale=[6.11, 0.581, 0.0887]), 'k1__k1__constant_value': np.float64(1.0171039186394493), 'k1__k1__constant_value_bounds': (1e-05, 100000.0), 'k1__k2__length_scale': array([6.10895899, 0.58110294, 0.0887143 ]), 'k1__k2__length_scale_bounds': (0.00610895899161075, 6.10895899161075), 'k2__noise_level': np.float64(8.640952597339301e-07), 'k2__noise_level_bounds': (1e-08, np.float64(0.9538039807888168))}",1,0.8,['noise_collapse']
7,3D Drug Combination,UCB,"1.01**2 * RBF(length_scale=[6.11, 0.581, 0.0887]) + WhiteKernel(noise_level=8.64e-07)","{'k1': 1.01**2 * RBF(length_scale=[6.11, 0.581, 0.0887]), 'k2': WhiteKernel(noise_level=8.64e-07), 'k1__k1': 1.01**2, 'k1__k2': RBF(length_scale=[6.11, 0.581, 0.0887]), 'k1__k1__constant_value': np.float64(1.0171039186394493), 'k1__k1__constant_value_bounds': (1e-05, 100000.0), 'k1__k2__length_scale': array([6.10895899, 0.58110294, 0.0887143 ]), 'k1__k2__length_scale_bounds': (0.00610895899161075, 6.10895899161075), 'k2__noise_level': np.float64(8.640952597339301e-07), 'k2__noise_level_bounds': (1e-08, np.float64(0.9538039807888168))}","[0.4646910650259642, 0.7143188193461353, 0.393622402234826]",-0.01643193821389799,0.6311291338367188,"[{'type': 'noise_collapse', 'severity': 0.8, 'details': {'noise_level': 1e-08}}]",{'acq': 'UCB'}
8,GP health,0.6664027600774397,-6.373930170846428,0.00016743451736009476,230698.89715417151,1,0.8,['noise_collapse']
8,GP anomalies,Sum,"{'k1': 1.35**2 * Matern(length_scale=[6, 1.55, 0.242], nu=1.5), 'k2': WhiteKernel(noise_level=1e-08), 'k1__k1': 1.35**2, 'k1__k2': Matern(length_scale=[6, 1.55, 0.242], nu=1.5), 'k1__k1__constant_value': np.float64(1.8312676329926432), 'k1__k1__constant_value_bounds': (1e-05, 100000.0), 'k1__k2__length_scale': array([5.998635  , 1.55037347, 0.24248272]), 'k1__k2__length_scale_bounds': (0.005998634998754932, 5.998634998754932), 'k1__k2__nu': np.float64(1.5), 'k2__noise_level': np.float64(9.999999999999982e-09), 'k2__noise_level_bounds': (1e-08, np.float64(0.9352160395148208))}",1,0.8,['noise_collapse']
8,3D Drug Combination,UCB,"1.35**2 * Matern(length_scale=[6, 1.55, 0.242], nu=1.5) + WhiteKernel(noise_level=1e-08)","{'k1': 1.35**2 * Matern(length_scale=[6, 1.55, 0.242], nu=1.5), 'k2': WhiteKernel(noise_level=1e-08), 'k1__k1': 1.35**2, 'k1__k2': Matern(length_scale=[6, 1.55, 0.242], nu=1.5), 'k1__k1__constant_value': np.float64(1.8312676329926432), 'k1__k1__constant_value_bounds': (1e-05, 100000.0), 'k1__k2__length_scale': array([5.998635  , 1.55037347, 0.24248272]), 'k1__k2__length_scale_bounds': (0.005998634998754932, 5.998634998754932), 'k1__k2__nu': np.float64(1.5), 'k2__noise_level': np.float64(9.999999999999982e-09), 'k2__noise_level_bounds': (1e-08, np.float64(0.9352160395148208))}","[0.39643470794175184, 0.6058211667056906, 0.4135696513927552]",-0.01946353334529216,0.6664027600774397,"[{'type': 'noise_collapse', 'severity': 0.8, 'details': {'noise_level': 1e-08}}]",{'acq': 'UCB'}
9,GP health,0.6339015381373867,2.4427331291167107,0.000168644356761596,6574038.389090603,1,0.8,['noise_collapse']
9,GP anomalies,Sum,"{'k1': 1.02**2 * RBF(length_scale=[5.89, 0.621, 0.0909]), 'k2': WhiteKernel(noise_level=1.97e-06), 'k1__k1': 1.02**2, 'k1__k2': RBF(length_scale=[5.89, 0.621, 0.0909]), 'k1__k1__constant_value': np.float64(1.045634781956914), 'k1__k1__constant_value_bounds': (1e-05, 100000.0), 'k1__k2__length_scale': array([5.88512988, 0.62130192, 0.09089056]), 'k1__k2__length_scale_bounds': (0.00588512988261078, 5.88512988261078), 'k2__noise_level': np.float64(1.967069313140429e-06), 'k2__noise_level_bounds': (1e-08, np.float64(0.9111033825864255))}",1,0.8,['noise_collapse']
9,3D Drug Combination,UCB,"1.02**2 * RBF(length_scale=[5.89, 0.621, 0.0909]) + WhiteKernel(noise_level=1.97e-06)","{'k1': 1.02**2 * RBF(length_scale=[5.89, 0.621, 0.0909]), 'k2': WhiteKernel(noise_level=1.97e-06), 'k1__k1': 1.02**2, 'k1__k2': RBF(length_scale=[5.89, 0.621, 0.0909]), 'k1__k1__constant_value': np.float64(1.045634781956914), 'k1__k1__constant_value_bounds': (1e-05, 100000.0), 'k1__k2__length_scale': array([5.88512988, 0.62130192, 0.09089056]), 'k1__k2__length_scale_bounds': (0.00588512988261078, 5.88512988261078), 'k2__noise_level': np.float64(1.967069313140429e-06), 'k2__noise_level_bounds': (1e-08, np.float64(0.9111033825864255))}","[0.3468959052741371, 0.7488841233886163, 0.40173834441651723]",-0.016342507434751852,0.6339015381373867,"[{'type': 'noise_collapse', 'severity': 0.8, 'details': {'noise_level': 1e-08}}]",{'acq': 'UCB'}
10,GP health,0.6589224536530838,-1.4804010736276751,0.00017009730289433745,498295.8027503523,1,0.8,['noise_collapse']
10,GP anomalies,Sum,"{'k1': 1.36**2 * Matern(length_scale=[5.8, 1.67, 0.254], nu=1.5), 'k2': WhiteKernel(noise_level=1e-08), 'k1__k1': 1.36**2, 'k1__k2': Matern(length_scale=[5.8, 1.67, 0.254], nu=1.5), 'k1__k1__constant_value': np.float64(1.8525377510475145), 'k1__k1__constant_value_bounds': (1e-05, 100000.0), 'k1__k2__length_scale': array([5.80398757, 1.67159614, 0.25424847]), 'k1__k2__length_scale_bounds': (0.0058039875749441635, 5.803987574944164), 'k1__k2__nu': np.float64(1.5), 'k2__noise_level': np.float64(9.999999999999982e-09), 'k2__noise_level_bounds': (1e-08, np.float64(0.8888157089978171))}",1,0.8,['noise_collapse']
10,3D Drug Combination,UCB,"1.36**2 * Matern(length_scale=[5.8, 1.67, 0.254], nu=1.5) + WhiteKernel(noise_level=1e-08)","{'k1': 1.36**2 * Matern(length_scale=[5.8, 1.67, 0.254], nu=1.5), 'k2': WhiteKernel(noise_level=1e-08), 'k1__k1': 1.36**2, 'k1__k2': Matern(length_scale=[5.8, 1.67, 0.254], nu=1.5), 'k1__k1__constant_value': np.float64(1.8525377510475145), 'k1__k1__constant_value_bounds': (1e-05, 100000.0), 'k1__k2__length_scale': array([5.80398757, 1.67159614, 0.25424847]), 'k1__k2__length_scale_bounds': (0.0058039875749441635, 5.803987574944164), 'k1__k2__nu': np.float64(1.5), 'k2__noise_level': np.float64(9.999999999999982e-09), 'k2__noise_level_bounds': (1e-08, np.float64(0.8888157089978171))}","[0.28297559035928305, 0.8152618329294062, 0.38225050558204493]",-0.01930224318355167,0.6589224536530838,"[{'type': 'noise_collapse', 'severity': 0.8, 'details': {'noise_level': 1e-08}}]",{'acq': 'UCB'}
11,GP health,0.6201136131892139,9.402149774362009,0.0001707128710378468,17423341.777879056,1,0.8,['noise_collapse']
11,GP anomalies,Sum,"{'k1': 1.01**2 * RBF(length_scale=[5.76, 0.633, 0.0905]), 'k2': WhiteKernel(noise_level=6.82e-07), 'k1__k1': 1.01**2, 'k1__k2': RBF(length_scale=[5.76, 0.633, 0.0905]), 'k1__k1__constant_value': np.float64(1.0141061627990002), 'k1__k1__constant_value_bounds': (1e-05, 100000.0), 'k1__k2__length_scale': array([5.75537225, 0.63270518, 0.0904564 ]), 'k1__k2__length_scale_bounds': (0.005755372249838439, 5.755372249838438), 'k2__noise_level': np.float64(6.821348989643461e-07), 'k2__noise_level_bounds': (1e-08, np.float64(0.862817036151061))}",1,0.8,['noise_collapse']
11,3D Drug Combination,UCB,"1.01**2 * RBF(length_scale=[5.76, 0.633, 0.0905]) + WhiteKernel(noise_level=6.82e-07)","{'k1': 1.01**2 * RBF(length_scale=[5.76, 0.633, 0.0905]), 'k2': WhiteKernel(noise_level=6.82e-07), 'k1__k1': 1.01**2, 'k1__k2': RBF(length_scale=[5.76, 0.633, 0.0905]), 'k1__k1__constant_value': np.float64(1.0141061627990002), 'k1__k1__constant_value_bounds': (1e-05, 100000.0), 'k1__k2__length_scale': array([5.75537225, 0.63270518, 0.0904564 ]), 'k1__k2__length_scale_bounds': (0.005755372249838439, 5.755372249838438), 'k2__noise_level': np.float64(6.821348989643461e-07), 'k2__noise_level_bounds': (1e-08, np.float64(0.862817036151061))}","[0.2857006303222895, 0.7142783019637194, 0.39918693714373277]",-0.0163010982697831,0.6201136131892139,"[{'type': 'noise_collapse', 'severity': 0.8, 'details': {'noise_level': 1e-08}}]",{'acq': 'UCB'}
12,GP health,0.660717254057622,3.6258887705323026,0.00017159118193851101,573471.3825383075,1,0.8,['noise_collapse']
12,GP anomalies,Sum,"{'k1': 1.33**2 * Matern(length_scale=[5.68, 1.72, 0.256], nu=1.5), 'k2': WhiteKernel(noise_level=1e-08), 'k1__k1': 1.33**2, 'k1__k2': Matern(length_scale=[5.68, 1.72, 0.256], nu=1.5), 'k1__k1__constant_value': np.float64(1.777354632312957), 'k1__k1__constant_value_bounds': (1e-05, 100000.0), 'k1__k2__length_scale': array([5.678764  , 1.72412226, 0.25644135]), 'k1__k2__length_scale_bounds': (0.005678764000004876, 5.678764000004875), 'k1__k2__nu': np.float64(1.5), 'k2__noise_level': np.float64(9.999999999999982e-09), 'k2__noise_level_bounds': (1e-08, np.float64(0.8387965579879927))}",1,0.8,['noise_collapse']
12,3D Drug Combination,UCB,"1.33**2 * Matern(length_scale=[5.68, 1.72, 0.256], nu=1.5) + WhiteKernel(noise_level=1e-08)","{'k1': 1.33**2 * Matern(length_scale=[5.68, 1.72, 0.256], nu=1.5), 'k2': WhiteKernel(noise_level=1e-08), 'k1__k1': 1.33**2, 'k1__k2': Matern(length_scale=[5.68, 1.72, 0.256], nu=1.5), 'k1__k1__constant_value': np.float64(1.777354632312957), 'k1__k1__constant_value_bounds': (1e-05, 100000.0), 'k1__k2__length_scale': array([5.678764  , 1.72412226, 0.25644135]), 'k1__k2__length_scale_bounds': (0.005678764000004876, 5.678764000004875), 'k1__k2__nu': np.float64(1.5), 'k2__noise_level': np.float64(9.999999999999982e-09), 'k2__noise_level_bounds': (1e-08, np.float64(0.8387965579879927))}","[0.2222227823704614, 0.6391263093550024, 0.38093278607657755]",-0.018933992248636677,0.660717254057622,"[{'type': 'noise_collapse', 'severity': 0.8, 'details': {'noise_level': 1e-08}}]",{'acq': 'UCB'}
13,GP health,0.6390914151101887,16.93522243931926,0.00017182363696619738,24635842.797744475,1,0.8,['noise_collapse']
13,GP anomalies,Sum,"{'k1': 1.09**2 * RBF(length_scale=[5.61, 0.587, 0.104]), 'k2': WhiteKernel(noise_level=3.03e-06), 'k1__k1': 1.09**2, 'k1__k2': RBF(length_scale=[5.61, 0.587, 0.104]), 'k1__k1__constant_value': np.float64(1.182668501479535), 'k1__k1__constant_value_bounds': (1e-05, 100000.0), 'k1__k2__length_scale': array([5.61083928, 0.58709308, 0.10430235]), 'k1__k2__length_scale_bounds': (0.005610839276715216, 5.610839276715216), 'k2__noise_level': np.float64(3.0253623653904212e-06), 'k2__noise_level_bounds': (1e-08, np.float64(0.812440791146686))}",1,0.8,['noise_collapse']
13,3D Drug Combination,UCB,"1.09**2 * RBF(length_scale=[5.61, 0.587, 0.104]) + WhiteKernel(noise_level=3.03e-06)","{'k1': 1.09**2 * RBF(length_scale=[5.61, 0.587, 0.104]), 'k2': WhiteKernel(noise_level=3.03e-06), 'k1__k1': 1.09**2, 'k1__k2': RBF(length_scale=[5.61, 0.587, 0.104]), 'k1__k1__constant_value': np.float64(1.182668501479535), 'k1__k1__constant_value_bounds': (1e-05, 100000.0), 'k1__k2__length_scale': array([5.61083928, 0.58709308, 0.10430235]), 'k1__k2__length_scale_bounds': (0.005610839276715216, 5.610839276715216), 'k2__noise_level': np.float64(3.0253623653904212e-06), 'k2__noise_level_bounds': (1e-08, np.float64(0.812440791146686))}","[0.41036012538841926, 0.7357955224132386, 0.39900979997692326]",-0.016263441848762605,0.6390914151101887,"[{'type': 'noise_collapse', 'severity': 0.8, 'details': {'noise_level': 1e-08}}]",{'acq': 'UCB'}
14,GP health,0.6497990915061699,9.747840010359191,0.0001722905240516263,1673515.226354354,1,0.8,['noise_collapse']
14,GP anomalies,Sum,"{'k1': 1.32**2 * Matern(length_scale=[5.52, 1.77, 0.263], nu=1.5), 'k2': WhiteKernel(noise_level=1e-08), 'k1__k1': 1.32**2, 'k1__k2': Matern(length_scale=[5.52, 1.77, 0.263], nu=1.5), 'k1__k1__constant_value': np.float64(1.7489401354494074), 'k1__k1__constant_value_bounds': (1e-05, 100000.0), 'k1__k2__length_scale': array([5.52304622, 1.77286697, 0.26267022]), 'k1__k2__length_scale_bounds': (0.005523046215700069, 5.523046215700069), 'k1__k2__nu': np.float64(1.5), 'k2__noise_level': np.float64(9.999999999999982e-09), 'k2__noise_level_bounds': (1e-08, np.float64(0.7879005061469131))}",1,0.8,['noise_collapse']
14,3D Drug Combination,UCB,"1.32**2 * Matern(length_scale=[5.52, 1.77, 0.263], nu=1.5) + WhiteKernel(noise_level=1e-08)","{'k1': 1.32**2 * Matern(length_scale=[5.52, 1.77, 0.263], nu=1.5), 'k2': WhiteKernel(noise_level=1e-08), 'k1__k1': 1.32**2, 'k1__k2': Matern(length_scale=[5.52, 1.77, 0.263], nu=1.5), 'k1__k1__constant_value': np.float64(1.7489401354494074), 'k1__k1__constant_value_bounds': (1e-05, 100000.0), 'k1__k2__length_scale': array([5.52304622, 1.77286697, 0.26267022]), 'k1__k2__length_scale_bounds': (0.005523046215700069, 5.523046215700069), 'k1__k2__nu': np.float64(1.5), 'k2__noise_level': np.float64(9.999999999999982e-09), 'k2__noise_level_bounds': (1e-08, np.float64(0.7879005061469131))}","[0.48637239219577977, 0.6494485282341618, 0.3938111253142107]",-0.01707379666228892,0.6497990915061699,"[{'type': 'noise_collapse', 'severity': 0.8, 'details': {'noise_level': 1e-08}}]",{'acq': 'UCB'}
15,GP health,0.6498500207817839,12.709324085448067,0.00017246267516345224,1943223.8879757528,1,0.8,['noise_collapse']
15,GP anomalies,Sum,"{'k1': 1.33**2 * Matern(length_scale=[5.43, 1.83, 0.266], nu=1.5), 'k2': WhiteKernel(noise_level=1e-08), 'k1__k1': 1.33**2, 'k1__k2': Matern(length_scale=[5.43, 1.83, 0.266], nu=1.5), 'k1__k1__constant_value': np.float64(1.763723603291846), 'k1__k1__constant_value_bounds': (1e-05, 100000.0), 'k1__k2__length_scale': array([5.42919888, 1.82983791, 0.26627335]), 'k1__k2__length_scale_bounds': (0.005429198881948915, 5.429198881948914), 'k1__k2__nu': np.float64(1.5), 'k2__noise_level': np.float64(9.999999999999982e-09), 'k2__noise_level_bounds': (1e-08, np.float64(0.7628319761577046))}",1,0.8,['noise_collapse']
15,3D Drug Combination,UCB,"1.33**2 * Matern(length_scale=[5.43, 1.83, 0.266], nu=1.5) + WhiteKernel(noise_level=1e-08)","{'k1': 1.33**2 * Matern(length_scale=[5.43, 1.83, 0.266], nu=1.5), 'k2': WhiteKernel(noise_level=1e-08), 'k1__k1': 1.33**2, 'k1__k2': Matern(length_scale=[5.43, 1.83, 0.266], nu=1.5), 'k1__k1__constant_value': np.float64(1.763723603291846), 'k1__k1__constant_value_bounds': (1e-05, 100000.0), 'k1__k2__length_scale': array([5.42919888, 1.82983791, 0.26627335]), 'k1__k2__length_scale_bounds': (0.005429198881948915, 5.429198881948914), 'k1__k2__nu': np.float64(1.5), 'k2__noise_level': np.float64(9.999999999999982e-09), 'k2__noise_level_bounds': (1e-08, np.float64(0.7628319761577046))}","[0.32137866040036744, 0.7104596816893329, 0.40626559977764787]",-0.016568082916387228,0.6498500207817839,"[{'type': 'noise_collapse', 'severity': 0.8, 'details': {'noise_level': 1e-08}}]",{'acq': 'UCB'}
16,GP health,0.6513010134823443,16.17542086300554,0.0001725629131689881,2101706.971991745,1,0.8,['noise_collapse']
16,GP anomalies,Sum,"{'k1': 1.32**2 * Matern(length_scale=[5.35, 1.84, 0.269], nu=1.5), 'k2': WhiteKernel(noise_level=1e-08), 'k1__k1': 1.32**2, 'k1__k2': Matern(length_scale=[5.35, 1.84, 0.269], nu=1.5), 'k1__k1__constant_value': np.float64(1.7430540705650777), 'k1__k1__constant_value_bounds': (1e-05, 100000.0), 'k1__k2__length_scale': array([5.35184822, 1.84209924, 0.26873734]), 'k1__k2__length_scale_bounds': (0.005351848215994093, 5.351848215994092), 'k1__k2__nu': np.float64(1.5), 'k2__noise_level': np.float64(9.999999999999982e-09), 'k2__noise_level_bounds': (1e-08, np.float64(0.7382529085296927))}",1,0.8,['noise_collapse']
16,3D Drug Combination,UCB,"1.32**2 * Matern(length_scale=[5.35, 1.84, 0.269], nu=1.5) + WhiteKernel(noise_level=1e-08)","{'k1': 1.32**2 * Matern(length_scale=[5.35, 1.84, 0.269], nu=1.5), 'k2': WhiteKernel(noise_level=1e-08), 'k1__k1': 1.32**2, 'k1__k2': Matern(length_scale=[5.35, 1.84, 0.269], nu=1.5), 'k1__k1__constant_value': np.float64(1.7430540705650777), 'k1__k1__constant_value_bounds': (1e-05, 100000.0), 'k1__k2__length_scale': array([5.35184822, 1.84209924, 0.26873734]), 'k1__k2__length_scale_bounds': (0.005351848215994093, 5.351848215994092), 'k1__k2__nu': np.float64(1.5), 'k2__noise_level': np.float64(9.999999999999982e-09), 'k2__noise_level_bounds': (1e-08, np.float64(0.7382529085296927))}","[0.43577892128779766, 0.6986929997828412, 0.4009342362061646]",-0.016340266798243297,0.6513010134823443,"[{'type': 'noise_collapse', 'severity': 0.8, 'details': {'noise_level': 1e-08}}]",{'acq': 'UCB'}
17,GP health,0.6343984290380998,37.63147335439004,0.00017246830511668976,357553516.2121654,1,0.8,['noise_collapse']
17,GP anomalies,Sum,"{'k1': 0.923**2 * RBF(length_scale=[5.27, 0.569, 0.076]), 'k2': WhiteKernel(noise_level=7.87e-07), 'k1__k1': 0.923**2, 'k1__k2': RBF(length_scale=[5.27, 0.569, 0.076]), 'k1__k1__constant_value': np.float64(0.8513421696184843), 'k1__k1__constant_value_bounds': (1e-05, 100000.0), 'k1__k2__length_scale': array([5.26523063, 0.5694456 , 0.07597903]), 'k1__k2__length_scale_bounds': (0.005265230632168082, 5.265230632168082), 'k2__noise_level': np.float64(7.873941111891757e-07), 'k2__noise_level_bounds': (1e-08, np.float64(0.7140715839136966))}",1,0.8,['noise_collapse']
17,3D Drug Combination,UCB,"0.923**2 * RBF(length_scale=[5.27, 0.569, 0.076]) + WhiteKernel(noise_level=7.87e-07)","{'k1': 0.923**2 * RBF(length_scale=[5.27, 0.569, 0.076]), 'k2': WhiteKernel(noise_level=7.87e-07), 'k1__k1': 0.923**2, 'k1__k2': RBF(length_scale=[5.27, 0.569, 0.076]), 'k1__k1__constant_value': np.float64(0.8513421696184843), 'k1__k1__constant_value_bounds': (1e-05, 100000.0), 'k1__k2__length_scale': array([5.26523063, 0.5694456 , 0.07597903]), 'k1__k2__length_scale_bounds': (0.005265230632168082, 5.265230632168082), 'k2__noise_level': np.float64(7.873941111891757e-07), 'k2__noise_level_bounds': (1e-08, np.float64(0.7140715839136966))}","[0.42781745541870886, 0.7158619808192803, 0.39836676203911403]",-0.01628067310483705,0.6343984290380998,"[{'type': 'noise_collapse', 'severity': 0.8, 'details': {'noise_level': 1e-08}}]",{'acq': 'UCB'}
18,GP health,0.6329598588612311,25.005698155702262,0.00017246889299196038,11731860.260999639,1,0.8,['noise_collapse']
18,GP anomalies,Sum,"{'k1': 1.32**2 * Matern(length_scale=[5.18, 1.9, 0.274], nu=1.5), 'k2': WhiteKernel(noise_level=1e-08), 'k1__k1': 1.32**2, 'k1__k2': Matern(length_scale=[5.18, 1.9, 0.274], nu=1.5), 'k1__k1__constant_value': np.float64(1.7376845318305327), 'k1__k1__constant_value_bounds': (1e-05, 100000.0), 'k1__k2__length_scale': array([5.1826231 , 1.90443686, 0.27363861]), 'k1__k2__length_scale_bounds': (0.00518262309743242, 5.182623097432419), 'k1__k2__nu': np.float64(1.5), 'k2__noise_level': np.float64(9.999999999999982e-09), 'k2__noise_level_bounds': (1e-08, np.float64(0.6902768332413377))}",1,0.8,['noise_collapse']
18,3D Drug Combination,UCB,"1.32**2 * Matern(length_scale=[5.18, 1.9, 0.274], nu=1.5) + WhiteKernel(noise_level=1e-08)","{'k1': 1.32**2 * Matern(length_scale=[5.18, 1.9, 0.274], nu=1.5), 'k2': WhiteKernel(noise_level=1e-08), 'k1__k1': 1.32**2, 'k1__k2': Matern(length_scale=[5.18, 1.9, 0.274], nu=1.5), 'k1__k1__constant_value': np.float64(1.7376845318305327), 'k1__k1__constant_value_bounds': (1e-05, 100000.0), 'k1__k2__length_scale': array([5.1826231 , 1.90443686, 0.27363861]), 'k1__k2__length_scale_bounds': (0.00518262309743242, 5.182623097432419), 'k1__k2__nu': np.float64(1.5), 'k2__noise_level': np.float64(9.999999999999982e-09), 'k2__noise_level_bounds': (1e-08, np.float64(0.6902768332413377))}","[0.579863573701989, 0.757585476667367, 0.39505909070673895]",-0.016574861432993693,0.6329598588612311,"[{'type': 'noise_collapse', 'severity': 0.8, 'details': {'noise_level': 1e-08}}]",{'acq': 'UCB'}
19,GP health,0.6404160622793179,47.651709727441535,0.0007686769461095007,276161130.00925964,1,0.8,['noise_collapse']
19,GP anomalies,Sum,"{'k1': 0.949**2 * RBF(length_scale=[5.13, 0.531, 0.0802]), 'k2': WhiteKernel(noise_level=8.82e-07), 'k1__k1': 0.949**2, 'k1__k2': RBF(length_scale=[5.13, 0.531, 0.0802]), 'k1__k1__constant_value': np.float64(0.9007342823609317), 'k1__k1__constant_value_bounds': (1e-05, 100000.0), 'k1__k2__length_scale': array([5.12625871, 0.53091239, 0.08022872]), 'k1__k2__length_scale_bounds': (0.0051262587054228936, 5.126258705422893), 'k2__noise_level': np.float64(8.817762655396199e-07), 'k2__noise_level_bounds': (1e-08, np.float64(0.6667841857075418))}",1,0.8,['noise_collapse']
19,3D Drug Combination,UCB,"0.949**2 * RBF(length_scale=[5.13, 0.531, 0.0802]) + WhiteKernel(noise_level=8.82e-07)","{'k1': 0.949**2 * RBF(length_scale=[5.13, 0.531, 0.0802]), 'k2': WhiteKernel(noise_level=8.82e-07), 'k1__k1': 0.949**2, 'k1__k2': RBF(length_scale=[5.13, 0.531, 0.0802]), 'k1__k1__constant_value': np.float64(0.9007342823609317), 'k1__k1__constant_value_bounds': (1e-05, 100000.0), 'k1__k2__length_scale': array([5.12625871, 0.53091239, 0.08022872]), 'k1__k2__length_scale_bounds': (0.0051262587054228936, 5.126258705422893), 'k2__noise_level': np.float64(8.817762655396199e-07), 'k2__noise_level_bounds': (1e-08, np.float64(0.6667841857075418))}","[0.3623817959942671, 0.7335787620373025, 0.3997402405915173]",-0.01626665246593828,0.6404160622793179,"[{'type': 'noise_collapse', 'severity': 0.8, 'details': {'noise_level': 1e-08}}]",{'acq': 'UCB'}
20,GP health,0.6359741272922516,33.26831290528543,0.00017197626391959577,14485625.29680069,1,0.8,['noise_collapse']
20,GP anomalies,Sum,"{'k1': 1.28**2 * Matern(length_scale=[5.06, 1.9, 0.269], nu=1.5), 'k2': WhiteKernel(noise_level=1e-08), 'k1__k1': 1.28**2, 'k1__k2': Matern(length_scale=[5.06, 1.9, 0.269], nu=1.5), 'k1__k1__constant_value': np.float64(1.6288791309183068), 'k1__k1__constant_value_bounds': (1e-05, 100000.0), 'k1__k2__length_scale': array([5.05508273, 1.90114775, 0.26867874]), 'k1__k2__length_scale_bounds': (0.005055082734751485, 5.055082734751485), 'k1__k2__nu': np.float64(1.5), 'k2__noise_level': np.float64(9.999999999999982e-09), 'k2__noise_level_bounds': (1e-08, np.float64(0.6439246955917698))}",1,0.8,['noise_collapse']
20,3D Drug Combination,UCB,"1.28**2 * Matern(length_scale=[5.06, 1.9, 0.269], nu=1.5) + WhiteKernel(noise_level=1e-08)","{'k1': 1.28**2 * Matern(length_scale=[5.06, 1.9, 0.269], nu=1.5), 'k2': WhiteKernel(noise_level=1e-08), 'k1__k1': 1.28**2, 'k1__k2': Matern(length_scale=[5.06, 1.9, 0.269], nu=1.5), 'k1__k1__constant_value': np.float64(1.6288791309183068), 'k1__k1__constant_value_bounds': (1e-05, 100000.0), 'k1__k2__length_scale': array([5.05508273, 1.90114775, 0.26867874]), 'k1__k2__length_scale_bounds': (0.005055082734751485, 5.055082734751485), 'k1__k2__nu': np.float64(1.5), 'k2__noise_level': np.float64(9.999999999999982e-09), 'k2__noise_level_bounds': (1e-08, np.float64(0.6439246955917698))}","[0.49919460714617536, 0.7691751474286663, 0.4051122073457238]",-0.016581681006485605,0.6359741272922516,"[{'type': 'noise_collapse', 'severity': 0.8, 'details': {'noise_level': 1e-08}}]",{'acq': 'UCB'}
21,GP health,0.637350505349472,36.787345618993236,0.00017160735385590324,15719755.332379676,1,0.8,['noise_collapse']
21,GP anomalies,Sum,"{'k1': 1.29**2 * Matern(length_scale=[4.99, 1.95, 0.273], nu=1.5), 'k2': WhiteKernel(noise_level=1e-08), 'k1__k1': 1.29**2, 'k1__k2': Matern(length_scale=[4.99, 1.95, 0.273], nu=1.5), 'k1__k1__constant_value': np.float64(1.6551042251725698), 'k1__k1__constant_value_bounds': (1e-05, 100000.0), 'k1__k2__length_scale': array([4.99143093, 1.94735405, 0.27281634]), 'k1__k2__length_scale_bounds': (0.004991430928552919, 4.991430928552919), 'k1__k2__nu': np.float64(1.5), 'k2__noise_level': np.float64(9.999999999999982e-09), 'k2__noise_level_bounds': (1e-08, np.float64(0.6214792120853507))}",1,0.8,['noise_collapse']
21,3D Drug Combination,UCB,"1.29**2 * Matern(length_scale=[4.99, 1.95, 0.273], nu=1.5) + WhiteKernel(noise_level=1e-08)","{'k1': 1.29**2 * Matern(length_scale=[4.99, 1.95, 0.273], nu=1.5), 'k2': WhiteKernel(noise_level=1e-08), 'k1__k1': 1.29**2, 'k1__k2': Matern(length_scale=[4.99, 1.95, 0.273], nu=1.5), 'k1__k1__constant_value': np.float64(1.6551042251725698), 'k1__k1__constant_value_bounds': (1e-05, 100000.0), 'k1__k2__length_scale': array([4.99143093, 1.94735405, 0.27281634]), 'k1__k2__length_scale_bounds': (0.004991430928552919, 4.991430928552919), 'k1__k2__nu': np.float64(1.5), 'k2__noise_level': np.float64(9.999999999999982e-09), 'k2__noise_level_bounds': (1e-08, np.float64(0.6214792120853507))}","[0.3718317965981932, 0.7323353046459593, 0.39464617473846164]",-0.016397641022099396,0.637350505349472,"[{'type': 'noise_collapse', 'severity': 0.8, 'details': {'noise_level': 1e-08}}]",{'acq': 'UCB'}
22,GP health,0.6398505916134567,40.806731082179596,0.00017119950513530161,16164448.070703333,1,0.8,['noise_collapse']
22,GP anomalies,Sum,"{'k1': 1.28**2 * Matern(length_scale=[4.92, 1.96, 0.275], nu=1.5), 'k2': WhiteKernel(noise_level=1e-08), 'k1__k1': 1.28**2, 'k1__k2': Matern(length_scale=[4.92, 1.96, 0.275], nu=1.5), 'k1__k1__constant_value': np.float64(1.6489759880701407), 'k1__k1__constant_value_bounds': (1e-05, 100000.0), 'k1__k2__length_scale': array([4.92238408, 1.95736468, 0.27541203]), 'k1__k2__length_scale_bounds': (0.004922384082017941, 4.922384082017941), 'k1__k2__nu': np.float64(1.5), 'k2__noise_level': np.float64(9.999999999999982e-09), 'k2__noise_level_bounds': (1e-08, np.float64(0.5996777976005285))}",1,0.8,['noise_collapse']
22,3D Drug Combination,UCB,"1.28**2 * Matern(length_scale=[4.92, 1.96, 0.275], nu=1.5) + WhiteKernel(noise_level=1e-08)","{'k1': 1.28**2 * Matern(length_scale=[4.92, 1.96, 0.275], nu=1.5), 'k2': WhiteKernel(noise_level=1e-08), 'k1__k1': 1.28**2, 'k1__k2': Matern(length_scale=[4.92, 1.96, 0.275], nu=1.5), 'k1__k1__constant_value': np.float64(1.6489759880701407), 'k1__k1__constant_value_bounds': (1e-05, 100000.0), 'k1__k2__length_scale': array([4.92238408, 1.95736468, 0.27541203]), 'k1__k2__length_scale_bounds': (0.004922384082017941, 4.922384082017941), 'k1__k2__nu': np.float64(1.5), 'k2__noise_level': np.float64(9.999999999999982e-09), 'k2__noise_level_bounds': (1e-08, np.float64(0.5996777976005285))}","[0.3543293994662975, 0.7104530411182292, 0.39637641025528814]",-0.01632543596837932,0.6398505916134567,"[{'type': 'noise_collapse', 'severity': 0.8, 'details': {'noise_level': 1e-08}}]",{'acq': 'UCB'}
23,GP health,0.6345132738455117,71.727267068634,0.0005223120634034433,666210758.3619024,1,0.8,['noise_collapse']
23,GP anomalies,Sum,"{'k1': 0.961**2 * RBF(length_scale=[4.37, 0.452, 0.0841]), 'k2': WhiteKernel(noise_level=2.23e-07), 'k1__k1': 0.961**2, 'k1__k2': RBF(length_scale=[4.37, 0.452, 0.0841]), 'k1__k1__constant_value': np.float64(0.9234102783173554), 'k1__k1__constant_value_bounds': (1e-05, 100000.0), 'k1__k2__length_scale': array([4.36677064, 0.4520314 , 0.08405069]), 'k1__k2__length_scale_bounds': (0.004854490679382484, 4.854490679382484), 'k2__noise_level': np.float64(2.226804351773303e-07), 'k2__noise_level_bounds': (1e-08, np.float64(0.578491001952279))}",1,0.8,['noise_collapse']
23,3D Drug Combination,UCB,"0.961**2 * RBF(length_scale=[4.37, 0.452, 0.0841]) + WhiteKernel(noise_level=2.23e-07)","{'k1': 0.961**2 * RBF(length_scale=[4.37, 0.452, 0.0841]), 'k2': WhiteKernel(noise_level=2.23e-07), 'k1__k1': 0.961**2, 'k1__k2': RBF(length_scale=[4.37, 0.452, 0.0841]), 'k1__k1__constant_value': np.float64(0.9234102783173554), 'k1__k1__constant_value_bounds': (1e-05, 100000.0), 'k1__k2__length_scale': array([4.36677064, 0.4520314 , 0.08405069]), 'k1__k2__length_scale_bounds': (0.004854490679382484, 4.854490679382484), 'k2__noise_level': np.float64(2.226804351773303e-07), 'k2__noise_level_bounds': (1e-08, np.float64(0.578491001952279))}","[0.42740365979805295, 0.7296745001061568, 0.40087925423157955]",-0.016276199462180285,0.6345132738455117,"[{'type': 'noise_collapse', 'severity': 0.8, 'details': {'noise_level': 1e-08}}]",{'acq': 'UCB'}
24,GP health,0.6391803586881428,50.10054531773388,0.00017025451584738572,26749604.487288702,1,0.8,['noise_collapse']
24,GP anomalies,Sum,"{'k1': 1.28**2 * Matern(length_scale=[4.79, 1.99, 0.279], nu=1.5), 'k2': WhiteKernel(noise_level=1e-08), 'k1__k1': 1.28**2, 'k1__k2': Matern(length_scale=[4.79, 1.99, 0.279], nu=1.5), 'k1__k1__constant_value': np.float64(1.640615896659106), 'k1__k1__constant_value_bounds': (1e-05, 100000.0), 'k1__k2__length_scale': array([4.78552184, 1.98893152, 0.27921921]), 'k1__k2__length_scale_bounds': (0.004785521840408344, 4.785521840408344), 'k1__k2__nu': np.float64(1.5), 'k2__noise_level': np.float64(9.999999999999982e-09), 'k2__noise_level_bounds': (1e-08, np.float64(0.5579206301674312))}",1,0.8,['noise_collapse']
24,3D Drug Combination,UCB,"1.28**2 * Matern(length_scale=[4.79, 1.99, 0.279], nu=1.5) + WhiteKernel(noise_level=1e-08)","{'k1': 1.28**2 * Matern(length_scale=[4.79, 1.99, 0.279], nu=1.5), 'k2': WhiteKernel(noise_level=1e-08), 'k1__k1': 1.28**2, 'k1__k2': Matern(length_scale=[4.79, 1.99, 0.279], nu=1.5), 'k1__k1__constant_value': np.float64(1.640615896659106), 'k1__k1__constant_value_bounds': (1e-05, 100000.0), 'k1__k2__length_scale': array([4.78552184, 1.98893152, 0.27921921]), 'k1__k2__length_scale_bounds': (0.004785521840408344, 4.785521840408344), 'k1__k2__nu': np.float64(1.5), 'k2__noise_level': np.float64(9.999999999999982e-09), 'k2__noise_level_bounds': (1e-08, np.float64(0.5579206301674312))}","[0.4855248428138248, 0.7146693020783512, 0.39752476927501457]",-0.01630279111762034,0.6391803586881428,"[{'type': 'noise_collapse', 'severity': 0.8, 'details': {'noise_level': 1e-08}}]",{'acq': 'UCB'}
25,GP health,0.642420519457323,54.71467863661272,0.0001697229545256861,26737289.29596703,1,0.8,['noise_collapse']
25,GP anomalies,Sum,"{'k1': 1.26**2 * Matern(length_scale=[4.72, 1.96, 0.277], nu=1.5), 'k2': WhiteKernel(noise_level=1e-08), 'k1__k1': 1.26**2, 'k1__k2': Matern(length_scale=[4.72, 1.96, 0.277], nu=1.5), 'k1__k1__constant_value': np.float64(1.5821704480613525), 'k1__k1__constant_value_bounds': (1e-05, 100000.0), 'k1__k2__length_scale': array([4.71960929, 1.96074436, 0.27678523]), 'k1__k2__length_scale_bounds': (0.004719609286210884, 4.719609286210884), 'k1__k2__nu': np.float64(1.5), 'k2__noise_level': np.float64(9.999999999999982e-09), 'k2__noise_level_bounds': (1e-08, np.float64(0.5379502777835689))}",1,0.8,['noise_collapse']
25,3D Drug Combination,UCB,"1.26**2 * Matern(length_scale=[4.72, 1.96, 0.277], nu=1.5) + WhiteKernel(noise_level=1e-08)","{'k1': 1.26**2 * Matern(length_scale=[4.72, 1.96, 0.277], nu=1.5), 'k2': WhiteKernel(noise_level=1e-08), 'k1__k1': 1.26**2, 'k1__k2': Matern(length_scale=[4.72, 1.96, 0.277], nu=1.5), 'k1__k1__constant_value': np.float64(1.5821704480613525), 'k1__k1__constant_value_bounds': (1e-05, 100000.0), 'k1__k2__length_scale': array([4.71960929, 1.96074436, 0.27678523]), 'k1__k2__length_scale_bounds': (0.004719609286210884, 4.719609286210884), 'k1__k2__nu': np.float64(1.5), 'k2__noise_level': np.float64(9.999999999999982e-09), 'k2__noise_level_bounds': (1e-08, np.float64(0.5379502777835689))}","[0.37861112849550155, 0.72029648154191, 0.3983548675465657]",-0.016265480981084268,0.642420519457323,"[{'type': 'noise_collapse', 'severity': 0.8, 'details': {'noise_level': 1e-08}}]",{'acq': 'UCB'}
26,GP health,0.6392532005347022,91.54460224832815,0.000370561725295593,1397976313.9955628,1,0.8,['noise_collapse']
26,GP anomalies,Sum,"{'k1': 0.99**2 * RBF(length_scale=[4.31, 0.452, 0.0844]), 'k2': WhiteKernel(noise_level=1.56e-07), 'k1__k1': 0.99**2, 'k1__k2': RBF(length_scale=[4.31, 0.452, 0.0844]), 'k1__k1__constant_value': np.float64(0.9791677645638912), 'k1__k1__constant_value_bounds': (1e-05, 100000.0), 'k1__k2__length_scale': array([4.31193895, 0.45172458, 0.08442561]), 'k1__k2__length_scale_bounds': (0.004655390738675039, 4.655390738675039), 'k2__noise_level': np.float64(1.5602525795384542e-07), 'k2__noise_level_bounds': (1e-08, np.float64(0.5186008672291147))}",1,0.8,['noise_collapse']
26,3D Drug Combination,UCB,"0.99**2 * RBF(length_scale=[4.31, 0.452, 0.0844]) + WhiteKernel(noise_level=1.56e-07)","{'k1': 0.99**2 * RBF(length_scale=[4.31, 0.452, 0.0844]), 'k2': WhiteKernel(noise_level=1.56e-07), 'k1__k1': 0.99**2, 'k1__k2': RBF(length_scale=[4.31, 0.452, 0.0844]), 'k1__k1__constant_value': np.float64(0.9791677645638912), 'k1__k1__constant_value_bounds': (1e-05, 100000.0), 'k1__k2__length_scale': array([4.31193895, 0.45172458, 0.08442561]), 'k1__k2__length_scale_bounds': (0.004655390738675039, 4.655390738675039), 'k2__noise_level': np.float64(1.5602525795384542e-07), 'k2__noise_level_bounds': (1e-08, np.float64(0.5186008672291147))}","[0.41078155071558026, 0.7301831879493166, 0.4005580601314652]",-0.01626983047667996,0.6392532005347022,"[{'type': 'noise_collapse', 'severity': 0.8, 'details': {'noise_level': 1e-08}}]",{'acq': 'UCB'}
27,GP health,0.6409638228516399,65.87770115781358,0.00016854930311909757,131315137.68540828,1,0.8,['noise_collapse']
27,GP anomalies,Sum,"{'k1': 0.999**2 * RBF(length_scale=[4.29, 0.452, 0.0845]), 'k2': WhiteKernel(noise_level=1.41e-07), 'k1__k1': 0.999**2, 'k1__k2': RBF(length_scale=[4.29, 0.452, 0.0845]), 'k1__k1__constant_value': np.float64(0.998194472595376), 'k1__k1__constant_value_bounds': (1e-05, 100000.0), 'k1__k2__length_scale': array([4.29375579, 0.45163305, 0.08450023]), 'k1__k2__length_scale_bounds': (0.0045916905396549195, 4.59169053965492), 'k2__noise_level': np.float64(1.407245418754072e-07), 'k2__noise_level_bounds': (1e-08, np.float64(0.4998589976121324))}",1,0.8,['noise_collapse']
27,3D Drug Combination,UCB,"0.999**2 * RBF(length_scale=[4.29, 0.452, 0.0845]) + WhiteKernel(noise_level=1.41e-07)","{'k1': 0.999**2 * RBF(length_scale=[4.29, 0.452, 0.0845]), 'k2': WhiteKernel(noise_level=1.41e-07), 'k1__k1': 0.999**2, 'k1__k2': RBF(length_scale=[4.29, 0.452, 0.0845]), 'k1__k1__constant_value': np.float64(0.998194472595376), 'k1__k1__constant_value_bounds': (1e-05, 100000.0), 'k1__k2__length_scale': array([4.29375579, 0.45163305, 0.08450023]), 'k1__k2__length_scale_bounds': (0.0045916905396549195, 4.59169053965492), 'k2__noise_level': np.float64(1.407245418754072e-07), 'k2__noise_level_bounds': (1e-08, np.float64(0.4998589976121324))}","[0.3688852027295122, 0.7218440681328755, 0.4014502950852835]",-0.01628657251715193,0.6409638228516399,"[{'type': 'noise_collapse', 'severity': 0.8, 'details': {'noise_level': 1e-08}}]",{'acq': 'UCB'}
28,GP health,0.6427060266829143,105.30531150169514,0.00027205678863701416,2545641494.347937,1,0.8,['noise_collapse']
28,GP anomalies,Sum,"{'k1': 1.01**2 * RBF(length_scale=[4.27, 0.452, 0.0846]), 'k2': WhiteKernel(noise_level=1.28e-07), 'k1__k1': 1.01**2, 'k1__k2': RBF(length_scale=[4.27, 0.452, 0.0846]), 'k1__k1__constant_value': np.float64(1.0173940516280722), 'k1__k1__constant_value_bounds': (1e-05, 100000.0), 'k1__k2__length_scale': array([4.27390723, 0.45159039, 0.08455187]), 'k1__k2__length_scale_bounds': (0.004531345018612149, 4.531345018612149), 'k2__noise_level': np.float64(1.2783923016637432e-07), 'k2__noise_level_bounds': (1e-08, np.float64(0.4817175478367786))}",1,0.8,['noise_collapse']
28,3D Drug Combination,UCB,"1.01**2 * RBF(length_scale=[4.27, 0.452, 0.0846]) + WhiteKernel(noise_level=1.28e-07)","{'k1': 1.01**2 * RBF(length_scale=[4.27, 0.452, 0.0846]), 'k2': WhiteKernel(noise_level=1.28e-07), 'k1__k1': 1.01**2, 'k1__k2': RBF(length_scale=[4.27, 0.452, 0.0846]), 'k1__k1__constant_value': np.float64(1.0173940516280722), 'k1__k1__constant_value_bounds': (1e-05, 100000.0), 'k1__k2__length_scale': array([4.27390723, 0.45159039, 0.08455187]), 'k1__k2__length_scale_bounds': (0.004531345018612149, 4.531345018612149), 'k2__noise_level': np.float64(1.2783923016637432e-07), 'k2__noise_level_bounds': (1e-08, np.float64(0.4817175478367786))}","[0.3831504415993404, 0.7307094317400806, 0.39968332602689133]",-0.016263715606045004,0.6427060266829143,"[{'type': 'noise_collapse', 'severity': 0.8, 'details': {'noise_level': 1e-08}}]",{'acq': 'UCB'}
29,GP health,0.6444575475479267,112.63642183450835,0.00021631706997347316,3989385633.834347,1,0.8,['noise_collapse']
29,GP anomalies,Sum,"{'k1': 1.02**2 * RBF(length_scale=[4.25, 0.452, 0.0846]), 'k2': WhiteKernel(noise_level=1.17e-07), 'k1__k1': 1.02**2, 'k1__k2': RBF(length_scale=[4.25, 0.452, 0.0846]), 'k1__k1__constant_value': np.float64(1.0366940521847277), 'k1__k1__constant_value_bounds': (1e-05, 100000.0), 'k1__k2__length_scale': array([4.251569  , 0.45158144, 0.08457607]), 'k1__k2__length_scale_bounds': (0.004471823111910462, 4.471823111910461), 'k2__noise_level': np.float64(1.1678156885402646e-07), 'k2__noise_level_bounds': (1e-08, np.float64(0.46417831869450826))}",1,0.8,['noise_collapse']
29,3D Drug Combination,UCB,"1.02**2 * RBF(length_scale=[4.25, 0.452, 0.0846]) + WhiteKernel(noise_level=1.17e-07)","{'k1': 1.02**2 * RBF(length_scale=[4.25, 0.452, 0.0846]), 'k2': WhiteKernel(noise_level=1.17e-07), 'k1__k1': 1.02**2, 'k1__k2': RBF(length_scale=[4.25, 0.452, 0.0846]), 'k1__k1__constant_value': np.float64(1.0366940521847277), 'k1__k1__constant_value_bounds': (1e-05, 100000.0), 'k1__k2__length_scale': array([4.251569  , 0.45158144, 0.08457607]), 'k1__k2__length_scale_bounds': (0.004471823111910462, 4.471823111910461), 'k2__noise_level': np.float64(1.1678156885402646e-07), 'k2__noise_level_bounds': (1e-08, np.float64(0.46417831869450826))}","[0.4322370841381282, 0.7203343187585907, 0.40072761284168806]",-0.016278526605713717,0.6444575475479267,"[{'type': 'noise_collapse', 'severity': 0.8, 'details': {'noise_level': 1e-08}}]",{'acq': 'UCB'}
30,GP health,0.6462136234580655,82.51154050792941,0.00016660800122663045,292640949.39220494,1,0.8,['noise_collapse']
30,GP anomalies,Sum,"{'k1': 1.03**2 * RBF(length_scale=[4.23, 0.452, 0.0846]), 'k2': WhiteKernel(noise_level=1.07e-07), 'k1__k1': 1.03**2, 'k1__k2': RBF(length_scale=[4.23, 0.452, 0.0846]), 'k1__k1__constant_value': np.float64(1.056163182377357), 'k1__k1__constant_value_bounds': (1e-05, 100000.0), 'k1__k2__length_scale': array([4.23122384, 0.45162602, 0.08457938]), 'k1__k2__length_scale_bounds': (0.004411811144160388, 4.411811144160388), 'k2__noise_level': np.float64(1.0739212581749718e-07), 'k2__noise_level_bounds': (1e-08, np.float64(0.44722358988718486))}",1,0.8,['noise_collapse']
30,3D Drug Combination,UCB,"1.03**2 * RBF(length_scale=[4.23, 0.452, 0.0846]) + WhiteKernel(noise_level=1.07e-07)","{'k1': 1.03**2 * RBF(length_scale=[4.23, 0.452, 0.0846]), 'k2': WhiteKernel(noise_level=1.07e-07), 'k1__k1': 1.03**2, 'k1__k2': RBF(length_scale=[4.23, 0.452, 0.0846]), 'k1__k1__constant_value': np.float64(1.056163182377357), 'k1__k1__constant_value_bounds': (1e-05, 100000.0), 'k1__k2__length_scale': array([4.23122384, 0.45162602, 0.08457938]), 'k1__k2__length_scale_bounds': (0.004411811144160388, 4.411811144160388), 'k2__noise_level': np.float64(1.0739212581749718e-07), 'k2__noise_level_bounds': (1e-08, np.float64(0.44722358988718486))}","[0.32435485065342357, 0.734075029490208, 0.4001521179850311]",-0.01628242206955699,0.6462136234580655,"[{'type': 'noise_collapse', 'severity': 0.8, 'details': {'noise_level': 1e-08}}]",{'acq': 'UCB'}
