1,GP health,0.6733744140343059,-19.13689294134637,0.02533598905846925,201042.1344841487,1,0.8,['noise_collapse']
1,GP anomalies,Sum,"{'k1': 1.16**2 * RBF(length_scale=[0.451, 0.569, 0.89, 0.758, 0.491]), 'k2': WhiteKernel(noise_level=0.000335), 'k1__k1': 1.16**2, 'k1__k2': RBF(length_scale=[0.451, 0.569, 0.89, 0.758, 0.491]), 'k1__k1__constant_value': np.float64(1.3499227220140568), 'k1__k1__constant_value_bounds': (0.001, 10000.0), 'k1__k2__length_scale': array([0.45097087, 0.56903383, 0.88991014, 0.75848288, 0.4913287 ]), 'k1__k2__length_scale_bounds': (0.00919668618959348, 9.19668618959348), 'k2__noise_level': np.float64(0.00033496950169054746), 'k2__noise_level_bounds': (1e-08, np.float64(1.0))}",1,0.8,['noise_collapse']
1,5D Cake Recipe,PI,"1.16**2 * RBF(length_scale=[0.451, 0.569, 0.89, 0.758, 0.491]) + WhiteKernel(noise_level=0.000335)","{'k1': 1.16**2 * RBF(length_scale=[0.451, 0.569, 0.89, 0.758, 0.491]), 'k2': WhiteKernel(noise_level=0.000335), 'k1__k1': 1.16**2, 'k1__k2': RBF(length_scale=[0.451, 0.569, 0.89, 0.758, 0.491]), 'k1__k1__constant_value': np.float64(1.3499227220140568), 'k1__k1__constant_value_bounds': (0.001, 10000.0), 'k1__k2__length_scale': array([0.45097087, 0.56903383, 0.88991014, 0.75848288, 0.4913287 ]), 'k1__k2__length_scale_bounds': (0.00919668618959348, 9.19668618959348), 'k2__noise_level': np.float64(0.00033496950169054746), 'k2__noise_level_bounds': (1e-08, np.float64(1.0))}","[0.42621355395929844, 0.4127893386365866, 0.5936735301672532, 0.7974125205718626, 0.16317508059487162]",-0.14359216164600053,0.6733744140343059,"[{'type': 'noise_collapse', 'severity': 0.8, 'details': {'noise_level': 1e-08}}]",{'acq': 'PI'}
2,GP health,0.6699405377444342,-16.187625155601015,0.023832068908574245,142414.42783992086,1,0.8,['noise_collapse']
2,GP anomalies,Sum,"{'k1': 1.18**2 * RBF(length_scale=[0.477, 0.581, 0.983, 0.832, 0.51]), 'k2': WhiteKernel(noise_level=0.00025), 'k1__k1': 1.18**2, 'k1__k2': RBF(length_scale=[0.477, 0.581, 0.983, 0.832, 0.51]), 'k1__k1__constant_value': np.float64(1.3935698730913861), 'k1__k1__constant_value_bounds': (0.001, 10000.0), 'k1__k2__length_scale': array([0.47721701, 0.58064678, 0.98341903, 0.83178901, 0.5102083 ]), 'k1__k2__length_scale_bounds': (0.00903935210190892, 9.03935210190892), 'k2__noise_level': np.float64(0.00025024846214575315), 'k2__noise_level_bounds': (1e-08, np.float64(1.0285459718423304))}",1,0.8,['noise_collapse']
2,5D Cake Recipe,PI,"1.18**2 * RBF(length_scale=[0.477, 0.581, 0.983, 0.832, 0.51]) + WhiteKernel(noise_level=0.00025)","{'k1': 1.18**2 * RBF(length_scale=[0.477, 0.581, 0.983, 0.832, 0.51]), 'k2': WhiteKernel(noise_level=0.00025), 'k1__k1': 1.18**2, 'k1__k2': RBF(length_scale=[0.477, 0.581, 0.983, 0.832, 0.51]), 'k1__k1__constant_value': np.float64(1.3935698730913861), 'k1__k1__constant_value_bounds': (0.001, 10000.0), 'k1__k2__length_scale': array([0.47721701, 0.58064678, 0.98341903, 0.83178901, 0.5102083 ]), 'k1__k2__length_scale_bounds': (0.00903935210190892, 9.03935210190892), 'k2__noise_level': np.float64(0.00025024846214575315), 'k2__noise_level_bounds': (1e-08, np.float64(1.0285459718423304))}","[0.4532564523977745, 0.4204352197826172, 0.7265008920041887, 0.7757609805380306, 0.2049305016610301]",-0.11160421744646065,0.6699405377444342,"[{'type': 'noise_collapse', 'severity': 0.8, 'details': {'noise_level': 1e-08}}]",{'acq': 'PI'}
3,GP health,0.6674736990948835,-13.751007640735573,0.024122506820504718,354417.4375652437,1,0.8,['noise_collapse']
3,GP anomalies,Sum,"{'k1': 1.2**2 * RBF(length_scale=[0.503, 0.595, 1.07, 0.889, 0.524]), 'k2': WhiteKernel(noise_level=0.00021), 'k1__k1': 1.2**2, 'k1__k2': RBF(length_scale=[0.503, 0.595, 1.07, 0.889, 0.524]), 'k1__k1__constant_value': np.float64(1.4319316436427905), 'k1__k1__constant_value_bounds': (0.001, 10000.0), 'k1__k2__length_scale': array([0.50288328, 0.59517364, 1.06939223, 0.88862393, 0.52386461]), 'k1__k2__length_scale_bounds': (0.008890164795906536, 8.890164795906536), 'k2__noise_level': np.float64(0.00020975181210611607), 'k2__noise_level_bounds': (1e-08, np.float64(1.0465700421491182))}",1,0.8,['noise_collapse']
3,5D Cake Recipe,PI,"1.2**2 * RBF(length_scale=[0.503, 0.595, 1.07, 0.889, 0.524]) + WhiteKernel(noise_level=0.00021)","{'k1': 1.2**2 * RBF(length_scale=[0.503, 0.595, 1.07, 0.889, 0.524]), 'k2': WhiteKernel(noise_level=0.00021), 'k1__k1': 1.2**2, 'k1__k2': RBF(length_scale=[0.503, 0.595, 1.07, 0.889, 0.524]), 'k1__k1__constant_value': np.float64(1.4319316436427905), 'k1__k1__constant_value_bounds': (0.001, 10000.0), 'k1__k2__length_scale': array([0.50288328, 0.59517364, 1.06939223, 0.88862393, 0.52386461]), 'k1__k2__length_scale_bounds': (0.008890164795906536, 8.890164795906536), 'k2__noise_level': np.float64(0.00020975181210611607), 'k2__noise_level_bounds': (1e-08, np.float64(1.0465700421491182))}","[0.4475023628065049, 0.40867337479018473, 0.7278250649831636, 0.874334709993903, 0.19669204171215537]",-0.10271789511614848,0.6674736990948835,"[{'type': 'noise_collapse', 'severity': 0.8, 'details': {'noise_level': 1e-08}}]",{'acq': 'PI'}
4,GP health,0.665343469704251,-10.720168761362807,0.022598726469511377,247871.93212812784,1,0.8,['noise_collapse']
4,GP anomalies,Sum,"{'k1': 1.23**2 * RBF(length_scale=[0.532, 0.606, 1.13, 0.992, 0.53]), 'k2': WhiteKernel(noise_level=0.000181), 'k1__k1': 1.23**2, 'k1__k2': RBF(length_scale=[0.532, 0.606, 1.13, 0.992, 0.53]), 'k1__k1__constant_value': np.float64(1.5106757616825892), 'k1__k1__constant_value_bounds': (0.001, 10000.0), 'k1__k2__length_scale': array([0.532306  , 0.60588707, 1.13296849, 0.99154173, 0.53040624]), 'k1__k2__length_scale_bounds': (0.008760580214487498, 8.760580214487497), 'k2__noise_level': np.float64(0.00018092575991528404), 'k2__noise_level_bounds': (1e-08, np.float64(1.0540531927436465))}",1,0.8,['noise_collapse']
4,5D Cake Recipe,PI,"1.23**2 * RBF(length_scale=[0.532, 0.606, 1.13, 0.992, 0.53]) + WhiteKernel(noise_level=0.000181)","{'k1': 1.23**2 * RBF(length_scale=[0.532, 0.606, 1.13, 0.992, 0.53]), 'k2': WhiteKernel(noise_level=0.000181), 'k1__k1': 1.23**2, 'k1__k2': RBF(length_scale=[0.532, 0.606, 1.13, 0.992, 0.53]), 'k1__k1__constant_value': np.float64(1.5106757616825892), 'k1__k1__constant_value_bounds': (0.001, 10000.0), 'k1__k2__length_scale': array([0.532306  , 0.60588707, 1.13296849, 0.99154173, 0.53040624]), 'k1__k2__length_scale_bounds': (0.008760580214487498, 8.760580214487497), 'k2__noise_level': np.float64(0.00018092575991528404), 'k2__noise_level_bounds': (1e-08, np.float64(1.0540531927436465))}","[0.42983708956412514, 0.47321302107805174, 0.8453885803655958, 1.0, 0.24968563120589762]",-0.11451383901001377,0.665343469704251,"[{'type': 'noise_collapse', 'severity': 0.8, 'details': {'noise_level': 1e-08}}]",{'acq': 'PI'}
5,GP health,0.6636565972939361,-8.451249126056613,0.022008902131511385,331891.5529326558,1,0.8,['noise_collapse']
5,GP anomalies,Sum,"{'k1': 1.25**2 * RBF(length_scale=[0.549, 0.621, 1.19, 1.04, 0.538]), 'k2': WhiteKernel(noise_level=0.000156), 'k1__k1': 1.25**2, 'k1__k2': RBF(length_scale=[0.549, 0.621, 1.19, 1.04, 0.538]), 'k1__k1__constant_value': np.float64(1.5548420930823639), 'k1__k1__constant_value_bounds': (0.001, 10000.0), 'k1__k2__length_scale': array([0.54906763, 0.62148402, 1.18895301, 1.04119735, 0.53796281]), 'k1__k2__length_scale_bounds': (0.008687064350980418, 8.687064350980418), 'k2__noise_level': np.float64(0.0001556936921180648), 'k2__noise_level_bounds': (1e-08, np.float64(1.0516694749699902))}",1,0.8,['noise_collapse']
5,5D Cake Recipe,PI,"1.25**2 * RBF(length_scale=[0.549, 0.621, 1.19, 1.04, 0.538]) + WhiteKernel(noise_level=0.000156)","{'k1': 1.25**2 * RBF(length_scale=[0.549, 0.621, 1.19, 1.04, 0.538]), 'k2': WhiteKernel(noise_level=0.000156), 'k1__k1': 1.25**2, 'k1__k2': RBF(length_scale=[0.549, 0.621, 1.19, 1.04, 0.538]), 'k1__k1__constant_value': np.float64(1.5548420930823639), 'k1__k1__constant_value_bounds': (0.001, 10000.0), 'k1__k2__length_scale': array([0.54906763, 0.62148402, 1.18895301, 1.04119735, 0.53796281]), 'k1__k2__length_scale_bounds': (0.008687064350980418, 8.687064350980418), 'k2__noise_level': np.float64(0.0001556936921180648), 'k2__noise_level_bounds': (1e-08, np.float64(1.0516694749699902))}","[0.42845013222484474, 0.42079235489251665, 0.7893075661675406, 0.8388206830132633, 0.22226581206403825]",-0.101451551901095,0.6636565972939361,"[{'type': 'noise_collapse', 'severity': 0.8, 'details': {'noise_level': 1e-08}}]",{'acq': 'PI'}
6,GP health,0.6623248724281371,-4.96280271968163,0.02039630062160086,455780.16175985296,1,0.8,['noise_collapse']
6,GP anomalies,Sum,"{'k1': 1.26**2 * RBF(length_scale=[0.565, 0.631, 1.23, 1.08, 0.546]), 'k2': WhiteKernel(noise_level=0.000128), 'k1__k1': 1.26**2, 'k1__k2': RBF(length_scale=[0.565, 0.631, 1.23, 1.08, 0.546]), 'k1__k1__constant_value': np.float64(1.5992626342776082), 'k1__k1__constant_value_bounds': (0.001, 10000.0), 'k1__k2__length_scale': array([0.56546645, 0.63087212, 1.23403655, 1.07892363, 0.54576016]), 'k1__k2__length_scale_bounds': (0.00856069976761516, 8.56069976761516), 'k2__noise_level': np.float64(0.0001275180719088511), 'k2__noise_level_bounds': (1e-08, np.float64(1.044065185175074))}",1,0.8,['noise_collapse']
6,5D Cake Recipe,PI,"1.26**2 * RBF(length_scale=[0.565, 0.631, 1.23, 1.08, 0.546]) + WhiteKernel(noise_level=0.000128)","{'k1': 1.26**2 * RBF(length_scale=[0.565, 0.631, 1.23, 1.08, 0.546]), 'k2': WhiteKernel(noise_level=0.000128), 'k1__k1': 1.26**2, 'k1__k2': RBF(length_scale=[0.565, 0.631, 1.23, 1.08, 0.546]), 'k1__k1__constant_value': np.float64(1.5992626342776082), 'k1__k1__constant_value_bounds': (0.001, 10000.0), 'k1__k2__length_scale': array([0.56546645, 0.63087212, 1.23403655, 1.07892363, 0.54576016]), 'k1__k2__length_scale_bounds': (0.00856069976761516, 8.56069976761516), 'k2__noise_level': np.float64(0.0001275180719088511), 'k2__noise_level_bounds': (1e-08, np.float64(1.044065185175074))}","[0.47301364581233235, 0.3789464675275972, 0.921237820821029, 0.7849086164542884, 0.20728157170961706]",-0.10285417734516811,0.6623248724281371,"[{'type': 'noise_collapse', 'severity': 0.8, 'details': {'noise_level': 1e-08}}]",{'acq': 'PI'}
7,GP health,0.6615911027862443,-2.378268363516028,0.019643536592907934,573192.2669561524,1,0.8,['noise_collapse']
7,GP anomalies,Sum,"{'k1': 1.28**2 * RBF(length_scale=[0.577, 0.646, 1.29, 1.1, 0.553]), 'k2': WhiteKernel(noise_level=0.000114), 'k1__k1': 1.28**2, 'k1__k2': RBF(length_scale=[0.577, 0.646, 1.29, 1.1, 0.553]), 'k1__k1__constant_value': np.float64(1.6331848112988239), 'k1__k1__constant_value_bounds': (0.001, 10000.0), 'k1__k2__length_scale': array([0.57691061, 0.64620859, 1.28907791, 1.09796658, 0.55288783]), 'k1__k2__length_scale_bounds': (0.008464106465239752, 8.464106465239752), 'k2__noise_level': np.float64(0.00011447185713516372), 'k2__noise_level_bounds': (1e-08, np.float64(1.0313542669250562))}",1,0.8,['noise_collapse']
7,5D Cake Recipe,PI,"1.28**2 * RBF(length_scale=[0.577, 0.646, 1.29, 1.1, 0.553]) + WhiteKernel(noise_level=0.000114)","{'k1': 1.28**2 * RBF(length_scale=[0.577, 0.646, 1.29, 1.1, 0.553]), 'k2': WhiteKernel(noise_level=0.000114), 'k1__k1': 1.28**2, 'k1__k2': RBF(length_scale=[0.577, 0.646, 1.29, 1.1, 0.553]), 'k1__k1__constant_value': np.float64(1.6331848112988239), 'k1__k1__constant_value_bounds': (0.001, 10000.0), 'k1__k2__length_scale': array([0.57691061, 0.64620859, 1.28907791, 1.09796658, 0.55288783]), 'k1__k2__length_scale_bounds': (0.008464106465239752, 8.464106465239752), 'k2__noise_level': np.float64(0.00011447185713516372), 'k2__noise_level_bounds': (1e-08, np.float64(1.0313542669250562))}","[0.42859418524605614, 0.4220893159190798, 0.819143575316971, 0.8816676725260847, 0.20957640572645403]",-0.09817670171774928,0.6615911027862443,"[{'type': 'noise_collapse', 'severity': 0.8, 'details': {'noise_level': 1e-08}}]",{'acq': 'PI'}
8,GP health,0.6609865143954775,-0.5032503798168264,0.0209300465401687,1034325.6042287418,1,0.8,['noise_collapse']
8,GP anomalies,Sum,"{'k1': 1.29**2 * RBF(length_scale=[0.589, 0.657, 1.31, 1.12, 0.559]), 'k2': WhiteKernel(noise_level=9.65e-05), 'k1__k1': 1.29**2, 'k1__k2': RBF(length_scale=[0.589, 0.657, 1.31, 1.12, 0.559]), 'k1__k1__constant_value': np.float64(1.6735805604722453), 'k1__k1__constant_value_bounds': (0.001, 10000.0), 'k1__k2__length_scale': array([0.58870029, 0.65720239, 1.3140355 , 1.12325713, 0.55926798]), 'k1__k2__length_scale_bounds': (0.00835155166351431, 8.351551663514309), 'k2__noise_level': np.float64(9.653049765364769e-05), 'k2__noise_level_bounds': (1e-08, np.float64(1.0152023022866996))}",1,0.8,['noise_collapse']
8,5D Cake Recipe,PI,"1.29**2 * RBF(length_scale=[0.589, 0.657, 1.31, 1.12, 0.559]) + WhiteKernel(noise_level=9.65e-05)","{'k1': 1.29**2 * RBF(length_scale=[0.589, 0.657, 1.31, 1.12, 0.559]), 'k2': WhiteKernel(noise_level=9.65e-05), 'k1__k1': 1.29**2, 'k1__k2': RBF(length_scale=[0.589, 0.657, 1.31, 1.12, 0.559]), 'k1__k1__constant_value': np.float64(1.6735805604722453), 'k1__k1__constant_value_bounds': (0.001, 10000.0), 'k1__k2__length_scale': array([0.58870029, 0.65720239, 1.3140355 , 1.12325713, 0.55926798]), 'k1__k2__length_scale_bounds': (0.00835155166351431, 8.351551663514309), 'k2__noise_level': np.float64(9.653049765364769e-05), 'k2__noise_level_bounds': (1e-08, np.float64(1.0152023022866996))}","[0.4597907633375396, 0.41739971342017296, 0.8175252258012896, 0.908929731906593, 0.1912248380188605]",-0.0985940189991874,0.6609865143954775,"[{'type': 'noise_collapse', 'severity': 0.8, 'details': {'noise_level': 1e-08}}]",{'acq': 'PI'}
9,GP health,0.6605157964579828,2.499927078752357,0.019556000017882977,1324461.894107842,1,0.8,['noise_collapse']
9,GP anomalies,Sum,"{'k1': 1.31**2 * RBF(length_scale=[0.6, 0.666, 1.34, 1.15, 0.565]), 'k2': WhiteKernel(noise_level=8.33e-05), 'k1__k1': 1.31**2, 'k1__k2': RBF(length_scale=[0.6, 0.666, 1.34, 1.15, 0.565]), 'k1__k1__constant_value': np.float64(1.7140773389350166), 'k1__k1__constant_value_bounds': (0.001, 10000.0), 'k1__k2__length_scale': array([0.59952534, 0.66579934, 1.33718919, 1.14788449, 0.56515312]), 'k1__k2__length_scale_bounds': (0.008243082647772765, 8.243082647772765), 'k2__noise_level': np.float64(8.328488761132997e-05), 'k2__noise_level_bounds': (1e-08, np.float64(0.9961367865332382))}",1,0.8,['noise_collapse']
9,5D Cake Recipe,PI,"1.31**2 * RBF(length_scale=[0.6, 0.666, 1.34, 1.15, 0.565]) + WhiteKernel(noise_level=8.33e-05)","{'k1': 1.31**2 * RBF(length_scale=[0.6, 0.666, 1.34, 1.15, 0.565]), 'k2': WhiteKernel(noise_level=8.33e-05), 'k1__k1': 1.31**2, 'k1__k2': RBF(length_scale=[0.6, 0.666, 1.34, 1.15, 0.565]), 'k1__k1__constant_value': np.float64(1.7140773389350166), 'k1__k1__constant_value_bounds': (0.001, 10000.0), 'k1__k2__length_scale': array([0.59952534, 0.66579934, 1.33718919, 1.14788449, 0.56515312]), 'k1__k2__length_scale_bounds': (0.008243082647772765, 8.243082647772765), 'k2__noise_level': np.float64(8.328488761132997e-05), 'k2__noise_level_bounds': (1e-08, np.float64(0.9961367865332382))}","[0.46616436546913276, 0.4566697992693128, 0.880408927383975, 0.8341975610104508, 0.18312578085385603]",-0.10465737067665204,0.6605157964579828,"[{'type': 'noise_collapse', 'severity': 0.8, 'details': {'noise_level': 1e-08}}]",{'acq': 'PI'}
10,GP health,0.6601073630354222,5.003234790187641,0.01888345782106743,1604655.4742141545,1,0.8,['noise_collapse']
10,GP anomalies,Sum,"{'k1': 1.33**2 * RBF(length_scale=[0.609, 0.679, 1.36, 1.17, 0.571]), 'k2': WhiteKernel(noise_level=7.45e-05), 'k1__k1': 1.33**2, 'k1__k2': RBF(length_scale=[0.609, 0.679, 1.36, 1.17, 0.571]), 'k1__k1__constant_value': np.float64(1.7577215836604627), 'k1__k1__constant_value_bounds': (0.001, 10000.0), 'k1__k2__length_scale': array([0.60876811, 0.67894225, 1.3611617 , 1.16662693, 0.57073995]), 'k1__k2__length_scale_bounds': (0.008138763761507399, 8.138763761507398), 'k2__noise_level': np.float64(7.451557938700344e-05), 'k2__noise_level_bounds': (1e-08, np.float64(0.9745904305291802))}",1,0.8,['noise_collapse']
10,5D Cake Recipe,PI,"1.33**2 * RBF(length_scale=[0.609, 0.679, 1.36, 1.17, 0.571]) + WhiteKernel(noise_level=7.45e-05)","{'k1': 1.33**2 * RBF(length_scale=[0.609, 0.679, 1.36, 1.17, 0.571]), 'k2': WhiteKernel(noise_level=7.45e-05), 'k1__k1': 1.33**2, 'k1__k2': RBF(length_scale=[0.609, 0.679, 1.36, 1.17, 0.571]), 'k1__k1__constant_value': np.float64(1.7577215836604627), 'k1__k1__constant_value_bounds': (0.001, 10000.0), 'k1__k2__length_scale': array([0.60876811, 0.67894225, 1.3611617 , 1.16662693, 0.57073995]), 'k1__k2__length_scale_bounds': (0.008138763761507399, 8.138763761507398), 'k2__noise_level': np.float64(7.451557938700344e-05), 'k2__noise_level_bounds': (1e-08, np.float64(0.9745904305291802))}","[0.4624165987128329, 0.3971756668232892, 0.8716349894608311, 0.8327585170347848, 0.22468973364025968]",-0.09781960886071706,0.6601073630354222,"[{'type': 'noise_collapse', 'severity': 0.8, 'details': {'noise_level': 1e-08}}]",{'acq': 'PI'}
11,GP health,0.6600729036638903,11.043532807530497,0.015299761748242756,1530321.4209642904,1,0.8,['noise_collapse']
11,GP anomalies,Sum,"{'k1': 1.34**2 * RBF(length_scale=[0.618, 0.686, 1.38, 1.19, 0.575]), 'k2': WhiteKernel(noise_level=6.52e-05), 'k1__k1': 1.34**2, 'k1__k2': RBF(length_scale=[0.618, 0.686, 1.38, 1.19, 0.575]), 'k1__k1__constant_value': np.float64(1.8060557676804583), 'k1__k1__constant_value_bounds': (0.001, 10000.0), 'k1__k2__length_scale': array([0.6182747 , 0.68585141, 1.38017672, 1.19242062, 0.57481751]), 'k1__k2__length_scale_bounds': (0.00803053883377883, 8.030538833778829), 'k2__noise_level': np.float64(6.52347575150683e-05), 'k2__noise_level_bounds': (1e-08, np.float64(0.9518772109944179))}",1,0.8,['noise_collapse']
11,5D Cake Recipe,PI,"1.34**2 * RBF(length_scale=[0.618, 0.686, 1.38, 1.19, 0.575]) + WhiteKernel(noise_level=6.52e-05)","{'k1': 1.34**2 * RBF(length_scale=[0.618, 0.686, 1.38, 1.19, 0.575]), 'k2': WhiteKernel(noise_level=6.52e-05), 'k1__k1': 1.34**2, 'k1__k2': RBF(length_scale=[0.618, 0.686, 1.38, 1.19, 0.575]), 'k1__k1__constant_value': np.float64(1.8060557676804583), 'k1__k1__constant_value_bounds': (0.001, 10000.0), 'k1__k2__length_scale': array([0.6182747 , 0.68585141, 1.38017672, 1.19242062, 0.57481751]), 'k1__k2__length_scale_bounds': (0.00803053883377883, 8.030538833778829), 'k2__noise_level': np.float64(6.52347575150683e-05), 'k2__noise_level_bounds': (1e-08, np.float64(0.9518772109944179))}","[0.4658371536427267, 0.4065232862511754, 0.9489642691588243, 0.8134962248619552, 0.1948979331440393]",-0.10273582527368408,0.6600729036638903,"[{'type': 'noise_collapse', 'severity': 0.8, 'details': {'noise_level': 1e-08}}]",{'acq': 'PI'}
12,GP health,0.6601303450948087,14.715684172823671,0.014357483731415262,1900729.0741129557,1,0.8,['noise_collapse']
12,GP anomalies,Sum,"{'k1': 1.36**2 * RBF(length_scale=[0.624, 0.692, 1.4, 1.21, 0.578]), 'k2': WhiteKernel(noise_level=5.69e-05), 'k1__k1': 1.36**2, 'k1__k2': RBF(length_scale=[0.624, 0.692, 1.4, 1.21, 0.578]), 'k1__k1__constant_value': np.float64(1.84672084158491), 'k1__k1__constant_value_bounds': (0.001, 10000.0), 'k1__k2__length_scale': array([0.6243567 , 0.69230522, 1.39777919, 1.20689894, 0.57833981]), 'k1__k2__length_scale_bounds': (0.007942418803509625, 7.942418803509625), 'k2__noise_level': np.float64(5.693245744567237e-05), 'k2__noise_level_bounds': (1e-08, np.float64(0.9278146543383327))}",1,0.8,['noise_collapse']
12,5D Cake Recipe,PI,"1.36**2 * RBF(length_scale=[0.624, 0.692, 1.4, 1.21, 0.578]) + WhiteKernel(noise_level=5.69e-05)","{'k1': 1.36**2 * RBF(length_scale=[0.624, 0.692, 1.4, 1.21, 0.578]), 'k2': WhiteKernel(noise_level=5.69e-05), 'k1__k1': 1.36**2, 'k1__k2': RBF(length_scale=[0.624, 0.692, 1.4, 1.21, 0.578]), 'k1__k1__constant_value': np.float64(1.84672084158491), 'k1__k1__constant_value_bounds': (0.001, 10000.0), 'k1__k2__length_scale': array([0.6243567 , 0.69230522, 1.39777919, 1.20689894, 0.57833981]), 'k1__k2__length_scale_bounds': (0.007942418803509625, 7.942418803509625), 'k2__noise_level': np.float64(5.693245744567237e-05), 'k2__noise_level_bounds': (1e-08, np.float64(0.9278146543383327))}","[0.46177046973016805, 0.37223904725098184, 0.89318185683228, 0.757092656247971, 0.16912985272848213]",-0.1082954722236189,0.6601303450948087,"[{'type': 'noise_collapse', 'severity': 0.8, 'details': {'noise_level': 1e-08}}]",{'acq': 'PI'}
13,GP health,0.6605243317378887,17.966183719289376,0.013842923841709445,2252561.031377071,1,0.8,['noise_collapse']
13,GP anomalies,Sum,"{'k1': 1.38**2 * RBF(length_scale=[0.632, 0.7, 1.42, 1.23, 0.583]), 'k2': WhiteKernel(noise_level=5.28e-05), 'k1__k1': 1.38**2, 'k1__k2': RBF(length_scale=[0.632, 0.7, 1.42, 1.23, 0.583]), 'k1__k1__constant_value': np.float64(1.8980544146775924), 'k1__k1__constant_value_bounds': (0.001, 10000.0), 'k1__k2__length_scale': array([0.63240023, 0.70013815, 1.419867  , 1.23175351, 0.583239  ]), 'k1__k2__length_scale_bounds': (0.007842766555675425, 7.842766555675425), 'k2__noise_level': np.float64(5.275175435511024e-05), 'k2__noise_level_bounds': (1e-08, np.float64(0.9028003208379408))}",1,0.8,['noise_collapse']
13,5D Cake Recipe,PI,"1.38**2 * RBF(length_scale=[0.632, 0.7, 1.42, 1.23, 0.583]) + WhiteKernel(noise_level=5.28e-05)","{'k1': 1.38**2 * RBF(length_scale=[0.632, 0.7, 1.42, 1.23, 0.583]), 'k2': WhiteKernel(noise_level=5.28e-05), 'k1__k1': 1.38**2, 'k1__k2': RBF(length_scale=[0.632, 0.7, 1.42, 1.23, 0.583]), 'k1__k1__constant_value': np.float64(1.8980544146775924), 'k1__k1__constant_value_bounds': (0.001, 10000.0), 'k1__k2__length_scale': array([0.63240023, 0.70013815, 1.419867  , 1.23175351, 0.583239  ]), 'k1__k2__length_scale_bounds': (0.007842766555675425, 7.842766555675425), 'k2__noise_level': np.float64(5.275175435511024e-05), 'k2__noise_level_bounds': (1e-08, np.float64(0.9028003208379408))}","[0.4536362248981688, 0.4191373917745482, 0.8060425993716597, 0.822989857777744, 0.20261663450378053]",-0.09669275032664548,0.6605243317378887,"[{'type': 'noise_collapse', 'severity': 0.8, 'details': {'noise_level': 1e-08}}]",{'acq': 'PI'}
14,GP health,0.6610318989277525,18.004181721007036,0.015901096021875574,3362507.6281989235,1,0.8,['noise_collapse']
14,GP anomalies,Sum,"{'k1': 1.39**2 * RBF(length_scale=[0.637, 0.705, 1.43, 1.24, 0.586]), 'k2': WhiteKernel(noise_level=4.66e-05), 'k1__k1': 1.39**2, 'k1__k2': RBF(length_scale=[0.637, 0.705, 1.43, 1.24, 0.586]), 'k1__k1__constant_value': np.float64(1.937062915377627), 'k1__k1__constant_value_bounds': (0.001, 10000.0), 'k1__k2__length_scale': array([0.63706127, 0.70450149, 1.43127564, 1.24418778, 0.58609354]), 'k1__k2__length_scale_bounds': (0.007727575586770663, 7.727575586770663), 'k2__noise_level': np.float64(4.659548362894951e-05), 'k2__noise_level_bounds': (1e-08, np.float64(0.8778300256800502))}",1,0.8,['noise_collapse']
14,5D Cake Recipe,PI,"1.39**2 * RBF(length_scale=[0.637, 0.705, 1.43, 1.24, 0.586]) + WhiteKernel(noise_level=4.66e-05)","{'k1': 1.39**2 * RBF(length_scale=[0.637, 0.705, 1.43, 1.24, 0.586]), 'k2': WhiteKernel(noise_level=4.66e-05), 'k1__k1': 1.39**2, 'k1__k2': RBF(length_scale=[0.637, 0.705, 1.43, 1.24, 0.586]), 'k1__k1__constant_value': np.float64(1.937062915377627), 'k1__k1__constant_value_bounds': (0.001, 10000.0), 'k1__k2__length_scale': array([0.63706127, 0.70450149, 1.43127564, 1.24418778, 0.58609354]), 'k1__k2__length_scale_bounds': (0.007727575586770663, 7.727575586770663), 'k2__noise_level': np.float64(4.659548362894951e-05), 'k2__noise_level_bounds': (1e-08, np.float64(0.8778300256800502))}","[0.4355564963080921, 0.40678043231015815, 0.8337306241054293, 0.8414380050154737, 0.21929103500613725]",-0.0984009277300586,0.6610318989277525,"[{'type': 'noise_collapse', 'severity': 0.8, 'details': {'noise_level': 1e-08}}]",{'acq': 'PI'}
15,GP health,0.6616890504021334,25.9507734626508,0.012264690610917136,3290206.784174452,1,0.8,['noise_collapse']
15,GP anomalies,Sum,"{'k1': 1.41**2 * RBF(length_scale=[0.642, 0.709, 1.44, 1.26, 0.589]), 'k2': WhiteKernel(noise_level=4.18e-05), 'k1__k1': 1.41**2, 'k1__k2': RBF(length_scale=[0.642, 0.709, 1.44, 1.26, 0.589]), 'k1__k1__constant_value': np.float64(1.9794548652915114), 'k1__k1__constant_value_bounds': (0.001, 10000.0), 'k1__k2__length_scale': array([0.64188866, 0.70879555, 1.4423712 , 1.25696039, 0.58888018]), 'k1__k2__length_scale_bounds': (0.007619781847569332, 7.619781847569333), 'k2__noise_level': np.float64(4.1796167435555e-05), 'k2__noise_level_bounds': (1e-08, np.float64(0.8525509357352143))}",1,0.8,['noise_collapse']
15,5D Cake Recipe,PI,"1.41**2 * RBF(length_scale=[0.642, 0.709, 1.44, 1.26, 0.589]) + WhiteKernel(noise_level=4.18e-05)","{'k1': 1.41**2 * RBF(length_scale=[0.642, 0.709, 1.44, 1.26, 0.589]), 'k2': WhiteKernel(noise_level=4.18e-05), 'k1__k1': 1.41**2, 'k1__k2': RBF(length_scale=[0.642, 0.709, 1.44, 1.26, 0.589]), 'k1__k1__constant_value': np.float64(1.9794548652915114), 'k1__k1__constant_value_bounds': (0.001, 10000.0), 'k1__k2__length_scale': array([0.64188866, 0.70879555, 1.4423712 , 1.25696039, 0.58888018]), 'k1__k2__length_scale_bounds': (0.007619781847569332, 7.619781847569333), 'k2__noise_level': np.float64(4.1796167435555e-05), 'k2__noise_level_bounds': (1e-08, np.float64(0.8525509357352143))}","[0.4275738917484181, 0.4328705468195565, 0.7453779396103081, 1.0, 0.21324447773310312]",-0.10967019262677313,0.6616890504021334,"[{'type': 'noise_collapse', 'severity': 0.8, 'details': {'noise_level': 1e-08}}]",{'acq': 'PI'}
16,GP health,0.6623168142742688,24.3880454113229,0.014764950217315297,4696668.910395972,1,0.8,['noise_collapse']
16,GP anomalies,Sum,"{'k1': 1.43**2 * RBF(length_scale=[0.651, 0.713, 1.46, 1.29, 0.591]), 'k2': WhiteKernel(noise_level=3.92e-05), 'k1__k1': 1.43**2, 'k1__k2': RBF(length_scale=[0.651, 0.713, 1.46, 1.29, 0.591]), 'k1__k1__constant_value': np.float64(2.046636005530112), 'k1__k1__constant_value_bounds': (0.001, 10000.0), 'k1__k2__length_scale': array([0.6506215 , 0.7133044 , 1.46316791, 1.29251567, 0.59113959]), 'k1__k2__length_scale_bounds': (0.007539939919804667, 7.539939919804667), 'k2__noise_level': np.float64(3.917303719740218e-05), 'k2__noise_level_bounds': (1e-08, np.float64(0.8268602616819963))}",1,0.8,['noise_collapse']
16,5D Cake Recipe,PI,"1.43**2 * RBF(length_scale=[0.651, 0.713, 1.46, 1.29, 0.591]) + WhiteKernel(noise_level=3.92e-05)","{'k1': 1.43**2 * RBF(length_scale=[0.651, 0.713, 1.46, 1.29, 0.591]), 'k2': WhiteKernel(noise_level=3.92e-05), 'k1__k1': 1.43**2, 'k1__k2': RBF(length_scale=[0.651, 0.713, 1.46, 1.29, 0.591]), 'k1__k1__constant_value': np.float64(2.046636005530112), 'k1__k1__constant_value_bounds': (0.001, 10000.0), 'k1__k2__length_scale': array([0.6506215 , 0.7133044 , 1.46316791, 1.29251567, 0.59113959]), 'k1__k2__length_scale_bounds': (0.007539939919804667, 7.539939919804667), 'k2__noise_level': np.float64(3.917303719740218e-05), 'k2__noise_level_bounds': (1e-08, np.float64(0.8268602616819963))}","[0.43380979068082653, 0.40881331001205234, 0.8514342282187026, 0.9045511452808127, 0.2245824302877893]",-0.10090040350853946,0.6623168142742688,"[{'type': 'noise_collapse', 'severity': 0.8, 'details': {'noise_level': 1e-08}}]",{'acq': 'PI'}
17,GP health,0.6632553090289051,33.08568781614446,0.011422196477142698,4596447.229102488,1,0.8,['noise_collapse']
17,GP anomalies,Sum,"{'k1': 1.45**2 * RBF(length_scale=[0.655, 0.717, 1.47, 1.31, 0.594]), 'k2': WhiteKernel(noise_level=3.6e-05), 'k1__k1': 1.45**2, 'k1__k2': RBF(length_scale=[0.655, 0.717, 1.47, 1.31, 0.594]), 'k1__k1__constant_value': np.float64(2.0897201317140723), 'k1__k1__constant_value_bounds': (0.001, 10000.0), 'k1__k2__length_scale': array([0.65483134, 0.71685063, 1.47458396, 1.30703717, 0.59363642]), 'k1__k2__length_scale_bounds': (0.007446892877143681, 7.44689287714368), 'k2__noise_level': np.float64(3.602406424140433e-05), 'k2__noise_level_bounds': (1e-08, np.float64(0.8015852364525257))}",1,0.8,['noise_collapse']
17,5D Cake Recipe,PI,"1.45**2 * RBF(length_scale=[0.655, 0.717, 1.47, 1.31, 0.594]) + WhiteKernel(noise_level=3.6e-05)","{'k1': 1.45**2 * RBF(length_scale=[0.655, 0.717, 1.47, 1.31, 0.594]), 'k2': WhiteKernel(noise_level=3.6e-05), 'k1__k1': 1.45**2, 'k1__k2': RBF(length_scale=[0.655, 0.717, 1.47, 1.31, 0.594]), 'k1__k1__constant_value': np.float64(2.0897201317140723), 'k1__k1__constant_value_bounds': (0.001, 10000.0), 'k1__k2__length_scale': array([0.65483134, 0.71685063, 1.47458396, 1.30703717, 0.59363642]), 'k1__k2__length_scale_bounds': (0.007446892877143681, 7.44689287714368), 'k2__noise_level': np.float64(3.602406424140433e-05), 'k2__noise_level_bounds': (1e-08, np.float64(0.8015852364525257))}","[0.44590241266980624, 0.44109414675887837, 0.8628205170157932, 0.9047283898540817, 0.2013986803741347]",-0.09819560051746379,0.6632553090289051,"[{'type': 'noise_collapse', 'severity': 0.8, 'details': {'noise_level': 1e-08}}]",{'acq': 'PI'}
18,GP health,0.6642930838874397,31.343809626824104,0.013690473320442077,6382241.373938445,1,0.8,['noise_collapse']
18,GP anomalies,Sum,"{'k1': 1.46**2 * RBF(length_scale=[0.659, 0.72, 1.49, 1.32, 0.596]), 'k2': WhiteKernel(noise_level=3.32e-05), 'k1__k1': 1.46**2, 'k1__k2': RBF(length_scale=[0.659, 0.72, 1.49, 1.32, 0.596]), 'k1__k1__constant_value': np.float64(2.135775846661037), 'k1__k1__constant_value_bounds': (0.001, 10000.0), 'k1__k2__length_scale': array([0.65895124, 0.72009946, 1.4852602 , 1.32081914, 0.59597384]), 'k1__k2__length_scale_bounds': (0.007356683079273361, 7.356683079273361), 'k2__noise_level': np.float64(3.320922724710595e-05), 'k2__noise_level_bounds': (1e-08, np.float64(0.7766133845118969))}",1,0.8,['noise_collapse']
18,5D Cake Recipe,PI,"1.46**2 * RBF(length_scale=[0.659, 0.72, 1.49, 1.32, 0.596]) + WhiteKernel(noise_level=3.32e-05)","{'k1': 1.46**2 * RBF(length_scale=[0.659, 0.72, 1.49, 1.32, 0.596]), 'k2': WhiteKernel(noise_level=3.32e-05), 'k1__k1': 1.46**2, 'k1__k2': RBF(length_scale=[0.659, 0.72, 1.49, 1.32, 0.596]), 'k1__k1__constant_value': np.float64(2.135775846661037), 'k1__k1__constant_value_bounds': (0.001, 10000.0), 'k1__k2__length_scale': array([0.65895124, 0.72009946, 1.4852602 , 1.32081914, 0.59597384]), 'k1__k2__length_scale_bounds': (0.007356683079273361, 7.356683079273361), 'k2__noise_level': np.float64(3.320922724710595e-05), 'k2__noise_level_bounds': (1e-08, np.float64(0.7766133845118969))}","[0.45950466753373337, 0.43813984928513416, 0.9259794766792132, 0.8355821656307881, 0.2064772149596328]",-0.10072365370984393,0.6642930838874397,"[{'type': 'noise_collapse', 'severity': 0.8, 'details': {'noise_level': 1e-08}}]",{'acq': 'PI'}
19,GP health,0.665413240464391,41.02291171552552,0.010486857562108676,6135964.6579662645,1,0.8,['noise_collapse']
19,GP anomalies,Sum,"{'k1': 1.48**2 * RBF(length_scale=[0.662, 0.724, 1.49, 1.33, 0.598]), 'k2': WhiteKernel(noise_level=3.08e-05), 'k1__k1': 1.48**2, 'k1__k2': RBF(length_scale=[0.662, 0.724, 1.49, 1.33, 0.598]), 'k1__k1__constant_value': np.float64(2.177498841220364), 'k1__k1__constant_value_bounds': (0.001, 10000.0), 'k1__k2__length_scale': array([0.66213177, 0.72356737, 1.49483542, 1.32981932, 0.59825094]), 'k1__k2__length_scale_bounds': (0.0072725195795314244, 7.272519579531425), 'k2__noise_level': np.float64(3.080109141956564e-05), 'k2__noise_level_bounds': (1e-08, np.float64(0.7518891020092408))}",1,0.8,['noise_collapse']
19,5D Cake Recipe,PI,"1.48**2 * RBF(length_scale=[0.662, 0.724, 1.49, 1.33, 0.598]) + WhiteKernel(noise_level=3.08e-05)","{'k1': 1.48**2 * RBF(length_scale=[0.662, 0.724, 1.49, 1.33, 0.598]), 'k2': WhiteKernel(noise_level=3.08e-05), 'k1__k1': 1.48**2, 'k1__k2': RBF(length_scale=[0.662, 0.724, 1.49, 1.33, 0.598]), 'k1__k1__constant_value': np.float64(2.177498841220364), 'k1__k1__constant_value_bounds': (0.001, 10000.0), 'k1__k2__length_scale': array([0.66213177, 0.72356737, 1.49483542, 1.32981932, 0.59825094]), 'k1__k2__length_scale_bounds': (0.0072725195795314244, 7.272519579531425), 'k2__noise_level': np.float64(3.080109141956564e-05), 'k2__noise_level_bounds': (1e-08, np.float64(0.7518891020092408))}","[0.4726154194254949, 0.44088745688638764, 0.8427669938896256, 0.8278583951637618, 0.22743002000406198]",-0.10037703602657655,0.665413240464391,"[{'type': 'noise_collapse', 'severity': 0.8, 'details': {'noise_level': 1e-08}}]",{'acq': 'PI'}
20,GP health,0.6665272338729991,37.99925379970455,0.01291447294145733,8224067.272066822,1,0.8,['noise_collapse']
20,GP anomalies,Sum,"{'k1': 1.49**2 * RBF(length_scale=[0.666, 0.727, 1.5, 1.34, 0.601]), 'k2': WhiteKernel(noise_level=2.88e-05), 'k1__k1': 1.49**2, 'k1__k2': RBF(length_scale=[0.666, 0.727, 1.5, 1.34, 0.601]), 'k1__k1__constant_value': np.float64(2.223146161025281), 'k1__k1__constant_value_bounds': (0.001, 10000.0), 'k1__k2__length_scale': array([0.66567194, 0.72679196, 1.50455577, 1.34003127, 0.6008931 ]), 'k1__k2__length_scale_bounds': (0.007174362961822295, 7.174362961822295), 'k2__noise_level': np.float64(2.8783745879937545e-05), 'k2__noise_level_bounds': (1e-08, np.float64(0.7275704813028581))}",1,0.8,['noise_collapse']
20,5D Cake Recipe,PI,"1.49**2 * RBF(length_scale=[0.666, 0.727, 1.5, 1.34, 0.601]) + WhiteKernel(noise_level=2.88e-05)","{'k1': 1.49**2 * RBF(length_scale=[0.666, 0.727, 1.5, 1.34, 0.601]), 'k2': WhiteKernel(noise_level=2.88e-05), 'k1__k1': 1.49**2, 'k1__k2': RBF(length_scale=[0.666, 0.727, 1.5, 1.34, 0.601]), 'k1__k1__constant_value': np.float64(2.223146161025281), 'k1__k1__constant_value_bounds': (0.001, 10000.0), 'k1__k2__length_scale': array([0.66567194, 0.72679196, 1.50455577, 1.34003127, 0.6008931 ]), 'k1__k2__length_scale_bounds': (0.007174362961822295, 7.174362961822295), 'k2__noise_level': np.float64(2.8783745879937545e-05), 'k2__noise_level_bounds': (1e-08, np.float64(0.7275704813028581))}","[0.4968179578468542, 0.4581418818248611, 0.9067432055097275, 0.8672929310405068, 0.21190149737047403]",-0.10614113775558942,0.6665272338729991,"[{'type': 'noise_collapse', 'severity': 0.8, 'details': {'noise_level': 1e-08}}]",{'acq': 'PI'}
21,GP health,0.6676987559226216,40.831797221604724,0.012703159130789296,9423571.864170352,1,0.8,['noise_collapse']
21,GP anomalies,Sum,"{'k1': 1.51**2 * RBF(length_scale=[0.671, 0.732, 1.52, 1.35, 0.604]), 'k2': WhiteKernel(noise_level=2.74e-05), 'k1__k1': 1.51**2, 'k1__k2': RBF(length_scale=[0.671, 0.732, 1.52, 1.35, 0.604]), 'k1__k1__constant_value': np.float64(2.271186048856895), 'k1__k1__constant_value_bounds': (0.001, 10000.0), 'k1__k2__length_scale': array([0.6708446 , 0.73182478, 1.51650487, 1.34960533, 0.60373666]), 'k1__k2__length_scale_bounds': (0.007092326783980651, 7.09232678398065), 'k2__noise_level': np.float64(2.740653277986912e-05), 'k2__noise_level_bounds': (1e-08, np.float64(0.70358148937072))}",1,0.8,['noise_collapse']
21,5D Cake Recipe,PI,"1.51**2 * RBF(length_scale=[0.671, 0.732, 1.52, 1.35, 0.604]) + WhiteKernel(noise_level=2.74e-05)","{'k1': 1.51**2 * RBF(length_scale=[0.671, 0.732, 1.52, 1.35, 0.604]), 'k2': WhiteKernel(noise_level=2.74e-05), 'k1__k1': 1.51**2, 'k1__k2': RBF(length_scale=[0.671, 0.732, 1.52, 1.35, 0.604]), 'k1__k1__constant_value': np.float64(2.271186048856895), 'k1__k1__constant_value_bounds': (0.001, 10000.0), 'k1__k2__length_scale': array([0.6708446 , 0.73182478, 1.51650487, 1.34960533, 0.60373666]), 'k1__k2__length_scale_bounds': (0.007092326783980651, 7.09232678398065), 'k2__noise_level': np.float64(2.740653277986912e-05), 'k2__noise_level_bounds': (1e-08, np.float64(0.70358148937072))}","[0.45014860102470217, 0.4502486887323097, 0.8449748380276257, 0.8748848584494909, 0.22156817014675892]",-0.09776378766777793,0.6676987559226216,"[{'type': 'noise_collapse', 'severity': 0.8, 'details': {'noise_level': 1e-08}}]",{'acq': 'PI'}
22,GP health,0.6690941409092813,52.389385475040896,0.00956391440816051,9242247.796240987,1,0.8,['noise_collapse']
22,GP anomalies,Sum,"{'k1': 1.52**2 * RBF(length_scale=[0.674, 0.734, 1.52, 1.36, 0.606]), 'k2': WhiteKernel(noise_level=2.58e-05), 'k1__k1': 1.52**2, 'k1__k2': RBF(length_scale=[0.674, 0.734, 1.52, 1.36, 0.606]), 'k1__k1__constant_value': np.float64(2.31408197592246), 'k1__k1__constant_value_bounds': (0.001, 10000.0), 'k1__k2__length_scale': array([0.67359855, 0.73440469, 1.52389299, 1.35858365, 0.60576943]), 'k1__k2__length_scale_bounds': (0.007001728823087158, 7.0017288230871575), 'k2__noise_level': np.float64(2.577216568721804e-05), 'k2__noise_level_bounds': (1e-08, np.float64(0.680279693488432))}",1,0.8,['noise_collapse']
22,5D Cake Recipe,PI,"1.52**2 * RBF(length_scale=[0.674, 0.734, 1.52, 1.36, 0.606]) + WhiteKernel(noise_level=2.58e-05)","{'k1': 1.52**2 * RBF(length_scale=[0.674, 0.734, 1.52, 1.36, 0.606]), 'k2': WhiteKernel(noise_level=2.58e-05), 'k1__k1': 1.52**2, 'k1__k2': RBF(length_scale=[0.674, 0.734, 1.52, 1.36, 0.606]), 'k1__k1__constant_value': np.float64(2.31408197592246), 'k1__k1__constant_value_bounds': (0.001, 10000.0), 'k1__k2__length_scale': array([0.67359855, 0.73440469, 1.52389299, 1.35858365, 0.60576943]), 'k1__k2__length_scale_bounds': (0.007001728823087158, 7.0017288230871575), 'k2__noise_level': np.float64(2.577216568721804e-05), 'k2__noise_level_bounds': (1e-08, np.float64(0.680279693488432))}","[0.4625901962832585, 0.41928659830586257, 0.8303624213285806, 0.8420088543443822, 0.18404319607752084]",-0.0971167634594956,0.6690941409092813,"[{'type': 'noise_collapse', 'severity': 0.8, 'details': {'noise_level': 1e-08}}]",{'acq': 'PI'}
23,GP health,0.6705156412359807,48.07603038385141,0.011922280643963348,10442080.809894012,1,0.8,['noise_collapse']
23,GP anomalies,Sum,"{'k1': 1.53**2 * RBF(length_scale=[0.676, 0.737, 1.53, 1.37, 0.608]), 'k2': WhiteKernel(noise_level=2.43e-05), 'k1__k1': 1.53**2, 'k1__k2': RBF(length_scale=[0.676, 0.737, 1.53, 1.37, 0.608]), 'k1__k1__constant_value': np.float64(2.3557902177189898), 'k1__k1__constant_value_bounds': (0.001, 10000.0), 'k1__k2__length_scale': array([0.67600905, 0.73661252, 1.53095661, 1.36569635, 0.60763087]), 'k1__k2__length_scale_bounds': (0.006910121170677536, 6.910121170677536), 'k2__noise_level': np.float64(2.429524057579761e-05), 'k2__noise_level_bounds': (1e-08, np.float64(0.6575162663940113))}",1,0.8,['noise_collapse']
23,5D Cake Recipe,PI,"1.53**2 * RBF(length_scale=[0.676, 0.737, 1.53, 1.37, 0.608]) + WhiteKernel(noise_level=2.43e-05)","{'k1': 1.53**2 * RBF(length_scale=[0.676, 0.737, 1.53, 1.37, 0.608]), 'k2': WhiteKernel(noise_level=2.43e-05), 'k1__k1': 1.53**2, 'k1__k2': RBF(length_scale=[0.676, 0.737, 1.53, 1.37, 0.608]), 'k1__k1__constant_value': np.float64(2.3557902177189898), 'k1__k1__constant_value_bounds': (0.001, 10000.0), 'k1__k2__length_scale': array([0.67600905, 0.73661252, 1.53095661, 1.36569635, 0.60763087]), 'k1__k2__length_scale_bounds': (0.006910121170677536, 6.910121170677536), 'k2__noise_level': np.float64(2.429524057579761e-05), 'k2__noise_level_bounds': (1e-08, np.float64(0.6575162663940113))}","[0.4610443307475145, 0.44582206281923364, 0.7516096104133506, 0.8866607567727983, 0.1861200346227858]",-0.10229643532962251,0.6705156412359807,"[{'type': 'noise_collapse', 'severity': 0.8, 'details': {'noise_level': 1e-08}}]",{'acq': 'PI'}
24,GP health,0.6719620308768519,60.35818255797178,0.00901076163322447,11664605.73470607,1,0.8,['noise_collapse']
24,GP anomalies,Sum,"{'k1': 1.55**2 * RBF(length_scale=[0.679, 0.741, 1.54, 1.37, 0.61]), 'k2': WhiteKernel(noise_level=2.33e-05), 'k1__k1': 1.55**2, 'k1__k2': RBF(length_scale=[0.679, 0.741, 1.54, 1.37, 0.61]), 'k1__k1__constant_value': np.float64(2.399275850101955), 'k1__k1__constant_value_bounds': (0.001, 10000.0), 'k1__k2__length_scale': array([0.67912818, 0.74069458, 1.53997402, 1.37413536, 0.60984949]), 'k1__k2__length_scale_bounds': (0.0068237667798849684, 6.823766779884969), 'k2__noise_level': np.float64(2.325593467713483e-05), 'k2__noise_level_bounds': (1e-08, np.float64(0.6352126642857269))}",1,0.8,['noise_collapse']
24,5D Cake Recipe,PI,"1.55**2 * RBF(length_scale=[0.679, 0.741, 1.54, 1.37, 0.61]) + WhiteKernel(noise_level=2.33e-05)","{'k1': 1.55**2 * RBF(length_scale=[0.679, 0.741, 1.54, 1.37, 0.61]), 'k2': WhiteKernel(noise_level=2.33e-05), 'k1__k1': 1.55**2, 'k1__k2': RBF(length_scale=[0.679, 0.741, 1.54, 1.37, 0.61]), 'k1__k1__constant_value': np.float64(2.399275850101955), 'k1__k1__constant_value_bounds': (0.001, 10000.0), 'k1__k2__length_scale': array([0.67912818, 0.74069458, 1.53997402, 1.37413536, 0.60984949]), 'k1__k2__length_scale_bounds': (0.0068237667798849684, 6.823766779884969), 'k2__noise_level': np.float64(2.325593467713483e-05), 'k2__noise_level_bounds': (1e-08, np.float64(0.6352126642857269))}","[0.46156448821953816, 0.429997011221971, 0.8759289199475996, 0.9064158774976783, 0.21323257656417072]",-0.09720779402910118,0.6719620308768519,"[{'type': 'noise_collapse', 'severity': 0.8, 'details': {'noise_level': 1e-08}}]",{'acq': 'PI'}
25,GP health,0.6734437189424782,55.02139272623515,0.011393352289001955,10945166.407798126,1,0.8,['noise_collapse']
25,GP anomalies,Sum,"{'k1': 1.56**2 * RBF(length_scale=[0.682, 0.743, 1.55, 1.38, 0.611]), 'k2': WhiteKernel(noise_level=2.21e-05), 'k1__k1': 1.56**2, 'k1__k2': RBF(length_scale=[0.682, 0.743, 1.55, 1.38, 0.611]), 'k1__k1__constant_value': np.float64(2.4437218418889897), 'k1__k1__constant_value_bounds': (0.001, 10000.0), 'k1__k2__length_scale': array([0.68159382, 0.74276145, 1.54682204, 1.38226189, 0.61149902]), 'k1__k2__length_scale_bounds': (0.0067462821666112414, 6.746282166611241), 'k2__noise_level': np.float64(2.2090777975237116e-05), 'k2__noise_level_bounds': (1e-08, np.float64(0.6135742549205746))}",1,0.8,['noise_collapse']
25,5D Cake Recipe,PI,"1.56**2 * RBF(length_scale=[0.682, 0.743, 1.55, 1.38, 0.611]) + WhiteKernel(noise_level=2.21e-05)","{'k1': 1.56**2 * RBF(length_scale=[0.682, 0.743, 1.55, 1.38, 0.611]), 'k2': WhiteKernel(noise_level=2.21e-05), 'k1__k1': 1.56**2, 'k1__k2': RBF(length_scale=[0.682, 0.743, 1.55, 1.38, 0.611]), 'k1__k1__constant_value': np.float64(2.4437218418889897), 'k1__k1__constant_value_bounds': (0.001, 10000.0), 'k1__k2__length_scale': array([0.68159382, 0.74276145, 1.54682204, 1.38226189, 0.61149902]), 'k1__k2__length_scale_bounds': (0.0067462821666112414, 6.746282166611241), 'k2__noise_level': np.float64(2.2090777975237116e-05), 'k2__noise_level_bounds': (1e-08, np.float64(0.6135742549205746))}","[0.4306173937533131, 0.4570873775909757, 0.8024445319823758, 0.8868807154227445, 0.1956412085926825]",-0.10204462128613101,0.6734437189424782,"[{'type': 'noise_collapse', 'severity': 0.8, 'details': {'noise_level': 1e-08}}]",{'acq': 'PI'}
26,GP health,0.6749068108438899,58.445122776336156,0.011145629428532247,11291985.463427028,1,0.8,['noise_collapse']
26,GP anomalies,Sum,"{'k1': 1.58**2 * RBF(length_scale=[0.684, 0.746, 1.55, 1.39, 0.613]), 'k2': WhiteKernel(noise_level=2.11e-05), 'k1__k1': 1.58**2, 'k1__k2': RBF(length_scale=[0.684, 0.746, 1.55, 1.39, 0.613]), 'k1__k1__constant_value': np.float64(2.4899741578026364), 'k1__k1__constant_value_bounds': (0.001, 10000.0), 'k1__k2__length_scale': array([0.6842739 , 0.74552362, 1.55360327, 1.39053249, 0.61326191]), 'k1__k2__length_scale_bounds': (0.006664057153990892, 6.664057153990893), 'k2__noise_level': np.float64(2.1113889380621242e-05), 'k2__noise_level_bounds': (1e-08, np.float64(0.5924439378319291))}",1,0.8,['noise_collapse']
26,5D Cake Recipe,PI,"1.58**2 * RBF(length_scale=[0.684, 0.746, 1.55, 1.39, 0.613]) + WhiteKernel(noise_level=2.11e-05)","{'k1': 1.58**2 * RBF(length_scale=[0.684, 0.746, 1.55, 1.39, 0.613]), 'k2': WhiteKernel(noise_level=2.11e-05), 'k1__k1': 1.58**2, 'k1__k2': RBF(length_scale=[0.684, 0.746, 1.55, 1.39, 0.613]), 'k1__k1__constant_value': np.float64(2.4899741578026364), 'k1__k1__constant_value_bounds': (0.001, 10000.0), 'k1__k2__length_scale': array([0.6842739 , 0.74552362, 1.55360327, 1.39053249, 0.61326191]), 'k1__k2__length_scale_bounds': (0.006664057153990892, 6.664057153990893), 'k2__noise_level': np.float64(2.1113889380621242e-05), 'k2__noise_level_bounds': (1e-08, np.float64(0.5924439378319291))}","[0.4546039880790994, 0.4382954516260398, 0.8323521355720408, 0.9045722735356536, 0.18805783208511864]",-0.09828003512842187,0.6749068108438899,"[{'type': 'noise_collapse', 'severity': 0.8, 'details': {'noise_level': 1e-08}}]",{'acq': 'PI'}
27,GP health,0.6764449879714141,62.24396278528272,0.010803162277583841,11835859.977417428,1,0.8,['noise_collapse']
27,GP anomalies,Sum,"{'k1': 1.59**2 * RBF(length_scale=[0.686, 0.747, 1.56, 1.4, 0.615]), 'k2': WhiteKernel(noise_level=2.01e-05), 'k1__k1': 1.59**2, 'k1__k2': RBF(length_scale=[0.686, 0.747, 1.56, 1.4, 0.615]), 'k1__k1__constant_value': np.float64(2.5333751247288796), 'k1__k1__constant_value_bounds': (0.001, 10000.0), 'k1__k2__length_scale': array([0.6861061 , 0.74717551, 1.55918152, 1.39733299, 0.61482316]), 'k1__k2__length_scale_bounds': (0.006585491819559345, 6.585491819559345), 'k2__noise_level': np.float64(2.0146551343873646e-05), 'k2__noise_level_bounds': (1e-08, np.float64(0.5719661735966728))}",1,0.8,['noise_collapse']
27,5D Cake Recipe,PI,"1.59**2 * RBF(length_scale=[0.686, 0.747, 1.56, 1.4, 0.615]) + WhiteKernel(noise_level=2.01e-05)","{'k1': 1.59**2 * RBF(length_scale=[0.686, 0.747, 1.56, 1.4, 0.615]), 'k2': WhiteKernel(noise_level=2.01e-05), 'k1__k1': 1.59**2, 'k1__k2': RBF(length_scale=[0.686, 0.747, 1.56, 1.4, 0.615]), 'k1__k1__constant_value': np.float64(2.5333751247288796), 'k1__k1__constant_value_bounds': (0.001, 10000.0), 'k1__k2__length_scale': array([0.6861061 , 0.74717551, 1.55918152, 1.39733299, 0.61482316]), 'k1__k2__length_scale_bounds': (0.006585491819559345, 6.585491819559345), 'k2__noise_level': np.float64(2.0146551343873646e-05), 'k2__noise_level_bounds': (1e-08, np.float64(0.5719661735966728))}","[0.4329720723333515, 0.3865977396736284, 0.8506067608316361, 0.851253538249952, 0.20439508645759358]",-0.1012965249287372,0.6764449879714141,"[{'type': 'noise_collapse', 'severity': 0.8, 'details': {'noise_level': 1e-08}}]",{'acq': 'PI'}
28,GP health,0.6779814619872948,65.68019330990865,0.010614465368439845,12160230.97557035,1,0.8,['noise_collapse']
28,GP anomalies,Sum,"{'k1': 1.61**2 * RBF(length_scale=[0.688, 0.75, 1.57, 1.4, 0.617]), 'k2': WhiteKernel(noise_level=1.93e-05), 'k1__k1': 1.61**2, 'k1__k2': RBF(length_scale=[0.688, 0.75, 1.57, 1.4, 0.617]), 'k1__k1__constant_value': np.float64(2.57857430913645), 'k1__k1__constant_value_bounds': (0.001, 10000.0), 'k1__k2__length_scale': array([0.68843826, 0.74987256, 1.56513553, 1.4029631 , 0.61656583]), 'k1__k2__length_scale_bounds': (0.006507582678908033, 6.507582678908033), 'k2__noise_level': np.float64(1.9336300412225663e-05), 'k2__noise_level_bounds': (1e-08, np.float64(0.5520421965038157))}",1,0.8,['noise_collapse']
28,5D Cake Recipe,PI,"1.61**2 * RBF(length_scale=[0.688, 0.75, 1.57, 1.4, 0.617]) + WhiteKernel(noise_level=1.93e-05)","{'k1': 1.61**2 * RBF(length_scale=[0.688, 0.75, 1.57, 1.4, 0.617]), 'k2': WhiteKernel(noise_level=1.93e-05), 'k1__k1': 1.61**2, 'k1__k2': RBF(length_scale=[0.688, 0.75, 1.57, 1.4, 0.617]), 'k1__k1__constant_value': np.float64(2.57857430913645), 'k1__k1__constant_value_bounds': (0.001, 10000.0), 'k1__k2__length_scale': array([0.68843826, 0.74987256, 1.56513553, 1.4029631 , 0.61656583]), 'k1__k2__length_scale_bounds': (0.006507582678908033, 6.507582678908033), 'k2__noise_level': np.float64(1.9336300412225663e-05), 'k2__noise_level_bounds': (1e-08, np.float64(0.5520421965038157))}","[0.4474474179067458, 0.4579922080575155, 0.8360644561302981, 0.8753301773841191, 0.21486247945197273]",-0.09900363853445215,0.6779814619872948,"[{'type': 'noise_collapse', 'severity': 0.8, 'details': {'noise_level': 1e-08}}]",{'acq': 'PI'}
29,GP health,0.679561436010481,80.88219007119848,0.007843968749679254,19305332.259190217,1,0.8,['noise_collapse']
29,GP anomalies,Sum,"{'k1': 1.62**2 * RBF(length_scale=[0.69, 0.751, 1.57, 1.41, 0.618]), 'k2': WhiteKernel(noise_level=1.85e-05), 'k1__k1': 1.62**2, 'k1__k2': RBF(length_scale=[0.69, 0.751, 1.57, 1.41, 0.618]), 'k1__k1__constant_value': np.float64(2.6217457774429866), 'k1__k1__constant_value_bounds': (0.001, 10000.0), 'k1__k2__length_scale': array([0.69012532, 0.75149509, 1.57005556, 1.40855294, 0.6180439 ]), 'k1__k2__length_scale_bounds': (0.006429481554651828, 6.429481554651828), 'k2__noise_level': np.float64(1.8546284477152662e-05), 'k2__noise_level_bounds': (1e-08, np.float64(0.5327451151175941))}",1,0.8,['noise_collapse']
29,5D Cake Recipe,PI,"1.62**2 * RBF(length_scale=[0.69, 0.751, 1.57, 1.41, 0.618]) + WhiteKernel(noise_level=1.85e-05)","{'k1': 1.62**2 * RBF(length_scale=[0.69, 0.751, 1.57, 1.41, 0.618]), 'k2': WhiteKernel(noise_level=1.85e-05), 'k1__k1': 1.62**2, 'k1__k2': RBF(length_scale=[0.69, 0.751, 1.57, 1.41, 0.618]), 'k1__k1__constant_value': np.float64(2.6217457774429866), 'k1__k1__constant_value_bounds': (0.001, 10000.0), 'k1__k2__length_scale': array([0.69012532, 0.75149509, 1.57005556, 1.40855294, 0.6180439 ]), 'k1__k2__length_scale_bounds': (0.006429481554651828, 6.429481554651828), 'k2__noise_level': np.float64(1.8546284477152662e-05), 'k2__noise_level_bounds': (1e-08, np.float64(0.5327451151175941))}","[0.4464832491605511, 0.44167060758947363, 0.8176386538843051, 0.8637427766051887, 0.20356390645011074]",-0.09667685810892479,0.679561436010481,"[{'type': 'noise_collapse', 'severity': 0.8, 'details': {'noise_level': 1e-08}}]",{'acq': 'PI'}
30,GP health,0.6811679892436961,85.16829750654452,0.007635527016757237,21055580.003517263,1,0.8,['noise_collapse']
30,GP anomalies,Sum,"{'k1': 1.63**2 * RBF(length_scale=[0.692, 0.753, 1.57, 1.41, 0.619]), 'k2': WhiteKernel(noise_level=1.78e-05), 'k1__k1': 1.63**2, 'k1__k2': RBF(length_scale=[0.692, 0.753, 1.57, 1.41, 0.619]), 'k1__k1__constant_value': np.float64(2.664055524109516), 'k1__k1__constant_value_bounds': (0.001, 10000.0), 'k1__k2__length_scale': array([0.69155708, 0.75290179, 1.5745391 , 1.41327795, 0.619356  ]), 'k1__k2__length_scale_bounds': (0.006350701910163862, 6.3507019101638615), 'k2__noise_level': np.float64(1.7807093874464362e-05), 'k2__noise_level_bounds': (1e-08, np.float64(0.5140657972640796))}",1,0.8,['noise_collapse']
30,5D Cake Recipe,PI,"1.63**2 * RBF(length_scale=[0.692, 0.753, 1.57, 1.41, 0.619]) + WhiteKernel(noise_level=1.78e-05)","{'k1': 1.63**2 * RBF(length_scale=[0.692, 0.753, 1.57, 1.41, 0.619]), 'k2': WhiteKernel(noise_level=1.78e-05), 'k1__k1': 1.63**2, 'k1__k2': RBF(length_scale=[0.692, 0.753, 1.57, 1.41, 0.619]), 'k1__k1__constant_value': np.float64(2.664055524109516), 'k1__k1__constant_value_bounds': (0.001, 10000.0), 'k1__k2__length_scale': array([0.69155708, 0.75290179, 1.5745391 , 1.41327795, 0.619356  ]), 'k1__k2__length_scale_bounds': (0.006350701910163862, 6.3507019101638615), 'k2__noise_level': np.float64(1.7807093874464362e-05), 'k2__noise_level_bounds': (1e-08, np.float64(0.5140657972640796))}","[0.459992585311753, 0.4569999181806053, 0.8024308827499835, 0.9086303301864825, 0.2435534551098857]",-0.1041623486347032,0.6811679892436961,"[{'type': 'noise_collapse', 'severity': 0.8, 'details': {'noise_level': 1e-08}}]",{'acq': 'PI'}
