1,GP health,0.6726888789155752,-19.558027323816795,0.013570669201340032,287255.969727219,1,0.8,['noise_collapse']
1,GP anomalies,Sum,"{'k1': 1.26**2 * RBF(length_scale=[0.441, 0.753, 0.843, 0.727, 0.654]), 'k2': WhiteKernel(noise_level=0.000319), 'k1__k1': 1.26**2, 'k1__k2': RBF(length_scale=[0.441, 0.753, 0.843, 0.727, 0.654]), 'k1__k1__constant_value': np.float64(1.5917893569731343), 'k1__k1__constant_value_bounds': (0.001, 10000.0), 'k1__k2__length_scale': array([0.44085598, 0.75262319, 0.84290018, 0.72694235, 0.65423467]), 'k1__k2__length_scale_bounds': (0.009309311026246414, 9.309311026246412), 'k2__noise_level': np.float64(0.00031870251063478643), 'k2__noise_level_bounds': (1e-08, np.float64(0.5509043832233302))}",1,0.8,['noise_collapse']
1,5D Cake Recipe,PI,"1.26**2 * RBF(length_scale=[0.441, 0.753, 0.843, 0.727, 0.654]) + WhiteKernel(noise_level=0.000319)","{'k1': 1.26**2 * RBF(length_scale=[0.441, 0.753, 0.843, 0.727, 0.654]), 'k2': WhiteKernel(noise_level=0.000319), 'k1__k1': 1.26**2, 'k1__k2': RBF(length_scale=[0.441, 0.753, 0.843, 0.727, 0.654]), 'k1__k1__constant_value': np.float64(1.5917893569731343), 'k1__k1__constant_value_bounds': (0.001, 10000.0), 'k1__k2__length_scale': array([0.44085598, 0.75262319, 0.84290018, 0.72694235, 0.65423467]), 'k1__k2__length_scale_bounds': (0.009309311026246414, 9.309311026246412), 'k2__noise_level': np.float64(0.00031870251063478643), 'k2__noise_level_bounds': (1e-08, np.float64(0.5509043832233302))}","[0.44597230432131935, 0.3155245496005447, 0.5106650780416364, 0.8020850427108874, 0.09071158362755447]",-0.14238703100843653,0.6726888789155752,"[{'type': 'noise_collapse', 'severity': 0.8, 'details': {'noise_level': 1e-08}}]",{'acq': 'PI'}
2,GP health,0.6715434632984342,-16.575992716834612,0.01338272149769348,320907.5535995522,1,0.8,['noise_collapse']
2,GP anomalies,Sum,"{'k1': 1.24**2 * RBF(length_scale=[0.456, 0.783, 0.885, 0.755, 0.676]), 'k2': WhiteKernel(noise_level=0.000266), 'k1__k1': 1.24**2, 'k1__k2': RBF(length_scale=[0.456, 0.783, 0.885, 0.755, 0.676]), 'k1__k1__constant_value': np.float64(1.5278308541654668), 'k1__k1__constant_value_bounds': (0.001, 10000.0), 'k1__k2__length_scale': array([0.45556167, 0.78291681, 0.8848233 , 0.7547603 , 0.67575512]), 'k1__k2__length_scale_bounds': (0.00917213879391824, 9.17213879391824), 'k2__noise_level': np.float64(0.00026587304564064645), 'k2__noise_level_bounds': (1e-08, np.float64(0.5694592337600616))}",1,0.8,['noise_collapse']
2,5D Cake Recipe,PI,"1.24**2 * RBF(length_scale=[0.456, 0.783, 0.885, 0.755, 0.676]) + WhiteKernel(noise_level=0.000266)","{'k1': 1.24**2 * RBF(length_scale=[0.456, 0.783, 0.885, 0.755, 0.676]), 'k2': WhiteKernel(noise_level=0.000266), 'k1__k1': 1.24**2, 'k1__k2': RBF(length_scale=[0.456, 0.783, 0.885, 0.755, 0.676]), 'k1__k1__constant_value': np.float64(1.5278308541654668), 'k1__k1__constant_value_bounds': (0.001, 10000.0), 'k1__k2__length_scale': array([0.45556167, 0.78291681, 0.8848233 , 0.7547603 , 0.67575512]), 'k1__k2__length_scale_bounds': (0.00917213879391824, 9.17213879391824), 'k2__noise_level': np.float64(0.00026587304564064645), 'k2__noise_level_bounds': (1e-08, np.float64(0.5694592337600616))}","[0.44348944940090057, 0.21250285995230636, 0.5371617357569435, 0.7257315703462335, 0.07020690082599841]",-0.13718953431528136,0.6715434632984342,"[{'type': 'noise_collapse', 'severity': 0.8, 'details': {'noise_level': 1e-08}}]",{'acq': 'PI'}
3,GP health,0.6692014514282772,-14.174132092379697,0.01314772107043479,298478.2120459082,1,0.8,['noise_collapse']
3,GP anomalies,Sum,"{'k1': 1.24**2 * RBF(length_scale=[0.476, 0.804, 0.93, 0.811, 0.688]), 'k2': WhiteKernel(noise_level=0.000217), 'k1__k1': 1.24**2, 'k1__k2': RBF(length_scale=[0.476, 0.804, 0.93, 0.811, 0.688]), 'k1__k1__constant_value': np.float64(1.5474129189567511), 'k1__k1__constant_value_bounds': (0.001, 10000.0), 'k1__k2__length_scale': array([0.47583297, 0.8042377 , 0.92977567, 0.8112912 , 0.68845399]), 'k1__k2__length_scale_bounds': (0.00904725643943519, 9.04725643943519), 'k2__noise_level': np.float64(0.00021711996697263404), 'k2__noise_level_bounds': (1e-08, np.float64(0.5794348960406767))}",1,0.8,['noise_collapse']
3,5D Cake Recipe,PI,"1.24**2 * RBF(length_scale=[0.476, 0.804, 0.93, 0.811, 0.688]) + WhiteKernel(noise_level=0.000217)","{'k1': 1.24**2 * RBF(length_scale=[0.476, 0.804, 0.93, 0.811, 0.688]), 'k2': WhiteKernel(noise_level=0.000217), 'k1__k1': 1.24**2, 'k1__k2': RBF(length_scale=[0.476, 0.804, 0.93, 0.811, 0.688]), 'k1__k1__constant_value': np.float64(1.5474129189567511), 'k1__k1__constant_value_bounds': (0.001, 10000.0), 'k1__k2__length_scale': array([0.47583297, 0.8042377 , 0.92977567, 0.8112912 , 0.68845399]), 'k1__k2__length_scale_bounds': (0.00904725643943519, 9.04725643943519), 'k2__noise_level': np.float64(0.00021711996697263404), 'k2__noise_level_bounds': (1e-08, np.float64(0.5794348960406767))}","[0.4368389937725904, 0.2758835449025312, 0.47444644933102387, 0.7917236919409992, 0.030451443560587113]",-0.13671064404440836,0.6692014514282772,"[{'type': 'noise_collapse', 'severity': 0.8, 'details': {'noise_level': 1e-08}}]",{'acq': 'PI'}
4,GP health,0.6667811264768184,-10.536429906511888,0.01183079987836142,263933.280506836,1,0.8,['noise_collapse']
4,GP anomalies,Sum,"{'k1': 1.25**2 * RBF(length_scale=[0.488, 0.799, 0.983, 0.839, 0.712]), 'k2': WhiteKernel(noise_level=0.000167), 'k1__k1': 1.25**2, 'k1__k2': RBF(length_scale=[0.488, 0.799, 0.983, 0.839, 0.712]), 'k1__k1__constant_value': np.float64(1.5542531350085447), 'k1__k1__constant_value_bounds': (0.001, 10000.0), 'k1__k2__length_scale': array([0.48812929, 0.79924716, 0.98331316, 0.83868984, 0.71205858]), 'k1__k2__length_scale_bounds': (0.008927744164542558, 8.927744164542558), 'k2__noise_level': np.float64(0.00016711336596952314), 'k2__noise_level_bounds': (1e-08, np.float64(0.5829293286626431))}",1,0.8,['noise_collapse']
4,5D Cake Recipe,PI,"1.25**2 * RBF(length_scale=[0.488, 0.799, 0.983, 0.839, 0.712]) + WhiteKernel(noise_level=0.000167)","{'k1': 1.25**2 * RBF(length_scale=[0.488, 0.799, 0.983, 0.839, 0.712]), 'k2': WhiteKernel(noise_level=0.000167), 'k1__k1': 1.25**2, 'k1__k2': RBF(length_scale=[0.488, 0.799, 0.983, 0.839, 0.712]), 'k1__k1__constant_value': np.float64(1.5542531350085447), 'k1__k1__constant_value_bounds': (0.001, 10000.0), 'k1__k2__length_scale': array([0.48812929, 0.79924716, 0.98331316, 0.83868984, 0.71205858]), 'k1__k2__length_scale_bounds': (0.008927744164542558, 8.927744164542558), 'k2__noise_level': np.float64(0.00016711336596952314), 'k2__noise_level_bounds': (1e-08, np.float64(0.5829293286626431))}","[0.42826555280276246, 0.25933057869778703, 0.5174496140707548, 0.8390707279324598, 0.1009159159784105]",-0.1397790014660305,0.6667811264768184,"[{'type': 'noise_collapse', 'severity': 0.8, 'details': {'noise_level': 1e-08}}]",{'acq': 'PI'}
5,GP health,0.6650764394567934,-8.57143251846194,0.012262331871625287,498827.01847298077,1,0.8,['noise_collapse']
5,GP anomalies,Sum,"{'k1': 1.28**2 * RBF(length_scale=[0.508, 0.784, 1.07, 0.9, 0.729]), 'k2': WhiteKernel(noise_level=0.000145), 'k1__k1': 1.28**2, 'k1__k2': RBF(length_scale=[0.508, 0.784, 1.07, 0.9, 0.729]), 'k1__k1__constant_value': np.float64(1.6275594502573056), 'k1__k1__constant_value_bounds': (0.001, 10000.0), 'k1__k2__length_scale': array([0.50804821, 0.78404553, 1.07042992, 0.9002221 , 0.72886236]), 'k1__k2__length_scale_bounds': (0.008800445445547813, 8.800445445547812), 'k2__noise_level': np.float64(0.00014476014541616833), 'k2__noise_level_bounds': (1e-08, np.float64(0.5814779384578244))}",1,0.8,['noise_collapse']
5,5D Cake Recipe,PI,"1.28**2 * RBF(length_scale=[0.508, 0.784, 1.07, 0.9, 0.729]) + WhiteKernel(noise_level=0.000145)","{'k1': 1.28**2 * RBF(length_scale=[0.508, 0.784, 1.07, 0.9, 0.729]), 'k2': WhiteKernel(noise_level=0.000145), 'k1__k1': 1.28**2, 'k1__k2': RBF(length_scale=[0.508, 0.784, 1.07, 0.9, 0.729]), 'k1__k1__constant_value': np.float64(1.6275594502573056), 'k1__k1__constant_value_bounds': (0.001, 10000.0), 'k1__k2__length_scale': array([0.50804821, 0.78404553, 1.07042992, 0.9002221 , 0.72886236]), 'k1__k2__length_scale_bounds': (0.008800445445547813, 8.800445445547812), 'k2__noise_level': np.float64(0.00014476014541616833), 'k2__noise_level_bounds': (1e-08, np.float64(0.5814779384578244))}","[0.4577872359632278, 0.25148448744747703, 0.5390101322600037, 0.7476163696370084, 0.0]",-0.13701243779147854,0.6650764394567934,"[{'type': 'noise_collapse', 'severity': 0.8, 'details': {'noise_level': 1e-08}}]",{'acq': 'PI'}
6,GP health,0.6644480880003177,-4.840512949549961,0.01105951795844375,442797.1356234712,1,0.8,['noise_collapse']
6,GP anomalies,Sum,"{'k1': 1.29**2 * RBF(length_scale=[0.522, 0.791, 1.13, 0.91, 0.753]), 'k2': WhiteKernel(noise_level=0.000129), 'k1__k1': 1.29**2, 'k1__k2': RBF(length_scale=[0.522, 0.791, 1.13, 0.91, 0.753]), 'k1__k1__constant_value': np.float64(1.6543068414799542), 'k1__k1__constant_value_bounds': (0.001, 10000.0), 'k1__k2__length_scale': array([0.52165317, 0.79055145, 1.12523247, 0.9099904 , 0.7525813 ]), 'k1__k2__length_scale_bounds': (0.00868074922000768, 8.68074922000768), 'k2__noise_level': np.float64(0.00012925498140447785), 'k2__noise_level_bounds': (1e-08, np.float64(0.576587828860345))}",1,0.8,['noise_collapse']
6,5D Cake Recipe,PI,"1.29**2 * RBF(length_scale=[0.522, 0.791, 1.13, 0.91, 0.753]) + WhiteKernel(noise_level=0.000129)","{'k1': 1.29**2 * RBF(length_scale=[0.522, 0.791, 1.13, 0.91, 0.753]), 'k2': WhiteKernel(noise_level=0.000129), 'k1__k1': 1.29**2, 'k1__k2': RBF(length_scale=[0.522, 0.791, 1.13, 0.91, 0.753]), 'k1__k1__constant_value': np.float64(1.6543068414799542), 'k1__k1__constant_value_bounds': (0.001, 10000.0), 'k1__k2__length_scale': array([0.52165317, 0.79055145, 1.12523247, 0.9099904 , 0.7525813 ]), 'k1__k2__length_scale_bounds': (0.00868074922000768, 8.68074922000768), 'k2__noise_level': np.float64(0.00012925498140447785), 'k2__noise_level_bounds': (1e-08, np.float64(0.576587828860345))}","[0.44485204261026157, 0.27069912813024377, 0.5377557342943898, 0.7672950504874468, 0.06228410368464039]",-0.13223832745373332,0.6644480880003177,"[{'type': 'noise_collapse', 'severity': 0.8, 'details': {'noise_level': 1e-08}}]",{'acq': 'PI'}
7,GP health,0.6629234628209593,-2.4489047193567117,0.01117434708906049,808514.9546215817,1,0.8,['noise_collapse']
7,GP anomalies,Sum,"{'k1': 1.3**2 * RBF(length_scale=[0.53, 0.799, 1.16, 0.929, 0.76]), 'k2': WhiteKernel(noise_level=0.000101), 'k1__k1': 1.3**2, 'k1__k2': RBF(length_scale=[0.53, 0.799, 1.16, 0.929, 0.76]), 'k1__k1__constant_value': np.float64(1.6844464418270968), 'k1__k1__constant_value_bounds': (0.001, 10000.0), 'k1__k2__length_scale': array([0.52984882, 0.79900911, 1.1564184 , 0.92855934, 0.7596953 ]), 'k1__k2__length_scale_bounds': (0.008545398442533646, 8.545398442533646), 'k2__noise_level': np.float64(0.00010087409493058654), 'k2__noise_level_bounds': (1e-08, np.float64(0.5691821608217162))}",1,0.8,['noise_collapse']
7,5D Cake Recipe,PI,"1.3**2 * RBF(length_scale=[0.53, 0.799, 1.16, 0.929, 0.76]) + WhiteKernel(noise_level=0.000101)","{'k1': 1.3**2 * RBF(length_scale=[0.53, 0.799, 1.16, 0.929, 0.76]), 'k2': WhiteKernel(noise_level=0.000101), 'k1__k1': 1.3**2, 'k1__k2': RBF(length_scale=[0.53, 0.799, 1.16, 0.929, 0.76]), 'k1__k1__constant_value': np.float64(1.6844464418270968), 'k1__k1__constant_value_bounds': (0.001, 10000.0), 'k1__k2__length_scale': array([0.52984882, 0.79900911, 1.1564184 , 0.92855934, 0.7596953 ]), 'k1__k2__length_scale_bounds': (0.008545398442533646, 8.545398442533646), 'k2__noise_level': np.float64(0.00010087409493058654), 'k2__noise_level_bounds': (1e-08, np.float64(0.5691821608217162))}","[0.4610384321207928, 0.24608540273072368, 0.6018221568616778, 0.7734130671885886, 0.06010522268895047]",-0.1363541604749694,0.6629234628209593,"[{'type': 'noise_collapse', 'severity': 0.8, 'details': {'noise_level': 1e-08}}]",{'acq': 'PI'}
8,GP health,0.6616937483119922,2.284473003217567,0.009332136497834815,805382.4728763691,1,0.8,['noise_collapse']
8,GP anomalies,Sum,"{'k1': 1.32**2 * RBF(length_scale=[0.542, 0.8, 1.21, 0.957, 0.768]), 'k2': WhiteKernel(noise_level=8.47e-05), 'k1__k1': 1.32**2, 'k1__k2': RBF(length_scale=[0.542, 0.8, 1.21, 0.957, 0.768]), 'k1__k1__constant_value': np.float64(1.744879020259561), 'k1__k1__constant_value_bounds': (0.001, 10000.0), 'k1__k2__length_scale': array([0.54163163, 0.8001748 , 1.20899639, 0.95675611, 0.76825076]), 'k1__k2__length_scale_bounds': (0.008418224281673133, 8.418224281673133), 'k2__noise_level': np.float64(8.473620545790989e-05), 'k2__noise_level_bounds': (1e-08, np.float64(0.5595842151808007))}",1,0.8,['noise_collapse']
8,5D Cake Recipe,PI,"1.32**2 * RBF(length_scale=[0.542, 0.8, 1.21, 0.957, 0.768]) + WhiteKernel(noise_level=8.47e-05)","{'k1': 1.32**2 * RBF(length_scale=[0.542, 0.8, 1.21, 0.957, 0.768]), 'k2': WhiteKernel(noise_level=8.47e-05), 'k1__k1': 1.32**2, 'k1__k2': RBF(length_scale=[0.542, 0.8, 1.21, 0.957, 0.768]), 'k1__k1__constant_value': np.float64(1.744879020259561), 'k1__k1__constant_value_bounds': (0.001, 10000.0), 'k1__k2__length_scale': array([0.54163163, 0.8001748 , 1.20899639, 0.95675611, 0.76825076]), 'k1__k2__length_scale_bounds': (0.008418224281673133, 8.418224281673133), 'k2__noise_level': np.float64(8.473620545790989e-05), 'k2__noise_level_bounds': (1e-08, np.float64(0.5595842151808007))}","[0.42754474200105314, 0.24868060243721993, 0.6277867992922482, 0.7421682654813765, 0.05972892921635382]",-0.13738766833895077,0.6616937483119922,"[{'type': 'noise_collapse', 'severity': 0.8, 'details': {'noise_level': 1e-08}}]",{'acq': 'PI'}
9,GP health,0.6613251908850561,2.8576687120077082,0.01055511906861637,1363546.1079278023,1,0.8,['noise_collapse']
9,GP anomalies,Sum,"{'k1': 1.35**2 * RBF(length_scale=[0.555, 0.804, 1.26, 0.992, 0.772]), 'k2': WhiteKernel(noise_level=7.63e-05), 'k1__k1': 1.35**2, 'k1__k2': RBF(length_scale=[0.555, 0.804, 1.26, 0.992, 0.772]), 'k1__k1__constant_value': np.float64(1.8103019318033626), 'k1__k1__constant_value_bounds': (0.001, 10000.0), 'k1__k2__length_scale': array([0.55522017, 0.8036154 , 1.26232957, 0.9921446 , 0.77188264]), 'k1__k2__length_scale_bounds': (0.008295707213623204, 8.295707213623203), 'k2__noise_level': np.float64(7.630187766259656e-05), 'k2__noise_level_bounds': (1e-08, np.float64(0.5484467795629571))}",1,0.8,['noise_collapse']
9,5D Cake Recipe,PI,"1.35**2 * RBF(length_scale=[0.555, 0.804, 1.26, 0.992, 0.772]) + WhiteKernel(noise_level=7.63e-05)","{'k1': 1.35**2 * RBF(length_scale=[0.555, 0.804, 1.26, 0.992, 0.772]), 'k2': WhiteKernel(noise_level=7.63e-05), 'k1__k1': 1.35**2, 'k1__k2': RBF(length_scale=[0.555, 0.804, 1.26, 0.992, 0.772]), 'k1__k1__constant_value': np.float64(1.8103019318033626), 'k1__k1__constant_value_bounds': (0.001, 10000.0), 'k1__k2__length_scale': array([0.55522017, 0.8036154 , 1.26232957, 0.9921446 , 0.77188264]), 'k1__k2__length_scale_bounds': (0.008295707213623204, 8.295707213623203), 'k2__noise_level': np.float64(7.630187766259656e-05), 'k2__noise_level_bounds': (1e-08, np.float64(0.5484467795629571))}","[0.42492267914880016, 0.09705518692861653, 0.6020451953841686, 0.5173521909033842, 0.0]",-0.20416130969148594,0.6613251908850561,"[{'type': 'noise_collapse', 'severity': 0.8, 'details': {'noise_level': 1e-08}}]",{'acq': 'PI'}
10,GP health,0.6609240935656554,3.8110069696091173,0.010375912350626501,1575627.0880781133,1,0.8,['noise_collapse']
10,GP anomalies,Sum,"{'k1': 1.35**2 * RBF(length_scale=[0.56, 0.81, 1.28, 1.03, 0.771]), 'k2': WhiteKernel(noise_level=7.19e-05), 'k1__k1': 1.35**2, 'k1__k2': RBF(length_scale=[0.56, 0.81, 1.28, 1.03, 0.771]), 'k1__k1__constant_value': np.float64(1.8340049648956922), 'k1__k1__constant_value_bounds': (0.001, 10000.0), 'k1__k2__length_scale': array([0.56011796, 0.80977367, 1.27713779, 1.03145489, 0.77100816]), 'k1__k2__length_scale_bounds': (0.008233846203478935, 8.233846203478935), 'k2__noise_level': np.float64(7.187178644087499e-05), 'k2__noise_level_bounds': (1e-08, np.float64(0.5344729398788067))}",1,0.8,['noise_collapse']
10,5D Cake Recipe,PI,"1.35**2 * RBF(length_scale=[0.56, 0.81, 1.28, 1.03, 0.771]) + WhiteKernel(noise_level=7.19e-05)","{'k1': 1.35**2 * RBF(length_scale=[0.56, 0.81, 1.28, 1.03, 0.771]), 'k2': WhiteKernel(noise_level=7.19e-05), 'k1__k1': 1.35**2, 'k1__k2': RBF(length_scale=[0.56, 0.81, 1.28, 1.03, 0.771]), 'k1__k1__constant_value': np.float64(1.8340049648956922), 'k1__k1__constant_value_bounds': (0.001, 10000.0), 'k1__k2__length_scale': array([0.56011796, 0.80977367, 1.27713779, 1.03145489, 0.77100816]), 'k1__k2__length_scale_bounds': (0.008233846203478935, 8.233846203478935), 'k2__noise_level': np.float64(7.187178644087499e-05), 'k2__noise_level_bounds': (1e-08, np.float64(0.5344729398788067))}","[0.4215172280726275, 0.22953097254467733, 0.4439308055227691, 0.7567632292818173, 0.022713381915471828]",-0.13913480360399233,0.6609240935656554,"[{'type': 'noise_collapse', 'severity': 0.8, 'details': {'noise_level': 1e-08}}]",{'acq': 'PI'}
11,GP health,0.6608848816614356,9.861429655562581,0.008347775082346446,1823235.6683550314,1,0.8,['noise_collapse']
11,GP anomalies,Sum,"{'k1': 1.37**2 * RBF(length_scale=[0.565, 0.819, 1.3, 1.04, 0.778]), 'k2': WhiteKernel(noise_level=6.35e-05), 'k1__k1': 1.37**2, 'k1__k2': RBF(length_scale=[0.565, 0.819, 1.3, 1.04, 0.778]), 'k1__k1__constant_value': np.float64(1.865622094142455), 'k1__k1__constant_value_bounds': (0.001, 10000.0), 'k1__k2__length_scale': array([0.56490082, 0.81938808, 1.3048272 , 1.03916659, 0.77762498]), 'k1__k2__length_scale_bounds': (0.00812834405233168, 8.12834405233168), 'k2__noise_level': np.float64(6.351444455233416e-05), 'k2__noise_level_bounds': (1e-08, np.float64(0.5215532010357988))}",1,0.8,['noise_collapse']
11,5D Cake Recipe,PI,"1.37**2 * RBF(length_scale=[0.565, 0.819, 1.3, 1.04, 0.778]) + WhiteKernel(noise_level=6.35e-05)","{'k1': 1.37**2 * RBF(length_scale=[0.565, 0.819, 1.3, 1.04, 0.778]), 'k2': WhiteKernel(noise_level=6.35e-05), 'k1__k1': 1.37**2, 'k1__k2': RBF(length_scale=[0.565, 0.819, 1.3, 1.04, 0.778]), 'k1__k1__constant_value': np.float64(1.865622094142455), 'k1__k1__constant_value_bounds': (0.001, 10000.0), 'k1__k2__length_scale': array([0.56490082, 0.81938808, 1.3048272 , 1.03916659, 0.77762498]), 'k1__k2__length_scale_bounds': (0.00812834405233168, 8.12834405233168), 'k2__noise_level': np.float64(6.351444455233416e-05), 'k2__noise_level_bounds': (1e-08, np.float64(0.5215532010357988))}","[0.43192832107986645, 0.2432325028036668, 0.5282875129363085, 0.7740583472671407, 0.05885923819467628]",-0.1319281062746277,0.6608848816614356,"[{'type': 'noise_collapse', 'severity': 0.8, 'details': {'noise_level': 1e-08}}]",{'acq': 'PI'}
12,GP health,0.6610326480780225,13.817987604098768,0.0077590819179852106,2293410.5869673416,1,0.8,['noise_collapse']
12,GP anomalies,Sum,"{'k1': 1.38**2 * RBF(length_scale=[0.568, 0.825, 1.32, 1.05, 0.782]), 'k2': WhiteKernel(noise_level=5.48e-05), 'k1__k1': 1.38**2, 'k1__k2': RBF(length_scale=[0.568, 0.825, 1.32, 1.05, 0.782]), 'k1__k1__constant_value': np.float64(1.892652016135353), 'k1__k1__constant_value_bounds': (0.001, 10000.0), 'k1__k2__length_scale': array([0.56848044, 0.8251329 , 1.31971778, 1.04559438, 0.78207965]), 'k1__k2__length_scale_bounds': (0.008007653895404466, 8.007653895404466), 'k2__noise_level': np.float64(5.4803237746188666e-05), 'k2__noise_level_bounds': (1e-08, np.float64(0.5082307116018115))}",1,0.8,['noise_collapse']
12,5D Cake Recipe,PI,"1.38**2 * RBF(length_scale=[0.568, 0.825, 1.32, 1.05, 0.782]) + WhiteKernel(noise_level=5.48e-05)","{'k1': 1.38**2 * RBF(length_scale=[0.568, 0.825, 1.32, 1.05, 0.782]), 'k2': WhiteKernel(noise_level=5.48e-05), 'k1__k1': 1.38**2, 'k1__k2': RBF(length_scale=[0.568, 0.825, 1.32, 1.05, 0.782]), 'k1__k1__constant_value': np.float64(1.892652016135353), 'k1__k1__constant_value_bounds': (0.001, 10000.0), 'k1__k2__length_scale': array([0.56848044, 0.8251329 , 1.31971778, 1.04559438, 0.78207965]), 'k1__k2__length_scale_bounds': (0.008007653895404466, 8.007653895404466), 'k2__noise_level': np.float64(5.4803237746188666e-05), 'k2__noise_level_bounds': (1e-08, np.float64(0.5082307116018115))}","[0.4295147295642757, 0.3325721223983906, 0.7192567332346986, 0.9432523170745264, 0.21031034731778167]",-0.18563031481612846,0.6610326480780225,"[{'type': 'noise_collapse', 'severity': 0.8, 'details': {'noise_level': 1e-08}}]",{'acq': 'PI'}
13,GP health,0.6608783706896141,11.454400864292488,0.00925263284263774,2942088.0942106703,1,0.8,['noise_collapse']
13,GP anomalies,Sum,"{'k1': 1.39**2 * RBF(length_scale=[0.574, 0.832, 1.35, 1.06, 0.791]), 'k2': WhiteKernel(noise_level=5.21e-05), 'k1__k1': 1.39**2, 'k1__k2': RBF(length_scale=[0.574, 0.832, 1.35, 1.06, 0.791]), 'k1__k1__constant_value': np.float64(1.934837615640381), 'k1__k1__constant_value_bounds': (0.001, 10000.0), 'k1__k2__length_scale': array([0.57394953, 0.83175814, 1.35203061, 1.05970094, 0.79059681]), 'k1__k2__length_scale_bounds': (0.00793012640021393, 7.930126400213931), 'k2__noise_level': np.float64(5.212426152006604e-05), 'k2__noise_level_bounds': (1e-08, np.float64(0.4934460972637078))}",1,0.8,['noise_collapse']
13,5D Cake Recipe,PI,"1.39**2 * RBF(length_scale=[0.574, 0.832, 1.35, 1.06, 0.791]) + WhiteKernel(noise_level=5.21e-05)","{'k1': 1.39**2 * RBF(length_scale=[0.574, 0.832, 1.35, 1.06, 0.791]), 'k2': WhiteKernel(noise_level=5.21e-05), 'k1__k1': 1.39**2, 'k1__k2': RBF(length_scale=[0.574, 0.832, 1.35, 1.06, 0.791]), 'k1__k1__constant_value': np.float64(1.934837615640381), 'k1__k1__constant_value_bounds': (0.001, 10000.0), 'k1__k2__length_scale': array([0.57394953, 0.83175814, 1.35203061, 1.05970094, 0.79059681]), 'k1__k2__length_scale_bounds': (0.00793012640021393, 7.930126400213931), 'k2__noise_level': np.float64(5.212426152006604e-05), 'k2__noise_level_bounds': (1e-08, np.float64(0.4934460972637078))}","[0.4328472924830726, 0.2406464330451314, 0.5604421865856176, 0.8034012317191136, 0.05282589952578076]",-0.1343731734161886,0.6608783706896141,"[{'type': 'noise_collapse', 'severity': 0.8, 'details': {'noise_level': 1e-08}}]",{'acq': 'PI'}
14,GP health,0.6614028961321449,19.4873821918696,0.007172092338506973,3377566.778433135,1,0.8,['noise_collapse']
14,GP anomalies,Sum,"{'k1': 1.4**2 * RBF(length_scale=[0.578, 0.84, 1.36, 1.07, 0.796]), 'k2': WhiteKernel(noise_level=4.68e-05), 'k1__k1': 1.4**2, 'k1__k2': RBF(length_scale=[0.578, 0.84, 1.36, 1.07, 0.796]), 'k1__k1__constant_value': np.float64(1.9693513186337277), 'k1__k1__constant_value_bounds': (0.001, 10000.0), 'k1__k2__length_scale': array([0.57816925, 0.83957987, 1.3632624 , 1.06619909, 0.79612777]), 'k1__k2__length_scale_bounds': (0.007818825732149976, 7.818825732149977), 'k2__noise_level': np.float64(4.676550191398989e-05), 'k2__noise_level_bounds': (1e-08, np.float64(0.4795366692732928))}",1,0.8,['noise_collapse']
14,5D Cake Recipe,PI,"1.4**2 * RBF(length_scale=[0.578, 0.84, 1.36, 1.07, 0.796]) + WhiteKernel(noise_level=4.68e-05)","{'k1': 1.4**2 * RBF(length_scale=[0.578, 0.84, 1.36, 1.07, 0.796]), 'k2': WhiteKernel(noise_level=4.68e-05), 'k1__k1': 1.4**2, 'k1__k2': RBF(length_scale=[0.578, 0.84, 1.36, 1.07, 0.796]), 'k1__k1__constant_value': np.float64(1.9693513186337277), 'k1__k1__constant_value_bounds': (0.001, 10000.0), 'k1__k2__length_scale': array([0.57816925, 0.83957987, 1.3632624 , 1.06619909, 0.79612777]), 'k1__k2__length_scale_bounds': (0.007818825732149976, 7.818825732149977), 'k2__noise_level': np.float64(4.676550191398989e-05), 'k2__noise_level_bounds': (1e-08, np.float64(0.4795366692732928))}","[0.443799891707136, 0.24311047042262046, 0.5798680321303151, 0.7504315071646017, 0.03355971456214776]",-0.1328212923585549,0.6614028961321449,"[{'type': 'noise_collapse', 'severity': 0.8, 'details': {'noise_level': 1e-08}}]",{'acq': 'PI'}
15,GP health,0.6620221535712292,18.439916903980112,0.008307539958778792,4372926.664000396,1,0.8,['noise_collapse']
15,GP anomalies,Sum,"{'k1': 1.41**2 * RBF(length_scale=[0.581, 0.845, 1.37, 1.07, 0.8]), 'k2': WhiteKernel(noise_level=4.17e-05), 'k1__k1': 1.41**2, 'k1__k2': RBF(length_scale=[0.581, 0.845, 1.37, 1.07, 0.8]), 'k1__k1__constant_value': np.float64(2.000837049859579), 'k1__k1__constant_value_bounds': (0.001, 10000.0), 'k1__k2__length_scale': array([0.58084776, 0.84476842, 1.37300922, 1.07088835, 0.79979458]), 'k1__k2__length_scale_bounds': (0.0077079118065819085, 7.707911806581908), 'k2__noise_level': np.float64(4.1674244487871166e-05), 'k2__noise_level_bounds': (1e-08, np.float64(0.46554308298979385))}",1,0.8,['noise_collapse']
15,5D Cake Recipe,PI,"1.41**2 * RBF(length_scale=[0.581, 0.845, 1.37, 1.07, 0.8]) + WhiteKernel(noise_level=4.17e-05)","{'k1': 1.41**2 * RBF(length_scale=[0.581, 0.845, 1.37, 1.07, 0.8]), 'k2': WhiteKernel(noise_level=4.17e-05), 'k1__k1': 1.41**2, 'k1__k2': RBF(length_scale=[0.581, 0.845, 1.37, 1.07, 0.8]), 'k1__k1__constant_value': np.float64(2.000837049859579), 'k1__k1__constant_value_bounds': (0.001, 10000.0), 'k1__k2__length_scale': array([0.58084776, 0.84476842, 1.37300922, 1.07088835, 0.79979458]), 'k1__k2__length_scale_bounds': (0.0077079118065819085, 7.707911806581908), 'k2__noise_level': np.float64(4.1674244487871166e-05), 'k2__noise_level_bounds': (1e-08, np.float64(0.46554308298979385))}","[0.4452331372349322, 0.2528517309742562, 0.5860170537189423, 0.7157630565063566, 0.03323003460282889]",-0.1345515103439946,0.6620221535712292,"[{'type': 'noise_collapse', 'severity': 0.8, 'details': {'noise_level': 1e-08}}]",{'acq': 'PI'}
16,GP health,0.6628235657844996,21.916501788006613,0.007933014127153734,5252274.099879221,1,0.8,['noise_collapse']
16,GP anomalies,Sum,"{'k1': 1.43**2 * RBF(length_scale=[0.584, 0.852, 1.38, 1.08, 0.804]), 'k2': WhiteKernel(noise_level=3.8e-05), 'k1__k1': 1.43**2, 'k1__k2': RBF(length_scale=[0.584, 0.852, 1.38, 1.08, 0.804]), 'k1__k1__constant_value': np.float64(2.035767248009356), 'k1__k1__constant_value_bounds': (0.001, 10000.0), 'k1__k2__length_scale': array([0.58364276, 0.85160051, 1.3822307 , 1.0780801 , 0.80350639]), 'k1__k2__length_scale_bounds': (0.007598910144218012, 7.598910144218012), 'k2__noise_level': np.float64(3.7984288773275184e-05), 'k2__noise_level_bounds': (1e-08, np.float64(0.4515091356851376))}",1,0.8,['noise_collapse']
16,5D Cake Recipe,PI,"1.43**2 * RBF(length_scale=[0.584, 0.852, 1.38, 1.08, 0.804]) + WhiteKernel(noise_level=3.8e-05)","{'k1': 1.43**2 * RBF(length_scale=[0.584, 0.852, 1.38, 1.08, 0.804]), 'k2': WhiteKernel(noise_level=3.8e-05), 'k1__k1': 1.43**2, 'k1__k2': RBF(length_scale=[0.584, 0.852, 1.38, 1.08, 0.804]), 'k1__k1__constant_value': np.float64(2.035767248009356), 'k1__k1__constant_value_bounds': (0.001, 10000.0), 'k1__k2__length_scale': array([0.58364276, 0.85160051, 1.3822307 , 1.0780801 , 0.80350639]), 'k1__k2__length_scale_bounds': (0.007598910144218012, 7.598910144218012), 'k2__noise_level': np.float64(3.7984288773275184e-05), 'k2__noise_level_bounds': (1e-08, np.float64(0.4515091356851376))}","[0.4299743776281295, 0.2747042648560807, 0.252855995650937, 0.8726526871529212, 0.0]",-0.18931770994746933,0.6628235657844996,"[{'type': 'noise_collapse', 'severity': 0.8, 'details': {'noise_level': 1e-08}}]",{'acq': 'PI'}
17,GP health,0.6630652322360346,29.399277010175958,0.006309088983088874,5417600.282657672,1,0.8,['noise_collapse']
17,GP anomalies,Sum,"{'k1': 1.44**2 * RBF(length_scale=[0.588, 0.855, 1.43, 1.09, 0.806]), 'k2': WhiteKernel(noise_level=3.66e-05), 'k1__k1': 1.44**2, 'k1__k2': RBF(length_scale=[0.588, 0.855, 1.43, 1.09, 0.806]), 'k1__k1__constant_value': np.float64(2.085670105274743), 'k1__k1__constant_value_bounds': (0.001, 10000.0), 'k1__k2__length_scale': array([0.58773171, 0.85482009, 1.42541549, 1.09383112, 0.80563189]), 'k1__k2__length_scale_bounds': (0.007559558222486651, 7.55955822248665), 'k2__noise_level': np.float64(3.663633948726613e-05), 'k2__noise_level_bounds': (1e-08, np.float64(0.4367788991960594))}",1,0.8,['noise_collapse']
17,5D Cake Recipe,PI,"1.44**2 * RBF(length_scale=[0.588, 0.855, 1.43, 1.09, 0.806]) + WhiteKernel(noise_level=3.66e-05)","{'k1': 1.44**2 * RBF(length_scale=[0.588, 0.855, 1.43, 1.09, 0.806]), 'k2': WhiteKernel(noise_level=3.66e-05), 'k1__k1': 1.44**2, 'k1__k2': RBF(length_scale=[0.588, 0.855, 1.43, 1.09, 0.806]), 'k1__k1__constant_value': np.float64(2.085670105274743), 'k1__k1__constant_value_bounds': (0.001, 10000.0), 'k1__k2__length_scale': array([0.58773171, 0.85482009, 1.42541549, 1.09383112, 0.80563189]), 'k1__k2__length_scale_bounds': (0.007559558222486651, 7.55955822248665), 'k2__noise_level': np.float64(3.663633948726613e-05), 'k2__noise_level_bounds': (1e-08, np.float64(0.4367788991960594))}","[0.4377586271875139, 0.21097974944863424, 0.5132067544009941, 0.7520477221690203, 0.0]",-0.1374567182394909,0.6630652322360346,"[{'type': 'noise_collapse', 'severity': 0.8, 'details': {'noise_level': 1e-08}}]",{'acq': 'PI'}
18,GP health,0.6640380260474078,26.598885443266425,0.0075982263764784765,6854040.379935957,1,0.8,['noise_collapse']
18,GP anomalies,Sum,"{'k1': 1.46**2 * RBF(length_scale=[0.59, 0.864, 1.43, 1.1, 0.812]), 'k2': WhiteKernel(noise_level=3.4e-05), 'k1__k1': 1.46**2, 'k1__k2': RBF(length_scale=[0.59, 0.864, 1.43, 1.1, 0.812]), 'k1__k1__constant_value': np.float64(2.124056718218641), 'k1__k1__constant_value_bounds': (0.001, 10000.0), 'k1__k2__length_scale': array([0.58996213, 0.8640139 , 1.43371976, 1.09605636, 0.81207616]), 'k1__k2__length_scale_bounds': (0.007465190315617974, 7.465190315617973), 'k2__noise_level': np.float64(3.3952203876273255e-05), 'k2__noise_level_bounds': (1e-08, np.float64(0.422977657021202))}",1,0.8,['noise_collapse']
18,5D Cake Recipe,PI,"1.46**2 * RBF(length_scale=[0.59, 0.864, 1.43, 1.1, 0.812]) + WhiteKernel(noise_level=3.4e-05)","{'k1': 1.46**2 * RBF(length_scale=[0.59, 0.864, 1.43, 1.1, 0.812]), 'k2': WhiteKernel(noise_level=3.4e-05), 'k1__k1': 1.46**2, 'k1__k2': RBF(length_scale=[0.59, 0.864, 1.43, 1.1, 0.812]), 'k1__k1__constant_value': np.float64(2.124056718218641), 'k1__k1__constant_value_bounds': (0.001, 10000.0), 'k1__k2__length_scale': array([0.58996213, 0.8640139 , 1.43371976, 1.09605636, 0.81207616]), 'k1__k2__length_scale_bounds': (0.007465190315617974, 7.465190315617973), 'k2__noise_level': np.float64(3.3952203876273255e-05), 'k2__noise_level_bounds': (1e-08, np.float64(0.422977657021202))}","[0.4400148622923859, 0.23030664202981038, 0.5329434334022297, 0.7256526162710084, 0.054148360059147624]",-0.1339549428346718,0.6640380260474078,"[{'type': 'noise_collapse', 'severity': 0.8, 'details': {'noise_level': 1e-08}}]",{'acq': 'PI'}
19,GP health,0.6651045504978343,37.190182186295836,0.005775366904348522,7224233.466913821,1,0.8,['noise_collapse']
19,GP anomalies,Sum,"{'k1': 1.47**2 * RBF(length_scale=[0.592, 0.869, 1.44, 1.1, 0.815]), 'k2': WhiteKernel(noise_level=3.13e-05), 'k1__k1': 1.47**2, 'k1__k2': RBF(length_scale=[0.592, 0.869, 1.44, 1.1, 0.815]), 'k1__k1__constant_value': np.float64(2.1621158615311487), 'k1__k1__constant_value_bounds': (0.001, 10000.0), 'k1__k2__length_scale': array([0.59221696, 0.86871152, 1.44176009, 1.10055088, 0.81500422]), 'k1__k2__length_scale_bounds': (0.007361067951651378, 7.3610679516513775), 'k2__noise_level': np.float64(3.1253866406450944e-05), 'k2__noise_level_bounds': (1e-08, np.float64(0.409409415527309))}",1,0.8,['noise_collapse']
19,5D Cake Recipe,PI,"1.47**2 * RBF(length_scale=[0.592, 0.869, 1.44, 1.1, 0.815]) + WhiteKernel(noise_level=3.13e-05)","{'k1': 1.47**2 * RBF(length_scale=[0.592, 0.869, 1.44, 1.1, 0.815]), 'k2': WhiteKernel(noise_level=3.13e-05), 'k1__k1': 1.47**2, 'k1__k2': RBF(length_scale=[0.592, 0.869, 1.44, 1.1, 0.815]), 'k1__k1__constant_value': np.float64(2.1621158615311487), 'k1__k1__constant_value_bounds': (0.001, 10000.0), 'k1__k2__length_scale': array([0.59221696, 0.86871152, 1.44176009, 1.10055088, 0.81500422]), 'k1__k2__length_scale_bounds': (0.007361067951651378, 7.3610679516513775), 'k2__noise_level': np.float64(3.1253866406450944e-05), 'k2__noise_level_bounds': (1e-08, np.float64(0.409409415527309))}","[0.446610216691035, 0.26392615464056335, 0.5632795794244523, 0.7775570810455451, 0.0705791958675289]",-0.13218911356331142,0.6651045504978343,"[{'type': 'noise_collapse', 'severity': 0.8, 'details': {'noise_level': 1e-08}}]",{'acq': 'PI'}
20,GP health,0.6663148991965149,34.090185567199846,0.006893304785313297,9395560.017963734,1,0.8,['noise_collapse']
20,GP anomalies,Sum,"{'k1': 1.48**2 * RBF(length_scale=[0.594, 0.873, 1.45, 1.1, 0.818]), 'k2': WhiteKernel(noise_level=2.89e-05), 'k1__k1': 1.48**2, 'k1__k2': RBF(length_scale=[0.594, 0.873, 1.45, 1.1, 0.818]), 'k1__k1__constant_value': np.float64(2.1997537489038947), 'k1__k1__constant_value_bounds': (0.001, 10000.0), 'k1__k2__length_scale': array([0.59415756, 0.87314193, 1.44865488, 1.10443639, 0.81797011]), 'k1__k2__length_scale_bounds': (0.007256494086314672, 7.256494086314672), 'k2__noise_level': np.float64(2.894211318715518e-05), 'k2__noise_level_bounds': (1e-08, np.float64(0.396084744177573))}",1,0.8,['noise_collapse']
20,5D Cake Recipe,PI,"1.48**2 * RBF(length_scale=[0.594, 0.873, 1.45, 1.1, 0.818]) + WhiteKernel(noise_level=2.89e-05)","{'k1': 1.48**2 * RBF(length_scale=[0.594, 0.873, 1.45, 1.1, 0.818]), 'k2': WhiteKernel(noise_level=2.89e-05), 'k1__k1': 1.48**2, 'k1__k2': RBF(length_scale=[0.594, 0.873, 1.45, 1.1, 0.818]), 'k1__k1__constant_value': np.float64(2.1997537489038947), 'k1__k1__constant_value_bounds': (0.001, 10000.0), 'k1__k2__length_scale': array([0.59415756, 0.87314193, 1.44865488, 1.10443639, 0.81797011]), 'k1__k2__length_scale_bounds': (0.007256494086314672, 7.256494086314672), 'k2__noise_level': np.float64(2.894211318715518e-05), 'k2__noise_level_bounds': (1e-08, np.float64(0.396084744177573))}","[0.4291804010215277, 0.24762206769616069, 0.5473436719043556, 0.7636412468082042, 0.07595140149079382]",-0.1329216399873514,0.6663148991965149,"[{'type': 'noise_collapse', 'severity': 0.8, 'details': {'noise_level': 1e-08}}]",{'acq': 'PI'}
21,GP health,0.6675829326606291,37.81531691569609,0.006626675030536645,10831514.93457317,1,0.8,['noise_collapse']
21,GP anomalies,Sum,"{'k1': 1.5**2 * RBF(length_scale=[0.596, 0.877, 1.46, 1.11, 0.821]), 'k2': WhiteKernel(noise_level=2.7e-05), 'k1__k1': 1.5**2, 'k1__k2': RBF(length_scale=[0.596, 0.877, 1.46, 1.11, 0.821]), 'k1__k1__constant_value': np.float64(2.238180388032116), 'k1__k1__constant_value_bounds': (0.001, 10000.0), 'k1__k2__length_scale': array([0.59602635, 0.87730757, 1.45550253, 1.10809671, 0.82070899]), 'k1__k2__length_scale_bounds': (0.007154700562252833, 7.154700562252833), 'k2__noise_level': np.float64(2.6965423111749718e-05), 'k2__noise_level_bounds': (1e-08, np.float64(0.3830045947009911))}",1,0.8,['noise_collapse']
21,5D Cake Recipe,PI,"1.5**2 * RBF(length_scale=[0.596, 0.877, 1.46, 1.11, 0.821]) + WhiteKernel(noise_level=2.7e-05)","{'k1': 1.5**2 * RBF(length_scale=[0.596, 0.877, 1.46, 1.11, 0.821]), 'k2': WhiteKernel(noise_level=2.7e-05), 'k1__k1': 1.5**2, 'k1__k2': RBF(length_scale=[0.596, 0.877, 1.46, 1.11, 0.821]), 'k1__k1__constant_value': np.float64(2.238180388032116), 'k1__k1__constant_value_bounds': (0.001, 10000.0), 'k1__k2__length_scale': array([0.59602635, 0.87730757, 1.45550253, 1.10809671, 0.82070899]), 'k1__k2__length_scale_bounds': (0.007154700562252833, 7.154700562252833), 'k2__noise_level': np.float64(2.6965423111749718e-05), 'k2__noise_level_bounds': (1e-08, np.float64(0.3830045947009911))}","[0.46739121404172973, 0.1304032312945025, 0.7815385077922051, 0.8250833998741678, 0.24524566036159465]",-0.27007176153877566,0.6675829326606291,"[{'type': 'noise_collapse', 'severity': 0.8, 'details': {'noise_level': 1e-08}}]",{'acq': 'PI'}
22,GP health,0.6679187241249062,46.84015240465563,0.005278222144974902,9916540.12909937,1,0.8,['noise_collapse']
22,GP anomalies,Sum,"{'k1': 1.51**2 * RBF(length_scale=[0.598, 0.889, 1.47, 1.11, 0.828]), 'k2': WhiteKernel(noise_level=2.69e-05), 'k1__k1': 1.51**2, 'k1__k2': RBF(length_scale=[0.598, 0.889, 1.47, 1.11, 0.828]), 'k1__k1__constant_value': np.float64(2.2677962430849865), 'k1__k1__constant_value_bounds': (0.001, 10000.0), 'k1__k2__length_scale': array([0.59784352, 0.88893973, 1.47069012, 1.10859532, 0.8280622 ]), 'k1__k2__length_scale_bounds': (0.007111458559772887, 7.111458559772887), 'k2__noise_level': np.float64(2.686143742840766e-05), 'k2__noise_level_bounds': (1e-08, np.float64(0.3689691310423903))}",1,0.8,['noise_collapse']
22,5D Cake Recipe,PI,"1.51**2 * RBF(length_scale=[0.598, 0.889, 1.47, 1.11, 0.828]) + WhiteKernel(noise_level=2.69e-05)","{'k1': 1.51**2 * RBF(length_scale=[0.598, 0.889, 1.47, 1.11, 0.828]), 'k2': WhiteKernel(noise_level=2.69e-05), 'k1__k1': 1.51**2, 'k1__k2': RBF(length_scale=[0.598, 0.889, 1.47, 1.11, 0.828]), 'k1__k1__constant_value': np.float64(2.2677962430849865), 'k1__k1__constant_value_bounds': (0.001, 10000.0), 'k1__k2__length_scale': array([0.59784352, 0.88893973, 1.47069012, 1.10859532, 0.8280622 ]), 'k1__k2__length_scale_bounds': (0.007111458559772887, 7.111458559772887), 'k2__noise_level': np.float64(2.686143742840766e-05), 'k2__noise_level_bounds': (1e-08, np.float64(0.3689691310423903))}","[0.4546100519875284, 0.26071697974978536, 0.5354572836407739, 0.7467057152214789, 0.03196985642363161]",-0.13369637939169854,0.6679187241249062,"[{'type': 'noise_collapse', 'severity': 0.8, 'details': {'noise_level': 1e-08}}]",{'acq': 'PI'}
23,GP health,0.6692711820652887,42.7263488756402,0.006352183739542428,13113076.21177456,1,0.8,['noise_collapse']
23,GP anomalies,Sum,"{'k1': 1.52**2 * RBF(length_scale=[0.6, 0.893, 1.48, 1.11, 0.83]), 'k2': WhiteKernel(noise_level=2.52e-05), 'k1__k1': 1.52**2, 'k1__k2': RBF(length_scale=[0.6, 0.893, 1.48, 1.11, 0.83]), 'k1__k1__constant_value': np.float64(2.307339021239025), 'k1__k1__constant_value_bounds': (0.001, 10000.0), 'k1__k2__length_scale': array([0.59961299, 0.89251716, 1.47723228, 1.11260979, 0.83037677]), 'k1__k2__length_scale_bounds': (0.007016519131895016, 7.016519131895016), 'k2__noise_level': np.float64(2.519368253533844e-05), 'k2__noise_level_bounds': (1e-08, np.float64(0.3565477406817002))}",1,0.8,['noise_collapse']
23,5D Cake Recipe,PI,"1.52**2 * RBF(length_scale=[0.6, 0.893, 1.48, 1.11, 0.83]) + WhiteKernel(noise_level=2.52e-05)","{'k1': 1.52**2 * RBF(length_scale=[0.6, 0.893, 1.48, 1.11, 0.83]), 'k2': WhiteKernel(noise_level=2.52e-05), 'k1__k1': 1.52**2, 'k1__k2': RBF(length_scale=[0.6, 0.893, 1.48, 1.11, 0.83]), 'k1__k1__constant_value': np.float64(2.307339021239025), 'k1__k1__constant_value_bounds': (0.001, 10000.0), 'k1__k2__length_scale': array([0.59961299, 0.89251716, 1.47723228, 1.11260979, 0.83037677]), 'k1__k2__length_scale_bounds': (0.007016519131895016, 7.016519131895016), 'k2__noise_level': np.float64(2.519368253533844e-05), 'k2__noise_level_bounds': (1e-08, np.float64(0.3565477406817002))}","[0.4283793731591773, 0.2775202328778198, 0.5438311474287819, 0.800865927519926, 0.061640446825602754]",-0.13368461108550855,0.6692711820652887,"[{'type': 'noise_collapse', 'severity': 0.8, 'details': {'noise_level': 1e-08}}]",{'acq': 'PI'}
24,GP health,0.6706791068941075,55.03912900988268,0.0049069999780932535,12496017.220452068,1,0.8,['noise_collapse']
24,GP anomalies,Sum,"{'k1': 1.53**2 * RBF(length_scale=[0.602, 0.897, 1.48, 1.12, 0.833]), 'k2': WhiteKernel(noise_level=2.38e-05), 'k1__k1': 1.53**2, 'k1__k2': RBF(length_scale=[0.602, 0.897, 1.48, 1.12, 0.833]), 'k1__k1__constant_value': np.float64(2.3495802683219433), 'k1__k1__constant_value_bounds': (0.001, 10000.0), 'k1__k2__length_scale': array([0.60170297, 0.89653899, 1.48427984, 1.11665153, 0.83293403]), 'k1__k2__length_scale_bounds': (0.006924572755092376, 6.924572755092377), 'k2__noise_level': np.float64(2.3788356626551464e-05), 'k2__noise_level_bounds': (1e-08, np.float64(0.34443064693930625))}",1,0.8,['noise_collapse']
24,5D Cake Recipe,PI,"1.53**2 * RBF(length_scale=[0.602, 0.897, 1.48, 1.12, 0.833]) + WhiteKernel(noise_level=2.38e-05)","{'k1': 1.53**2 * RBF(length_scale=[0.602, 0.897, 1.48, 1.12, 0.833]), 'k2': WhiteKernel(noise_level=2.38e-05), 'k1__k1': 1.53**2, 'k1__k2': RBF(length_scale=[0.602, 0.897, 1.48, 1.12, 0.833]), 'k1__k1__constant_value': np.float64(2.3495802683219433), 'k1__k1__constant_value_bounds': (0.001, 10000.0), 'k1__k2__length_scale': array([0.60170297, 0.89653899, 1.48427984, 1.11665153, 0.83293403]), 'k1__k2__length_scale_bounds': (0.006924572755092376, 6.924572755092377), 'k2__noise_level': np.float64(2.3788356626551464e-05), 'k2__noise_level_bounds': (1e-08, np.float64(0.34443064693930625))}","[0.43020174020115753, 0.2444905625396703, 0.560385704498421, 0.7489141650154476, 0.025514995092867893]",-0.13344341878081734,0.6706791068941075,"[{'type': 'noise_collapse', 'severity': 0.8, 'details': {'noise_level': 1e-08}}]",{'acq': 'PI'}
25,GP health,0.6721352112504124,50.0450446331431,0.006000475972909365,16695673.05348825,1,0.8,['noise_collapse']
25,GP anomalies,Sum,"{'k1': 1.55**2 * RBF(length_scale=[0.603, 0.9, 1.49, 1.12, 0.835]), 'k2': WhiteKernel(noise_level=2.25e-05), 'k1__k1': 1.55**2, 'k1__k2': RBF(length_scale=[0.603, 0.9, 1.49, 1.12, 0.835]), 'k1__k1__constant_value': np.float64(2.3900350511531427), 'k1__k1__constant_value_bounds': (0.001, 10000.0), 'k1__k2__length_scale': array([0.6034256 , 0.8995753 , 1.49032338, 1.12017891, 0.83518955]), 'k1__k2__length_scale_bounds': (0.006836370830538976, 6.836370830538976), 'k2__noise_level': np.float64(2.2502118313546916e-05), 'k2__noise_level_bounds': (1e-08, np.float64(0.3326298947001672))}",1,0.8,['noise_collapse']
25,5D Cake Recipe,PI,"1.55**2 * RBF(length_scale=[0.603, 0.9, 1.49, 1.12, 0.835]) + WhiteKernel(noise_level=2.25e-05)","{'k1': 1.55**2 * RBF(length_scale=[0.603, 0.9, 1.49, 1.12, 0.835]), 'k2': WhiteKernel(noise_level=2.25e-05), 'k1__k1': 1.55**2, 'k1__k2': RBF(length_scale=[0.603, 0.9, 1.49, 1.12, 0.835]), 'k1__k1__constant_value': np.float64(2.3900350511531427), 'k1__k1__constant_value_bounds': (0.001, 10000.0), 'k1__k2__length_scale': array([0.6034256 , 0.8995753 , 1.49032338, 1.12017891, 0.83518955]), 'k1__k2__length_scale_bounds': (0.006836370830538976, 6.836370830538976), 'k2__noise_level': np.float64(2.2502118313546916e-05), 'k2__noise_level_bounds': (1e-08, np.float64(0.3326298947001672))}","[0.42899827415044106, 0.22016664308844855, 0.5419702453490449, 0.7446711695085132, 0.04342493910877597]",-0.1334264337318526,0.6721352112504124,"[{'type': 'noise_collapse', 'severity': 0.8, 'details': {'noise_level': 1e-08}}]",{'acq': 'PI'}
26,GP health,0.6736440981479571,63.3536742588274,0.004594166322087836,15433278.764734574,1,0.8,['noise_collapse']
26,GP anomalies,Sum,"{'k1': 1.56**2 * RBF(length_scale=[0.605, 0.903, 1.5, 1.12, 0.837]), 'k2': WhiteKernel(noise_level=2.13e-05), 'k1__k1': 1.56**2, 'k1__k2': RBF(length_scale=[0.605, 0.903, 1.5, 1.12, 0.837]), 'k1__k1__constant_value': np.float64(2.431035938227963), 'k1__k1__constant_value_bounds': (0.001, 10000.0), 'k1__k2__length_scale': array([0.60482794, 0.90269116, 1.49590186, 1.12391528, 0.83718256]), 'k1__k2__length_scale_bounds': (0.00675015121859439, 6.75015121859439), 'k2__noise_level': np.float64(2.1347940064666566e-05), 'k2__noise_level_bounds': (1e-08, np.float64(0.3211501271123053))}",1,0.8,['noise_collapse']
26,5D Cake Recipe,PI,"1.56**2 * RBF(length_scale=[0.605, 0.903, 1.5, 1.12, 0.837]) + WhiteKernel(noise_level=2.13e-05)","{'k1': 1.56**2 * RBF(length_scale=[0.605, 0.903, 1.5, 1.12, 0.837]), 'k2': WhiteKernel(noise_level=2.13e-05), 'k1__k1': 1.56**2, 'k1__k2': RBF(length_scale=[0.605, 0.903, 1.5, 1.12, 0.837]), 'k1__k1__constant_value': np.float64(2.431035938227963), 'k1__k1__constant_value_bounds': (0.001, 10000.0), 'k1__k2__length_scale': array([0.60482794, 0.90269116, 1.49590186, 1.12391528, 0.83718256]), 'k1__k2__length_scale_bounds': (0.00675015121859439, 6.75015121859439), 'k2__noise_level': np.float64(2.1347940064666566e-05), 'k2__noise_level_bounds': (1e-08, np.float64(0.3211501271123053))}","[0.43453483801101433, 0.2694486984975028, 0.6139005896740832, 0.756250568312277, 0.06751030767286731]",-0.13463648704075404,0.6736440981479571,"[{'type': 'noise_collapse', 'severity': 0.8, 'details': {'noise_level': 1e-08}}]",{'acq': 'PI'}
27,GP health,0.6751291426092418,57.52943365958715,0.005662971967773937,20173642.39413291,1,0.8,['noise_collapse']
27,GP anomalies,Sum,"{'k1': 1.57**2 * RBF(length_scale=[0.606, 0.906, 1.5, 1.13, 0.839]), 'k2': WhiteKernel(noise_level=2.03e-05), 'k1__k1': 1.57**2, 'k1__k2': RBF(length_scale=[0.606, 0.906, 1.5, 1.13, 0.839]), 'k1__k1__constant_value': np.float64(2.473353409166817), 'k1__k1__constant_value_bounds': (0.001, 10000.0), 'k1__k2__length_scale': array([0.60621919, 0.90588726, 1.50226747, 1.12726799, 0.83920543]), 'k1__k2__length_scale_bounds': (0.006665544230011483, 6.665544230011483), 'k2__noise_level': np.float64(2.0330987056643828e-05), 'k2__noise_level_bounds': (1e-08, np.float64(0.3099866161017042))}",1,0.8,['noise_collapse']
27,5D Cake Recipe,PI,"1.57**2 * RBF(length_scale=[0.606, 0.906, 1.5, 1.13, 0.839]) + WhiteKernel(noise_level=2.03e-05)","{'k1': 1.57**2 * RBF(length_scale=[0.606, 0.906, 1.5, 1.13, 0.839]), 'k2': WhiteKernel(noise_level=2.03e-05), 'k1__k1': 1.57**2, 'k1__k2': RBF(length_scale=[0.606, 0.906, 1.5, 1.13, 0.839]), 'k1__k1__constant_value': np.float64(2.473353409166817), 'k1__k1__constant_value_bounds': (0.001, 10000.0), 'k1__k2__length_scale': array([0.60621919, 0.90588726, 1.50226747, 1.12726799, 0.83920543]), 'k1__k2__length_scale_bounds': (0.006665544230011483, 6.665544230011483), 'k2__noise_level': np.float64(2.0330987056643828e-05), 'k2__noise_level_bounds': (1e-08, np.float64(0.3099866161017042))}","[0.43297200332985597, 0.24429533891344532, 0.5219264857300633, 0.7125754322076202, 0.0]",-0.1365210610120391,0.6751291426092418,"[{'type': 'noise_collapse', 'severity': 0.8, 'details': {'noise_level': 1e-08}}]",{'acq': 'PI'}
28,GP health,0.6766019590530914,60.93606174106867,0.005567994070017051,20748899.210080437,1,0.8,['noise_collapse']
28,GP anomalies,Sum,"{'k1': 1.59**2 * RBF(length_scale=[0.608, 0.909, 1.51, 1.13, 0.842]), 'k2': WhiteKernel(noise_level=1.95e-05), 'k1__k1': 1.59**2, 'k1__k2': RBF(length_scale=[0.608, 0.909, 1.51, 1.13, 0.842]), 'k1__k1__constant_value': np.float64(2.5146407025112083), 'k1__k1__constant_value_bounds': (0.001, 10000.0), 'k1__k2__length_scale': array([0.60764256, 0.90908858, 1.50828331, 1.13132148, 0.8416395 ]), 'k1__k2__length_scale_bounds': (0.006588955238327885, 6.588955238327885), 'k2__noise_level': np.float64(1.9486705408755377e-05), 'k2__noise_level_bounds': (1e-08, np.float64(0.2991381486103968))}",1,0.8,['noise_collapse']
28,5D Cake Recipe,PI,"1.59**2 * RBF(length_scale=[0.608, 0.909, 1.51, 1.13, 0.842]) + WhiteKernel(noise_level=1.95e-05)","{'k1': 1.59**2 * RBF(length_scale=[0.608, 0.909, 1.51, 1.13, 0.842]), 'k2': WhiteKernel(noise_level=1.95e-05), 'k1__k1': 1.59**2, 'k1__k2': RBF(length_scale=[0.608, 0.909, 1.51, 1.13, 0.842]), 'k1__k1__constant_value': np.float64(2.5146407025112083), 'k1__k1__constant_value_bounds': (0.001, 10000.0), 'k1__k2__length_scale': array([0.60764256, 0.90908858, 1.50828331, 1.13132148, 0.8416395 ]), 'k1__k2__length_scale_bounds': (0.006588955238327885, 6.588955238327885), 'k2__noise_level': np.float64(1.9486705408755377e-05), 'k2__noise_level_bounds': (1e-08, np.float64(0.2991381486103968))}","[0.39492765032720323, 0.07150541619294323, 0.33605812540823615, 0.6800938877493572, 0.05034222518532644]",-0.22323086838434303,0.6766019590530914,"[{'type': 'noise_collapse', 'severity': 0.8, 'details': {'noise_level': 1e-08}}]",{'acq': 'PI'}
29,GP health,0.6771492088432148,73.3616161538842,0.0043193277899527165,20797543.789795388,1,0.8,['noise_collapse']
29,GP anomalies,Sum,"{'k1': 1.61**2 * RBF(length_scale=[0.611, 0.927, 1.53, 1.13, 0.846]), 'k2': WhiteKernel(noise_level=1.94e-05), 'k1__k1': 1.61**2, 'k1__k2': RBF(length_scale=[0.611, 0.927, 1.53, 1.13, 0.846]), 'k1__k1__constant_value': np.float64(2.579422299111185), 'k1__k1__constant_value_bounds': (0.001, 10000.0), 'k1__k2__length_scale': array([0.61074796, 0.92720962, 1.53096267, 1.13367837, 0.84613791]), 'k1__k2__length_scale_bounds': (0.0065619014534003175, 6.561901453400317), 'k2__noise_level': np.float64(1.936415363811348e-05), 'k2__noise_level_bounds': (1e-08, np.float64(0.28812765023795295))}",1,0.8,['noise_collapse']
29,5D Cake Recipe,PI,"1.61**2 * RBF(length_scale=[0.611, 0.927, 1.53, 1.13, 0.846]) + WhiteKernel(noise_level=1.94e-05)","{'k1': 1.61**2 * RBF(length_scale=[0.611, 0.927, 1.53, 1.13, 0.846]), 'k2': WhiteKernel(noise_level=1.94e-05), 'k1__k1': 1.61**2, 'k1__k2': RBF(length_scale=[0.611, 0.927, 1.53, 1.13, 0.846]), 'k1__k1__constant_value': np.float64(2.579422299111185), 'k1__k1__constant_value_bounds': (0.001, 10000.0), 'k1__k2__length_scale': array([0.61074796, 0.92720962, 1.53096267, 1.13367837, 0.84613791]), 'k1__k2__length_scale_bounds': (0.0065619014534003175, 6.561901453400317), 'k2__noise_level': np.float64(1.936415363811348e-05), 'k2__noise_level_bounds': (1e-08, np.float64(0.28812765023795295))}","[0.43896300775100866, 0.22182474546375075, 0.559335544341769, 0.7474369722988856, 0.04842201489120232]",-0.1330298652358547,0.6771492088432148,"[{'type': 'noise_collapse', 'severity': 0.8, 'details': {'noise_level': 1e-08}}]",{'acq': 'PI'}
30,GP health,0.6787374554990127,66.21582982021971,0.005385346505921886,21746872.98370997,1,0.8,['noise_collapse']
30,GP anomalies,Sum,"{'k1': 1.62**2 * RBF(length_scale=[0.612, 0.93, 1.54, 1.14, 0.848]), 'k2': WhiteKernel(noise_level=1.85e-05), 'k1__k1': 1.62**2, 'k1__k2': RBF(length_scale=[0.612, 0.93, 1.54, 1.14, 0.848]), 'k1__k1__constant_value': np.float64(2.621411975416278), 'k1__k1__constant_value_bounds': (0.001, 10000.0), 'k1__k2__length_scale': array([0.61188816, 0.92984139, 1.53556727, 1.13662847, 0.84798289]), 'k1__k2__length_scale_bounds': (0.006481678001518144, 6.481678001518144), 'k2__noise_level': np.float64(1.8547269342062532e-05), 'k2__noise_level_bounds': (1e-08, np.float64(0.2779856034746278))}",1,0.8,['noise_collapse']
30,5D Cake Recipe,PI,"1.62**2 * RBF(length_scale=[0.612, 0.93, 1.54, 1.14, 0.848]) + WhiteKernel(noise_level=1.85e-05)","{'k1': 1.62**2 * RBF(length_scale=[0.612, 0.93, 1.54, 1.14, 0.848]), 'k2': WhiteKernel(noise_level=1.85e-05), 'k1__k1': 1.62**2, 'k1__k2': RBF(length_scale=[0.612, 0.93, 1.54, 1.14, 0.848]), 'k1__k1__constant_value': np.float64(2.621411975416278), 'k1__k1__constant_value_bounds': (0.001, 10000.0), 'k1__k2__length_scale': array([0.61188816, 0.92984139, 1.53556727, 1.13662847, 0.84798289]), 'k1__k2__length_scale_bounds': (0.006481678001518144, 6.481678001518144), 'k2__noise_level': np.float64(1.8547269342062532e-05), 'k2__noise_level_bounds': (1e-08, np.float64(0.2779856034746278))}","[0.45498994771163137, 0.2550192351176683, 0.5287881138008612, 0.8121597412254279, 0.06852640744882796]",-0.13645423056716677,0.6787374554990127,"[{'type': 'noise_collapse', 'severity': 0.8, 'details': {'noise_level': 1e-08}}]",{'acq': 'PI'}
