1,GP health,0.7328609653557497,-21.30040680036263,1.134414767039699e-05,1087.9617679447747,1,0.8,['noise_collapse']
1,GP anomalies,Sum,"{'k1': 1.54**2 * Matern(length_scale=[6.67, 2.24, 0.13], nu=1.5), 'k2': WhiteKernel(noise_level=1e-08), 'k1__k1': 1.54**2, 'k1__k2': Matern(length_scale=[6.67, 2.24, 0.13], nu=1.5), 'k1__k1__constant_value': np.float64(2.381868648893405), 'k1__k1__constant_value_bounds': (1e-05, 100000.0), 'k1__k2__length_scale': array([6.67019478, 2.23838324, 0.12979123]), 'k1__k2__length_scale_bounds': (0.006670194783374169, 6.6701947833741695), 'k1__k2__nu': np.float64(1.5), 'k2__noise_level': np.float64(9.999999999999982e-09), 'k2__noise_level_bounds': (1e-08, np.float64(0.08001544996174775))}",1,0.8,['noise_collapse']
1,3D Drug Combination,UCB,"1.54**2 * Matern(length_scale=[6.67, 2.24, 0.13], nu=1.5) + WhiteKernel(noise_level=1e-08)","{'k1': 1.54**2 * Matern(length_scale=[6.67, 2.24, 0.13], nu=1.5), 'k2': WhiteKernel(noise_level=1e-08), 'k1__k1': 1.54**2, 'k1__k2': Matern(length_scale=[6.67, 2.24, 0.13], nu=1.5), 'k1__k1__constant_value': np.float64(2.381868648893405), 'k1__k1__constant_value_bounds': (1e-05, 100000.0), 'k1__k2__length_scale': array([6.67019478, 2.23838324, 0.12979123]), 'k1__k2__length_scale_bounds': (0.006670194783374169, 6.6701947833741695), 'k1__k2__nu': np.float64(1.5), 'k2__noise_level': np.float64(9.999999999999982e-09), 'k2__noise_level_bounds': (1e-08, np.float64(0.08001544996174775))}","[0.5620597315678826, 0.7051143831667719, 0.42457723762201843]",-0.03342795033134385,0.7328609653557497,"[{'type': 'noise_collapse', 'severity': 0.8, 'details': {'noise_level': 1e-08}}]",{'acq': 'UCB'}
2,GP health,0.729687573812826,-21.511232719856267,3.9584382579287626e-05,1339.280570828326,1,0.8,['noise_collapse']
2,GP anomalies,Sum,"{'k1': 1.57**2 * Matern(length_scale=[6.57, 2.44, 0.135], nu=1.5), 'k2': WhiteKernel(noise_level=1.22e-07), 'k1__k1': 1.57**2, 'k1__k2': Matern(length_scale=[6.57, 2.44, 0.135], nu=1.5), 'k1__k1__constant_value': np.float64(2.462027125795239), 'k1__k1__constant_value_bounds': (1e-05, 100000.0), 'k1__k2__length_scale': array([6.57368558, 2.43691014, 0.13537275]), 'k1__k2__length_scale_bounds': (0.006573685583377269, 6.573685583377269), 'k1__k2__nu': np.float64(1.5), 'k2__noise_level': np.float64(1.2221427831277289e-07), 'k2__noise_level_bounds': (1e-08, np.float64(0.077425272255646))}",1,0.8,['noise_collapse']
2,3D Drug Combination,UCB,"1.57**2 * Matern(length_scale=[6.57, 2.44, 0.135], nu=1.5) + WhiteKernel(noise_level=1.22e-07)","{'k1': 1.57**2 * Matern(length_scale=[6.57, 2.44, 0.135], nu=1.5), 'k2': WhiteKernel(noise_level=1.22e-07), 'k1__k1': 1.57**2, 'k1__k2': Matern(length_scale=[6.57, 2.44, 0.135], nu=1.5), 'k1__k1__constant_value': np.float64(2.462027125795239), 'k1__k1__constant_value_bounds': (1e-05, 100000.0), 'k1__k2__length_scale': array([6.57368558, 2.43691014, 0.13537275]), 'k1__k2__length_scale_bounds': (0.006573685583377269, 6.573685583377269), 'k1__k2__nu': np.float64(1.5), 'k2__noise_level': np.float64(1.2221427831277289e-07), 'k2__noise_level_bounds': (1e-08, np.float64(0.077425272255646))}","[0.46288229013464527, 0.7499808733066473, 0.5022972423175496]",-0.04554601488193377,0.729687573812826,"[{'type': 'noise_collapse', 'severity': 0.8, 'details': {'noise_level': 1e-08}}]",{'acq': 'UCB'}
3,GP health,0.7208767848116963,-20.85689772465428,1.1270556671976483e-05,4511.039439475231,1,0.8,['noise_collapse']
3,GP anomalies,Sum,"{'k1': 1.99**2 * RBF(length_scale=[6.17, 3.71, 0.104]), 'k2': WhiteKernel(noise_level=0.0145), 'k1__k1': 1.99**2, 'k1__k2': RBF(length_scale=[6.17, 3.71, 0.104]), 'k1__k1__constant_value': np.float64(3.941192053985279), 'k1__k1__constant_value_bounds': (1e-05, 100000.0), 'k1__k2__length_scale': array([6.17371931, 3.70907634, 0.10439049]), 'k1__k2__length_scale_bounds': (0.006490563760891064, 6.490563760891064), 'k2__noise_level': np.float64(0.014485785979280132), 'k2__noise_level_bounds': (1e-08, np.float64(0.07436941998002726))}",1,0.8,['noise_collapse']
3,3D Drug Combination,UCB,"1.99**2 * RBF(length_scale=[6.17, 3.71, 0.104]) + WhiteKernel(noise_level=0.0145)","{'k1': 1.99**2 * RBF(length_scale=[6.17, 3.71, 0.104]), 'k2': WhiteKernel(noise_level=0.0145), 'k1__k1': 1.99**2, 'k1__k2': RBF(length_scale=[6.17, 3.71, 0.104]), 'k1__k1__constant_value': np.float64(3.941192053985279), 'k1__k1__constant_value_bounds': (1e-05, 100000.0), 'k1__k2__length_scale': array([6.17371931, 3.70907634, 0.10439049]), 'k1__k2__length_scale_bounds': (0.006490563760891064, 6.490563760891064), 'k2__noise_level': np.float64(0.014485785979280132), 'k2__noise_level_bounds': (1e-08, np.float64(0.07436941998002726))}","[0.5388349368763308, 0.321462808950275, 0.5459640626920442]",-0.05260519972703786,0.7208767848116963,"[{'type': 'noise_collapse', 'severity': 0.8, 'details': {'noise_level': 1e-08}}]",{'acq': 'UCB'}
4,GP health,0.7085797778044856,-21.306471222266218,1.1156035227891379e-05,5819.90694373297,1,0.8,['noise_collapse']
4,GP anomalies,Sum,"{'k1': 1.85**2 * Matern(length_scale=[6.37, 1.67, 0.151], nu=2.5), 'k2': WhiteKernel(noise_level=1e-08), 'k1__k1': 1.85**2, 'k1__k2': Matern(length_scale=[6.37, 1.67, 0.151], nu=2.5), 'k1__k1__constant_value': np.float64(3.4170594170112376), 'k1__k1__constant_value_bounds': (1e-05, 100000.0), 'k1__k2__length_scale': array([6.3682961 , 1.66597686, 0.15122786]), 'k1__k2__length_scale_bounds': (0.006368296101683523, 6.368296101683524), 'k1__k2__nu': np.float64(2.5), 'k2__noise_level': np.float64(9.999999999999982e-09), 'k2__noise_level_bounds': (1e-08, np.float64(0.07120039790241456))}",1,0.8,['noise_collapse']
4,3D Drug Combination,UCB,"1.85**2 * Matern(length_scale=[6.37, 1.67, 0.151], nu=2.5) + WhiteKernel(noise_level=1e-08)","{'k1': 1.85**2 * Matern(length_scale=[6.37, 1.67, 0.151], nu=2.5), 'k2': WhiteKernel(noise_level=1e-08), 'k1__k1': 1.85**2, 'k1__k2': Matern(length_scale=[6.37, 1.67, 0.151], nu=2.5), 'k1__k1__constant_value': np.float64(3.4170594170112376), 'k1__k1__constant_value_bounds': (1e-05, 100000.0), 'k1__k2__length_scale': array([6.3682961 , 1.66597686, 0.15122786]), 'k1__k2__length_scale_bounds': (0.006368296101683523, 6.368296101683524), 'k1__k2__nu': np.float64(2.5), 'k2__noise_level': np.float64(9.999999999999982e-09), 'k2__noise_level_bounds': (1e-08, np.float64(0.07120039790241456))}","[0.5594079186828416, 0.780136134831351, 0.3767678480379294]",-0.026603602440861254,0.7085797778044856,"[{'type': 'noise_collapse', 'severity': 0.8, 'details': {'noise_level': 1e-08}}]",{'acq': 'UCB'}
5,GP health,0.7211688229540075,-21.350356003161544,0.011465352737786231,1922.0732853710763,1,0.8,['noise_collapse']
5,GP anomalies,Sum,"{'k1': 1.73**2 * Matern(length_scale=[6.3, 6.3, 0.155], nu=1.5), 'k2': WhiteKernel(noise_level=0.0115), 'k1__k1': 1.73**2, 'k1__k2': Matern(length_scale=[6.3, 6.3, 0.155], nu=1.5), 'k1__k1__constant_value': np.float64(2.9783561601575), 'k1__k1__constant_value_bounds': (1e-05, 100000.0), 'k1__k2__length_scale': array([6.30239129, 6.30239129, 0.15461946]), 'k1__k2__length_scale_bounds': (0.006302391292577274, 6.3023912925772745), 'k1__k2__nu': np.float64(1.5), 'k2__noise_level': np.float64(0.01145457175327784), 'k2__noise_level_bounds': (1e-08, np.float64(0.06888368699689985))}",1,0.8,['noise_collapse']
5,3D Drug Combination,UCB,"1.73**2 * Matern(length_scale=[6.3, 6.3, 0.155], nu=1.5) + WhiteKernel(noise_level=0.0115)","{'k1': 1.73**2 * Matern(length_scale=[6.3, 6.3, 0.155], nu=1.5), 'k2': WhiteKernel(noise_level=0.0115), 'k1__k1': 1.73**2, 'k1__k2': Matern(length_scale=[6.3, 6.3, 0.155], nu=1.5), 'k1__k1__constant_value': np.float64(2.9783561601575), 'k1__k1__constant_value_bounds': (1e-05, 100000.0), 'k1__k2__length_scale': array([6.30239129, 6.30239129, 0.15461946]), 'k1__k2__length_scale_bounds': (0.006302391292577274, 6.3023912925772745), 'k1__k2__nu': np.float64(1.5), 'k2__noise_level': np.float64(0.01145457175327784), 'k2__noise_level_bounds': (1e-08, np.float64(0.06888368699689985))}","[0.6357159743650326, 0.862569346199741, 0.453282161397319]",-0.038674422866154495,0.7211688229540075,"[{'type': 'noise_collapse', 'severity': 0.8, 'details': {'noise_level': 1e-08}}]",{'acq': 'UCB'}
6,GP health,0.6979417453592094,-19.621955086981494,1.1090237578451363e-05,13230.155326159102,1,0.8,['noise_collapse']
6,GP anomalies,Sum,"{'k1': 2.05**2 * Matern(length_scale=[6.28, 1.85, 0.172], nu=2.5), 'k2': WhiteKernel(noise_level=1e-08), 'k1__k1': 2.05**2, 'k1__k2': Matern(length_scale=[6.28, 1.85, 0.172], nu=2.5), 'k1__k1__constant_value': np.float64(4.200151958789937), 'k1__k1__constant_value_bounds': (1e-05, 100000.0), 'k1__k2__length_scale': array([6.28451379, 1.85137987, 0.17166869]), 'k1__k2__length_scale_bounds': (0.0062845137933955734, 6.284513793395573), 'k1__k2__nu': np.float64(2.5), 'k2__noise_level': np.float64(9.999999999999982e-09), 'k2__noise_level_bounds': (1e-08, np.float64(0.06621561881830397))}",1,0.8,['noise_collapse']
6,3D Drug Combination,UCB,"2.05**2 * Matern(length_scale=[6.28, 1.85, 0.172], nu=2.5) + WhiteKernel(noise_level=1e-08)","{'k1': 2.05**2 * Matern(length_scale=[6.28, 1.85, 0.172], nu=2.5), 'k2': WhiteKernel(noise_level=1e-08), 'k1__k1': 2.05**2, 'k1__k2': Matern(length_scale=[6.28, 1.85, 0.172], nu=2.5), 'k1__k1__constant_value': np.float64(4.200151958789937), 'k1__k1__constant_value_bounds': (1e-05, 100000.0), 'k1__k2__length_scale': array([6.28451379, 1.85137987, 0.17166869]), 'k1__k2__length_scale_bounds': (0.0062845137933955734, 6.284513793395573), 'k1__k2__nu': np.float64(2.5), 'k2__noise_level': np.float64(9.999999999999982e-09), 'k2__noise_level_bounds': (1e-08, np.float64(0.06621561881830397))}","[0.6229744356132404, 0.9036544288873143, 0.40234255660142676]",-0.030426516770005782,0.6979417453592094,"[{'type': 'noise_collapse', 'severity': 0.8, 'details': {'noise_level': 1e-08}}]",{'acq': 'UCB'}
7,GP health,0.6869064712674254,-18.211977781985613,1.105130293529771e-05,30483.56435548174,1,0.8,['noise_collapse']
7,GP anomalies,Sum,"{'k1': 2.18**2 * Matern(length_scale=[6.27, 1.96, 0.184], nu=2.5), 'k2': WhiteKernel(noise_level=1e-08), 'k1__k1': 2.18**2, 'k1__k2': Matern(length_scale=[6.27, 1.96, 0.184], nu=2.5), 'k1__k1__constant_value': np.float64(4.758488321501634), 'k1__k1__constant_value_bounds': (1e-05, 100000.0), 'k1__k2__length_scale': array([6.26918826, 1.96245248, 0.18356033]), 'k1__k2__length_scale_bounds': (0.0062691882559731205, 6.269188255973121), 'k1__k2__nu': np.float64(2.5), 'k2__noise_level': np.float64(9.999999999999982e-09), 'k2__noise_level_bounds': (1e-08, np.float64(0.06381997210044763))}",1,0.8,['noise_collapse']
7,3D Drug Combination,UCB,"2.18**2 * Matern(length_scale=[6.27, 1.96, 0.184], nu=2.5) + WhiteKernel(noise_level=1e-08)","{'k1': 2.18**2 * Matern(length_scale=[6.27, 1.96, 0.184], nu=2.5), 'k2': WhiteKernel(noise_level=1e-08), 'k1__k1': 2.18**2, 'k1__k2': Matern(length_scale=[6.27, 1.96, 0.184], nu=2.5), 'k1__k1__constant_value': np.float64(4.758488321501634), 'k1__k1__constant_value_bounds': (1e-05, 100000.0), 'k1__k2__length_scale': array([6.26918826, 1.96245248, 0.18356033]), 'k1__k2__length_scale_bounds': (0.0062691882559731205, 6.269188255973121), 'k1__k2__nu': np.float64(2.5), 'k2__noise_level': np.float64(9.999999999999982e-09), 'k2__noise_level_bounds': (1e-08, np.float64(0.06381997210044763))}","[0.7120498120393691, 0.8089771832100583, 0.3566651312291492]",-0.03045809613631846,0.6869064712674254,"[{'type': 'noise_collapse', 'severity': 0.8, 'details': {'noise_level': 1e-08}}]",{'acq': 'UCB'}
8,GP health,0.7130527791225715,-19.81348263685006,0.009236804090978113,3813.4451596959543,1,0.8,['noise_collapse']
8,GP anomalies,Sum,"{'k1': 1.82**2 * Matern(length_scale=[6.23, 6.23, 0.171], nu=1.5), 'k2': WhiteKernel(noise_level=0.00763), 'k1__k1': 1.82**2, 'k1__k2': Matern(length_scale=[6.23, 6.23, 0.171], nu=1.5), 'k1__k1__constant_value': np.float64(3.3177021982196773), 'k1__k1__constant_value_bounds': (1e-05, 100000.0), 'k1__k2__length_scale': array([6.2293035 , 6.2293035 , 0.17107842]), 'k1__k2__length_scale_bounds': (0.006229303504374764, 6.229303504374764), 'k1__k2__nu': np.float64(1.5), 'k2__noise_level': np.float64(0.007629504603703865), 'k2__noise_level_bounds': (1e-08, np.float64(0.06146416861137858))}",1,0.8,['noise_collapse']
8,3D Drug Combination,UCB,"1.82**2 * Matern(length_scale=[6.23, 6.23, 0.171], nu=1.5) + WhiteKernel(noise_level=0.00763)","{'k1': 1.82**2 * Matern(length_scale=[6.23, 6.23, 0.171], nu=1.5), 'k2': WhiteKernel(noise_level=0.00763), 'k1__k1': 1.82**2, 'k1__k2': Matern(length_scale=[6.23, 6.23, 0.171], nu=1.5), 'k1__k1__constant_value': np.float64(3.3177021982196773), 'k1__k1__constant_value_bounds': (1e-05, 100000.0), 'k1__k2__length_scale': array([6.2293035 , 6.2293035 , 0.17107842]), 'k1__k2__length_scale_bounds': (0.006229303504374764, 6.229303504374764), 'k1__k2__nu': np.float64(1.5), 'k2__noise_level': np.float64(0.007629504603703865), 'k2__noise_level_bounds': (1e-08, np.float64(0.06146416861137858))}","[0.46771596665495296, 0.8456125711710948, 0.36768322283771543]",-0.029246195589959292,0.7130527791225715,"[{'type': 'noise_collapse', 'severity': 0.8, 'details': {'noise_level': 1e-08}}]",{'acq': 'UCB'}
9,GP health,0.6707711481535786,-14.643588383837649,1.0955379964971844e-05,111653.85610404579,1,0.8,['noise_collapse']
9,GP anomalies,Sum,"{'k1': 2.26**2 * Matern(length_scale=[6.17, 2.08, 0.192], nu=2.5), 'k2': WhiteKernel(noise_level=1e-08), 'k1__k1': 2.26**2, 'k1__k2': Matern(length_scale=[6.17, 2.08, 0.192], nu=2.5), 'k1__k1__constant_value': np.float64(5.104760555397581), 'k1__k1__constant_value_bounds': (1e-05, 100000.0), 'k1__k2__length_scale': array([6.16511056, 2.08185565, 0.19162169]), 'k1__k2__length_scale_bounds': (0.006165110561010768, 6.165110561010768), 'k1__k2__nu': np.float64(2.5), 'k2__noise_level': np.float64(9.999999999999982e-09), 'k2__noise_level_bounds': (1e-08, np.float64(0.059185820914736696))}",1,0.8,['noise_collapse']
9,3D Drug Combination,UCB,"2.26**2 * Matern(length_scale=[6.17, 2.08, 0.192], nu=2.5) + WhiteKernel(noise_level=1e-08)","{'k1': 2.26**2 * Matern(length_scale=[6.17, 2.08, 0.192], nu=2.5), 'k2': WhiteKernel(noise_level=1e-08), 'k1__k1': 2.26**2, 'k1__k2': Matern(length_scale=[6.17, 2.08, 0.192], nu=2.5), 'k1__k1__constant_value': np.float64(5.104760555397581), 'k1__k1__constant_value_bounds': (1e-05, 100000.0), 'k1__k2__length_scale': array([6.16511056, 2.08185565, 0.19162169]), 'k1__k2__length_scale_bounds': (0.006165110561010768, 6.165110561010768), 'k1__k2__nu': np.float64(2.5), 'k2__noise_level': np.float64(9.999999999999982e-09), 'k2__noise_level_bounds': (1e-08, np.float64(0.059185820914736696))}","[0.45355343757694, 0.6768692586047809, 0.3672962856741829]",-0.02657917679590524,0.6707711481535786,"[{'type': 'noise_collapse', 'severity': 0.8, 'details': {'noise_level': 1e-08}}]",{'acq': 'UCB'}
10,GP health,0.6910849840046103,-16.819943964336332,1.0911341297467585e-05,24535.4059619049,1,0.8,['noise_collapse']
10,GP anomalies,Sum,"{'k1': 1.87**2 * Matern(length_scale=[6.06, 3.21, 0.195], nu=1.5), 'k2': WhiteKernel(noise_level=1e-08), 'k1__k1': 1.87**2, 'k1__k2': Matern(length_scale=[6.06, 3.21, 0.195], nu=1.5), 'k1__k1__constant_value': np.float64(3.4941588302848743), 'k1__k1__constant_value_bounds': (1e-05, 100000.0), 'k1__k2__length_scale': array([6.05525817, 3.20587713, 0.19504211]), 'k1__k2__length_scale_bounds': (0.0060552581748281285, 6.055258174828129), 'k1__k2__nu': np.float64(1.5), 'k2__noise_level': np.float64(9.999999999999982e-09), 'k2__noise_level_bounds': (1e-08, np.float64(0.05701535326212228))}",1,0.8,['noise_collapse']
10,3D Drug Combination,UCB,"1.87**2 * Matern(length_scale=[6.06, 3.21, 0.195], nu=1.5) + WhiteKernel(noise_level=1e-08)","{'k1': 1.87**2 * Matern(length_scale=[6.06, 3.21, 0.195], nu=1.5), 'k2': WhiteKernel(noise_level=1e-08), 'k1__k1': 1.87**2, 'k1__k2': Matern(length_scale=[6.06, 3.21, 0.195], nu=1.5), 'k1__k1__constant_value': np.float64(3.4941588302848743), 'k1__k1__constant_value_bounds': (1e-05, 100000.0), 'k1__k2__length_scale': array([6.05525817, 3.20587713, 0.19504211]), 'k1__k2__length_scale_bounds': (0.0060552581748281285, 6.055258174828129), 'k1__k2__nu': np.float64(1.5), 'k2__noise_level': np.float64(9.999999999999982e-09), 'k2__noise_level_bounds': (1e-08, np.float64(0.05701535326212228))}","[0.33009461989178784, 0.681376218220119, 0.40463183284680226]",-0.030759539314482644,0.6910849840046103,"[{'type': 'noise_collapse', 'severity': 0.8, 'details': {'noise_level': 1e-08}}]",{'acq': 'UCB'}
11,GP health,0.6483690637490089,-10.17372219713091,1.0846829082542306e-05,660874.4403358625,1,0.8,['noise_collapse']
11,GP anomalies,Sum,"{'k1': 2.47**2 * Matern(length_scale=[5.97, 2.22, 0.211], nu=2.5), 'k2': WhiteKernel(noise_level=1e-08), 'k1__k1': 2.47**2, 'k1__k2': Matern(length_scale=[5.97, 2.22, 0.211], nu=2.5), 'k1__k1__constant_value': np.float64(6.076873814955437), 'k1__k1__constant_value_bounds': (1e-05, 100000.0), 'k1__k2__length_scale': array([5.96581205, 2.22078994, 0.21050467]), 'k1__k2__length_scale_bounds': (0.005965812053449046, 5.965812053449047), 'k1__k2__nu': np.float64(2.5), 'k2__noise_level': np.float64(9.999999999999982e-09), 'k2__noise_level_bounds': (1e-08, np.float64(0.05482015911180004))}",1,0.8,['noise_collapse']
11,3D Drug Combination,UCB,"2.47**2 * Matern(length_scale=[5.97, 2.22, 0.211], nu=2.5) + WhiteKernel(noise_level=1e-08)","{'k1': 2.47**2 * Matern(length_scale=[5.97, 2.22, 0.211], nu=2.5), 'k2': WhiteKernel(noise_level=1e-08), 'k1__k1': 2.47**2, 'k1__k2': Matern(length_scale=[5.97, 2.22, 0.211], nu=2.5), 'k1__k1__constant_value': np.float64(6.076873814955437), 'k1__k1__constant_value_bounds': (1e-05, 100000.0), 'k1__k2__length_scale': array([5.96581205, 2.22078994, 0.21050467]), 'k1__k2__length_scale_bounds': (0.005965812053449046, 5.965812053449047), 'k1__k2__nu': np.float64(2.5), 'k2__noise_level': np.float64(9.999999999999982e-09), 'k2__noise_level_bounds': (1e-08, np.float64(0.05482015911180004))}","[0.5140339457194001, 0.6410214281668659, 0.3865927260990145]",-0.02702207144119871,0.6483690637490089,"[{'type': 'noise_collapse', 'severity': 0.8, 'details': {'noise_level': 1e-08}}]",{'acq': 'UCB'}
12,GP health,0.678567157505041,-13.980417213473746,1.07921916709156e-05,67427.97279994491,1,0.8,['noise_collapse']
12,GP anomalies,Sum,"{'k1': 1.9**2 * Matern(length_scale=[5.86, 3.32, 0.204], nu=1.5), 'k2': WhiteKernel(noise_level=1e-08), 'k1__k1': 1.9**2, 'k1__k2': Matern(length_scale=[5.86, 3.32, 0.204], nu=1.5), 'k1__k1__constant_value': np.float64(3.6138941716050885), 'k1__k1__constant_value_bounds': (1e-05, 100000.0), 'k1__k2__length_scale': array([5.85762238, 3.32449237, 0.20397156]), 'k1__k2__length_scale_bounds': (0.00585762238292596, 5.85762238292596), 'k1__k2__nu': np.float64(1.5), 'k2__noise_level': np.float64(9.999999999999982e-09), 'k2__noise_level_bounds': (1e-08, np.float64(0.05275582222192059))}",1,0.8,['noise_collapse']
12,3D Drug Combination,UCB,"1.9**2 * Matern(length_scale=[5.86, 3.32, 0.204], nu=1.5) + WhiteKernel(noise_level=1e-08)","{'k1': 1.9**2 * Matern(length_scale=[5.86, 3.32, 0.204], nu=1.5), 'k2': WhiteKernel(noise_level=1e-08), 'k1__k1': 1.9**2, 'k1__k2': Matern(length_scale=[5.86, 3.32, 0.204], nu=1.5), 'k1__k1__constant_value': np.float64(3.6138941716050885), 'k1__k1__constant_value_bounds': (1e-05, 100000.0), 'k1__k2__length_scale': array([5.85762238, 3.32449237, 0.20397156]), 'k1__k2__length_scale_bounds': (0.00585762238292596, 5.85762238292596), 'k1__k2__nu': np.float64(1.5), 'k2__noise_level': np.float64(9.999999999999982e-09), 'k2__noise_level_bounds': (1e-08, np.float64(0.05275582222192059))}","[0.3415653516520962, 0.6272638686064048, 0.3798705976548498]",-0.027432269226516294,0.678567157505041,"[{'type': 'noise_collapse', 'severity': 0.8, 'details': {'noise_level': 1e-08}}]",{'acq': 'UCB'}
13,GP health,0.6284274485222103,-3.8949399319842186,1.0732795031984531e-05,3626226.0931813032,1,0.8,['noise_collapse']
13,GP anomalies,Sum,"{'k1': 2.68**2 * Matern(length_scale=[5.76, 2.39, 0.228], nu=2.5), 'k2': WhiteKernel(noise_level=1e-08), 'k1__k1': 2.68**2, 'k1__k2': Matern(length_scale=[5.76, 2.39, 0.228], nu=2.5), 'k1__k1__constant_value': np.float64(7.191901567846427), 'k1__k1__constant_value_bounds': (1e-05, 100000.0), 'k1__k2__length_scale': array([5.76467811, 2.39189041, 0.22794713]), 'k1__k2__length_scale_bounds': (0.0057646781057906216, 5.764678105790622), 'k1__k2__nu': np.float64(2.5), 'k2__noise_level': np.float64(9.999999999999982e-09), 'k2__noise_level_bounds': (1e-08, np.float64(0.050745599356602354))}",1,0.8,['noise_collapse']
13,3D Drug Combination,UCB,"2.68**2 * Matern(length_scale=[5.76, 2.39, 0.228], nu=2.5) + WhiteKernel(noise_level=1e-08)","{'k1': 2.68**2 * Matern(length_scale=[5.76, 2.39, 0.228], nu=2.5), 'k2': WhiteKernel(noise_level=1e-08), 'k1__k1': 2.68**2, 'k1__k2': Matern(length_scale=[5.76, 2.39, 0.228], nu=2.5), 'k1__k1__constant_value': np.float64(7.191901567846427), 'k1__k1__constant_value_bounds': (1e-05, 100000.0), 'k1__k2__length_scale': array([5.76467811, 2.39189041, 0.22794713]), 'k1__k2__length_scale_bounds': (0.0057646781057906216, 5.764678105790622), 'k1__k2__nu': np.float64(2.5), 'k2__noise_level': np.float64(9.999999999999982e-09), 'k2__noise_level_bounds': (1e-08, np.float64(0.050745599356602354))}","[0.542616420946185, 0.6552594810377551, 0.3724509660108544]",-0.026000984457027997,0.6284274485222103,"[{'type': 'noise_collapse', 'severity': 0.8, 'details': {'noise_level': 1e-08}}]",{'acq': 'UCB'}
14,GP health,0.660132498330681,-9.466467808625573,1.0675459455549136e-05,304153.1823802447,1,0.8,['noise_collapse']
14,GP anomalies,Sum,"{'k1': 1.92**2 * Matern(length_scale=[5.67, 3.42, 0.211], nu=1.5), 'k2': WhiteKernel(noise_level=1e-08), 'k1__k1': 1.92**2, 'k1__k2': Matern(length_scale=[5.67, 3.42, 0.211], nu=1.5), 'k1__k1__constant_value': np.float64(3.6909824088180936), 'k1__k1__constant_value_bounds': (1e-05, 100000.0), 'k1__k2__length_scale': array([5.66745194, 3.41799255, 0.21131831]), 'k1__k2__length_scale_bounds': (0.0056674519356827045, 5.6674519356827044), 'k1__k2__nu': np.float64(1.5), 'k2__noise_level': np.float64(9.999999999999982e-09), 'k2__noise_level_bounds': (1e-08, np.float64(0.04881963204731465))}",1,0.8,['noise_collapse']
14,3D Drug Combination,UCB,"1.92**2 * Matern(length_scale=[5.67, 3.42, 0.211], nu=1.5) + WhiteKernel(noise_level=1e-08)","{'k1': 1.92**2 * Matern(length_scale=[5.67, 3.42, 0.211], nu=1.5), 'k2': WhiteKernel(noise_level=1e-08), 'k1__k1': 1.92**2, 'k1__k2': Matern(length_scale=[5.67, 3.42, 0.211], nu=1.5), 'k1__k1__constant_value': np.float64(3.6909824088180936), 'k1__k1__constant_value_bounds': (1e-05, 100000.0), 'k1__k2__length_scale': array([5.66745194, 3.41799255, 0.21131831]), 'k1__k2__length_scale_bounds': (0.0056674519356827045, 5.6674519356827044), 'k1__k2__nu': np.float64(1.5), 'k2__noise_level': np.float64(9.999999999999982e-09), 'k2__noise_level_bounds': (1e-08, np.float64(0.04881963204731465))}","[0.655456302252894, 0.6175518614731422, 0.410239584525028]",-0.03155686640405046,0.660132498330681,"[{'type': 'noise_collapse', 'severity': 0.8, 'details': {'noise_level': 1e-08}}]",{'acq': 'UCB'}
15,GP health,0.6599050187444429,-8.082894286565573,1.0599744310973459e-05,331885.1874467332,1,0.8,['noise_collapse']
15,GP anomalies,Sum,"{'k1': 1.94**2 * Matern(length_scale=[5.59, 3.44, 0.216], nu=1.5), 'k2': WhiteKernel(noise_level=1e-08), 'k1__k1': 1.94**2, 'k1__k2': Matern(length_scale=[5.59, 3.44, 0.216], nu=1.5), 'k1__k1__constant_value': np.float64(3.755994544103306), 'k1__k1__constant_value_bounds': (1e-05, 100000.0), 'k1__k2__length_scale': array([5.59312362, 3.43733803, 0.21610518]), 'k1__k2__length_scale_bounds': (0.0055931236247217, 5.5931236247216995), 'k1__k2__nu': np.float64(1.5), 'k2__noise_level': np.float64(9.999999999999982e-09), 'k2__noise_level_bounds': (1e-08, np.float64(0.04688423676873432))}",1,0.8,['noise_collapse']
15,3D Drug Combination,UCB,"1.94**2 * Matern(length_scale=[5.59, 3.44, 0.216], nu=1.5) + WhiteKernel(noise_level=1e-08)","{'k1': 1.94**2 * Matern(length_scale=[5.59, 3.44, 0.216], nu=1.5), 'k2': WhiteKernel(noise_level=1e-08), 'k1__k1': 1.94**2, 'k1__k2': Matern(length_scale=[5.59, 3.44, 0.216], nu=1.5), 'k1__k1__constant_value': np.float64(3.755994544103306), 'k1__k1__constant_value_bounds': (1e-05, 100000.0), 'k1__k2__length_scale': array([5.59312362, 3.43733803, 0.21610518]), 'k1__k2__length_scale_bounds': (0.0055931236247217, 5.5931236247216995), 'k1__k2__nu': np.float64(1.5), 'k2__noise_level': np.float64(9.999999999999982e-09), 'k2__noise_level_bounds': (1e-08, np.float64(0.04688423676873432))}","[0.569920665864608, 0.5994525002993679, 0.36034833309742487]",-0.027820676762917114,0.6599050187444429,"[{'type': 'noise_collapse', 'severity': 0.8, 'details': {'noise_level': 1e-08}}]",{'acq': 'UCB'}
16,GP health,0.6593083577760035,-6.049332802282521,1.053384530654696e-05,384225.30729019386,1,0.8,['noise_collapse']
16,GP anomalies,Sum,"{'k1': 1.96**2 * Matern(length_scale=[5.5, 3.53, 0.22], nu=1.5), 'k2': WhiteKernel(noise_level=1e-08), 'k1__k1': 1.96**2, 'k1__k2': Matern(length_scale=[5.5, 3.53, 0.22], nu=1.5), 'k1__k1__constant_value': np.float64(3.850441033942606), 'k1__k1__constant_value_bounds': (1e-05, 100000.0), 'k1__k2__length_scale': array([5.50306879, 3.5307492 , 0.22045875]), 'k1__k2__length_scale_bounds': (0.005503068792908898, 5.503068792908898), 'k1__k2__nu': np.float64(1.5), 'k2__noise_level': np.float64(9.999999999999982e-09), 'k2__noise_level_bounds': (1e-08, np.float64(0.04506526834131096))}",1,0.8,['noise_collapse']
16,3D Drug Combination,UCB,"1.96**2 * Matern(length_scale=[5.5, 3.53, 0.22], nu=1.5) + WhiteKernel(noise_level=1e-08)","{'k1': 1.96**2 * Matern(length_scale=[5.5, 3.53, 0.22], nu=1.5), 'k2': WhiteKernel(noise_level=1e-08), 'k1__k1': 1.96**2, 'k1__k2': Matern(length_scale=[5.5, 3.53, 0.22], nu=1.5), 'k1__k1__constant_value': np.float64(3.850441033942606), 'k1__k1__constant_value_bounds': (1e-05, 100000.0), 'k1__k2__length_scale': array([5.50306879, 3.5307492 , 0.22045875]), 'k1__k2__length_scale_bounds': (0.005503068792908898, 5.503068792908898), 'k1__k2__nu': np.float64(1.5), 'k2__noise_level': np.float64(9.999999999999982e-09), 'k2__noise_level_bounds': (1e-08, np.float64(0.04506526834131096))}","[0.6306012872484106, 0.652155498723262, 0.38457607301396474]",-0.026588956618420388,0.6593083577760035,"[{'type': 'noise_collapse', 'severity': 0.8, 'details': {'noise_level': 1e-08}}]",{'acq': 'UCB'}
17,GP health,0.6254324370184507,10.250957462406198,1.047012104143983e-05,38556579.97826341,1,0.8,['noise_collapse']
17,GP anomalies,Sum,"{'k1': 1.7**2 * RBF(length_scale=[5.43, 1.08, 0.0973]), 'k2': WhiteKernel(noise_level=3.31e-06), 'k1__k1': 1.7**2, 'k1__k2': RBF(length_scale=[5.43, 1.08, 0.0973]), 'k1__k1__constant_value': np.float64(2.903272757019968), 'k1__k1__constant_value_bounds': (1e-05, 100000.0), 'k1__k2__length_scale': array([5.42633018, 1.07814572, 0.09730779]), 'k1__k2__length_scale_bounds': (0.005426330177264915, 5.426330177264914), 'k2__noise_level': np.float64(3.3101675898241547e-06), 'k2__noise_level_bounds': (1e-08, np.float64(0.04332505479513274))}",1,0.8,['noise_collapse']
17,3D Drug Combination,UCB,"1.7**2 * RBF(length_scale=[5.43, 1.08, 0.0973]) + WhiteKernel(noise_level=3.31e-06)","{'k1': 1.7**2 * RBF(length_scale=[5.43, 1.08, 0.0973]), 'k2': WhiteKernel(noise_level=3.31e-06), 'k1__k1': 1.7**2, 'k1__k2': RBF(length_scale=[5.43, 1.08, 0.0973]), 'k1__k1__constant_value': np.float64(2.903272757019968), 'k1__k1__constant_value_bounds': (1e-05, 100000.0), 'k1__k2__length_scale': array([5.42633018, 1.07814572, 0.09730779]), 'k1__k2__length_scale_bounds': (0.005426330177264915, 5.426330177264914), 'k2__noise_level': np.float64(3.3101675898241547e-06), 'k2__noise_level_bounds': (1e-08, np.float64(0.04332505479513274))}","[0.6204232301018957, 0.7094274104414505, 0.37309309455894896]",-0.02585709011810424,0.6254324370184507,"[{'type': 'noise_collapse', 'severity': 0.8, 'details': {'noise_level': 1e-08}}]",{'acq': 'UCB'}
18,GP health,0.651858555165969,-0.4270618834450488,1.040782820359787e-05,860083.858693312,1,0.8,['noise_collapse']
18,GP anomalies,Sum,"{'k1': 1.87**2 * Matern(length_scale=[5.36, 3.44, 0.212], nu=1.5), 'k2': WhiteKernel(noise_level=1e-08), 'k1__k1': 1.87**2, 'k1__k2': Matern(length_scale=[5.36, 3.44, 0.212], nu=1.5), 'k1__k1__constant_value': np.float64(3.5020449904901554), 'k1__k1__constant_value_bounds': (1e-05, 100000.0), 'k1__k2__length_scale': array([5.35517444, 3.43618214, 0.21233265]), 'k1__k2__length_scale_bounds': (0.005355174442944702, 5.355174442944701), 'k1__k2__nu': np.float64(1.5), 'k2__noise_level': np.float64(9.999999999999982e-09), 'k2__noise_level_bounds': (1e-08, np.float64(0.041654560427003516))}",1,0.8,['noise_collapse']
18,3D Drug Combination,UCB,"1.87**2 * Matern(length_scale=[5.36, 3.44, 0.212], nu=1.5) + WhiteKernel(noise_level=1e-08)","{'k1': 1.87**2 * Matern(length_scale=[5.36, 3.44, 0.212], nu=1.5), 'k2': WhiteKernel(noise_level=1e-08), 'k1__k1': 1.87**2, 'k1__k2': Matern(length_scale=[5.36, 3.44, 0.212], nu=1.5), 'k1__k1__constant_value': np.float64(3.5020449904901554), 'k1__k1__constant_value_bounds': (1e-05, 100000.0), 'k1__k2__length_scale': array([5.35517444, 3.43618214, 0.21233265]), 'k1__k2__length_scale_bounds': (0.005355174442944702, 5.355174442944701), 'k1__k2__nu': np.float64(1.5), 'k2__noise_level': np.float64(9.999999999999982e-09), 'k2__noise_level_bounds': (1e-08, np.float64(0.041654560427003516))}","[0.7899266784154655, 0.7312173646955789, 0.36914238528876464]",-0.026720645071999054,0.651858555165969,"[{'type': 'noise_collapse', 'severity': 0.8, 'details': {'noise_level': 1e-08}}]",{'acq': 'UCB'}
19,GP health,0.6038264233335654,19.089277751101093,1.0341602292799927e-05,180201437.84892848,1,0.8,['noise_collapse']
19,GP anomalies,Sum,"{'k1': 1.74**2 * RBF(length_scale=[3.73, 1.14, 0.097]), 'k2': WhiteKernel(noise_level=5.16e-07), 'k1__k1': 1.74**2, 'k1__k2': RBF(length_scale=[3.73, 1.14, 0.097]), 'k1__k1__constant_value': np.float64(3.026916875269871), 'k1__k1__constant_value_bounds': (1e-05, 100000.0), 'k1__k2__length_scale': array([3.73108225, 1.13964356, 0.0969863 ]), 'k1__k2__length_scale_bounds': (0.005334040954389943, 5.334040954389943), 'k2__noise_level': np.float64(5.158948400519513e-07), 'k2__noise_level_bounds': (1e-08, np.float64(0.040035658349844946))}",1,0.8,['noise_collapse']
19,3D Drug Combination,UCB,"1.74**2 * RBF(length_scale=[3.73, 1.14, 0.097]) + WhiteKernel(noise_level=5.16e-07)","{'k1': 1.74**2 * RBF(length_scale=[3.73, 1.14, 0.097]), 'k2': WhiteKernel(noise_level=5.16e-07), 'k1__k1': 1.74**2, 'k1__k2': RBF(length_scale=[3.73, 1.14, 0.097]), 'k1__k1__constant_value': np.float64(3.026916875269871), 'k1__k1__constant_value_bounds': (1e-05, 100000.0), 'k1__k2__length_scale': array([3.73108225, 1.13964356, 0.0969863 ]), 'k1__k2__length_scale_bounds': (0.005334040954389943, 5.334040954389943), 'k2__noise_level': np.float64(5.158948400519513e-07), 'k2__noise_level_bounds': (1e-08, np.float64(0.040035658349844946))}","[0.6202700525232211, 0.7050137068691468, 0.3750213221148991]",-0.025861590262816127,0.6038264233335654,"[{'type': 'noise_collapse', 'severity': 0.8, 'details': {'noise_level': 1e-08}}]",{'acq': 'UCB'}
20,GP health,0.6304197241136559,5.705952471210075,1.0278662141000423e-05,5195948.985464046,1,0.8,['noise_collapse']
20,GP anomalies,Sum,"{'k1': 1.86**2 * Matern(length_scale=[5.26, 3.41, 0.215], nu=1.5), 'k2': WhiteKernel(noise_level=1e-08), 'k1__k1': 1.86**2, 'k1__k2': Matern(length_scale=[5.26, 3.41, 0.215], nu=1.5), 'k1__k1__constant_value': np.float64(3.4601621644629676), 'k1__k1__constant_value_bounds': (1e-05, 100000.0), 'k1__k2__length_scale': array([5.26246372, 3.4125856 , 0.21514745]), 'k1__k2__length_scale_bounds': (0.005262463717967335, 5.262463717967335), 'k1__k2__nu': np.float64(1.5), 'k2__noise_level': np.float64(9.999999999999982e-09), 'k2__noise_level_bounds': (1e-08, np.float64(0.03848465978098879))}",1,0.8,['noise_collapse']
20,3D Drug Combination,UCB,"1.86**2 * Matern(length_scale=[5.26, 3.41, 0.215], nu=1.5) + WhiteKernel(noise_level=1e-08)","{'k1': 1.86**2 * Matern(length_scale=[5.26, 3.41, 0.215], nu=1.5), 'k2': WhiteKernel(noise_level=1e-08), 'k1__k1': 1.86**2, 'k1__k2': Matern(length_scale=[5.26, 3.41, 0.215], nu=1.5), 'k1__k1__constant_value': np.float64(3.4601621644629676), 'k1__k1__constant_value_bounds': (1e-05, 100000.0), 'k1__k2__length_scale': array([5.26246372, 3.4125856 , 0.21514745]), 'k1__k2__length_scale_bounds': (0.005262463717967335, 5.262463717967335), 'k1__k2__nu': np.float64(1.5), 'k2__noise_level': np.float64(9.999999999999982e-09), 'k2__noise_level_bounds': (1e-08, np.float64(0.03848465978098879))}","[0.6803726687082771, 0.818424250812522, 0.3874693083813836]",-0.027563809180533305,0.6304197241136559,"[{'type': 'noise_collapse', 'severity': 0.8, 'details': {'noise_level': 1e-08}}]",{'acq': 'UCB'}
21,GP health,0.6307946525484159,7.853678942126628,1.0210797761894648e-05,5658294.280844717,1,0.8,['noise_collapse']
21,GP anomalies,Sum,"{'k1': 1.88**2 * Matern(length_scale=[5.23, 3.48, 0.219], nu=1.5), 'k2': WhiteKernel(noise_level=1e-08), 'k1__k1': 1.88**2, 'k1__k2': Matern(length_scale=[5.23, 3.48, 0.219], nu=1.5), 'k1__k1__constant_value': np.float64(3.5506365439936736), 'k1__k1__constant_value_bounds': (1e-05, 100000.0), 'k1__k2__length_scale': array([5.22519066, 3.48193641, 0.21938805]), 'k1__k2__length_scale_bounds': (0.005225190655535122, 5.225190655535123), 'k1__k2__nu': np.float64(1.5), 'k2__noise_level': np.float64(9.999999999999982e-09), 'k2__noise_level_bounds': (1e-08, np.float64(0.03697722285320861))}",1,0.8,['noise_collapse']
21,3D Drug Combination,UCB,"1.88**2 * Matern(length_scale=[5.23, 3.48, 0.219], nu=1.5) + WhiteKernel(noise_level=1e-08)","{'k1': 1.88**2 * Matern(length_scale=[5.23, 3.48, 0.219], nu=1.5), 'k2': WhiteKernel(noise_level=1e-08), 'k1__k1': 1.88**2, 'k1__k2': Matern(length_scale=[5.23, 3.48, 0.219], nu=1.5), 'k1__k1__constant_value': np.float64(3.5506365439936736), 'k1__k1__constant_value_bounds': (1e-05, 100000.0), 'k1__k2__length_scale': array([5.22519066, 3.48193641, 0.21938805]), 'k1__k2__length_scale_bounds': (0.005225190655535122, 5.225190655535123), 'k1__k2__nu': np.float64(1.5), 'k2__noise_level': np.float64(9.999999999999982e-09), 'k2__noise_level_bounds': (1e-08, np.float64(0.03697722285320861))}","[0.7023210966522346, 0.6221317100414963, 0.36954188557762024]",-0.026384035902637784,0.6307946525484159,"[{'type': 'noise_collapse', 'severity': 0.8, 'details': {'noise_level': 1e-08}}]",{'acq': 'UCB'}
22,GP health,0.6326536020185008,10.510939895106496,1.0145721730841019e-05,5709252.917518008,1,0.8,['noise_collapse']
22,GP anomalies,Sum,"{'k1': 1.87**2 * Matern(length_scale=[5.17, 3.52, 0.217], nu=1.5), 'k2': WhiteKernel(noise_level=1e-08), 'k1__k1': 1.87**2, 'k1__k2': Matern(length_scale=[5.17, 3.52, 0.217], nu=1.5), 'k1__k1__constant_value': np.float64(3.486435721725006), 'k1__k1__constant_value_bounds': (1e-05, 100000.0), 'k1__k2__length_scale': array([5.16862842, 3.52384525, 0.21717224]), 'k1__k2__length_scale_bounds': (0.005168628419182046, 5.1686284191820455), 'k1__k2__nu': np.float64(1.5), 'k2__noise_level': np.float64(9.999999999999982e-09), 'k2__noise_level_bounds': (1e-08, np.float64(0.035537033344780956))}",1,0.8,['noise_collapse']
22,3D Drug Combination,UCB,"1.87**2 * Matern(length_scale=[5.17, 3.52, 0.217], nu=1.5) + WhiteKernel(noise_level=1e-08)","{'k1': 1.87**2 * Matern(length_scale=[5.17, 3.52, 0.217], nu=1.5), 'k2': WhiteKernel(noise_level=1e-08), 'k1__k1': 1.87**2, 'k1__k2': Matern(length_scale=[5.17, 3.52, 0.217], nu=1.5), 'k1__k1__constant_value': np.float64(3.486435721725006), 'k1__k1__constant_value_bounds': (1e-05, 100000.0), 'k1__k2__length_scale': array([5.16862842, 3.52384525, 0.21717224]), 'k1__k2__length_scale_bounds': (0.005168628419182046, 5.1686284191820455), 'k1__k2__nu': np.float64(1.5), 'k2__noise_level': np.float64(9.999999999999982e-09), 'k2__noise_level_bounds': (1e-08, np.float64(0.035537033344780956))}","[0.5217419000261408, 0.7571779144054642, 0.38403387208607886]",-0.02665883275666145,0.6326536020185008,"[{'type': 'noise_collapse', 'severity': 0.8, 'details': {'noise_level': 1e-08}}]",{'acq': 'UCB'}
23,GP health,0.616534657370675,37.34710708062903,1.0074208657102895e-05,2329278363.0414815,1,0.8,['noise_collapse']
23,GP anomalies,Sum,"{'k1': 1.76**2 * RBF(length_scale=[3.73, 1.1, 0.0964]), 'k2': WhiteKernel(noise_level=5.92e-07), 'k1__k1': 1.76**2, 'k1__k2': RBF(length_scale=[3.73, 1.1, 0.0964]), 'k1__k1__constant_value': np.float64(3.1052735593639853), 'k1__k1__constant_value_bounds': (1e-05, 100000.0), 'k1__k2__length_scale': array([3.73312454, 1.0977932 , 0.09642742]), 'k1__k2__length_scale_bounds': (0.005104232768434583, 5.104232768434582), 'k2__noise_level': np.float64(5.923233097042494e-07), 'k2__noise_level_bounds': (1e-08, np.float64(0.03415004443732362))}",1,0.8,['noise_collapse']
23,3D Drug Combination,UCB,"1.76**2 * RBF(length_scale=[3.73, 1.1, 0.0964]) + WhiteKernel(noise_level=5.92e-07)","{'k1': 1.76**2 * RBF(length_scale=[3.73, 1.1, 0.0964]), 'k2': WhiteKernel(noise_level=5.92e-07), 'k1__k1': 1.76**2, 'k1__k2': RBF(length_scale=[3.73, 1.1, 0.0964]), 'k1__k1__constant_value': np.float64(3.1052735593639853), 'k1__k1__constant_value_bounds': (1e-05, 100000.0), 'k1__k2__length_scale': array([3.73312454, 1.0977932 , 0.09642742]), 'k1__k2__length_scale_bounds': (0.005104232768434583, 5.104232768434582), 'k2__noise_level': np.float64(5.923233097042494e-07), 'k2__noise_level_bounds': (1e-08, np.float64(0.03415004443732362))}","[0.6852919163270069, 0.701109444938001, 0.37616033575496133]",-0.02591674612523248,0.616534657370675,"[{'type': 'noise_collapse', 'severity': 0.8, 'details': {'noise_level': 1e-08}}]",{'acq': 'UCB'}
24,GP health,0.6302130099980852,16.771428451652056,1.0016496642809027e-05,9332427.945010593,1,0.8,['noise_collapse']
24,GP anomalies,Sum,"{'k1': 1.84**2 * Matern(length_scale=[5.05, 3.55, 0.215], nu=1.5), 'k2': WhiteKernel(noise_level=1e-08), 'k1__k1': 1.84**2, 'k1__k2': Matern(length_scale=[5.05, 3.55, 0.215], nu=1.5), 'k1__k1__constant_value': np.float64(3.3889263064611783), 'k1__k1__constant_value_bounds': (1e-05, 100000.0), 'k1__k2__length_scale': array([5.0487253 , 3.54767673, 0.21544397]), 'k1__k2__length_scale_bounds': (0.005048725296439925, 5.048725296439925), 'k1__k2__nu': np.float64(1.5), 'k2__noise_level': np.float64(9.999999999999982e-09), 'k2__noise_level_bounds': (1e-08, np.float64(0.0328217999220083))}",1,0.8,['noise_collapse']
24,3D Drug Combination,UCB,"1.84**2 * Matern(length_scale=[5.05, 3.55, 0.215], nu=1.5) + WhiteKernel(noise_level=1e-08)","{'k1': 1.84**2 * Matern(length_scale=[5.05, 3.55, 0.215], nu=1.5), 'k2': WhiteKernel(noise_level=1e-08), 'k1__k1': 1.84**2, 'k1__k2': Matern(length_scale=[5.05, 3.55, 0.215], nu=1.5), 'k1__k1__constant_value': np.float64(3.3889263064611783), 'k1__k1__constant_value_bounds': (1e-05, 100000.0), 'k1__k2__length_scale': array([5.0487253 , 3.54767673, 0.21544397]), 'k1__k2__length_scale_bounds': (0.005048725296439925, 5.048725296439925), 'k1__k2__nu': np.float64(1.5), 'k2__noise_level': np.float64(9.999999999999982e-09), 'k2__noise_level_bounds': (1e-08, np.float64(0.0328217999220083))}","[0.5994252439510892, 0.6877055869882897, 0.36651776041303696]",-0.026265325311422144,0.6302130099980852,"[{'type': 'noise_collapse', 'severity': 0.8, 'details': {'noise_level': 1e-08}}]",{'acq': 'UCB'}
25,GP health,0.6304653335748035,19.837754552303373,9.952412135180017e-06,10735983.775426405,2,0.75,"['noise_collapse', 'overconfidence']"
25,GP anomalies,Sum,"{'k1': 1.84**2 * Matern(length_scale=[4.98, 3.55, 0.218], nu=1.5), 'k2': WhiteKernel(noise_level=1e-08), 'k1__k1': 1.84**2, 'k1__k2': Matern(length_scale=[4.98, 3.55, 0.218], nu=1.5), 'k1__k1__constant_value': np.float64(3.3989819113437996), 'k1__k1__constant_value_bounds': (1e-05, 100000.0), 'k1__k2__length_scale': array([4.97987934, 3.55359541, 0.21751729]), 'k1__k2__length_scale_bounds': (0.004979879336790235, 4.979879336790235), 'k1__k2__nu': np.float64(1.5), 'k2__noise_level': np.float64(9.999999999999982e-09), 'k2__noise_level_bounds': (1e-08, np.float64(0.031542697891669524))}",2,0.75,"['noise_collapse', 'overconfidence']"
25,3D Drug Combination,UCB,"1.84**2 * Matern(length_scale=[4.98, 3.55, 0.218], nu=1.5) + WhiteKernel(noise_level=1e-08)","{'k1': 1.84**2 * Matern(length_scale=[4.98, 3.55, 0.218], nu=1.5), 'k2': WhiteKernel(noise_level=1e-08), 'k1__k1': 1.84**2, 'k1__k2': Matern(length_scale=[4.98, 3.55, 0.218], nu=1.5), 'k1__k1__constant_value': np.float64(3.3989819113437996), 'k1__k1__constant_value_bounds': (1e-05, 100000.0), 'k1__k2__length_scale': array([4.97987934, 3.55359541, 0.21751729]), 'k1__k2__length_scale_bounds': (0.004979879336790235, 4.979879336790235), 'k1__k2__nu': np.float64(1.5), 'k2__noise_level': np.float64(9.999999999999982e-09), 'k2__noise_level_bounds': (1e-08, np.float64(0.031542697891669524))}","[0.755511139160662, 0.6989158027936248, 0.3838900822601193]",-0.026585827555509263,0.6304653335748035,"[{'type': 'noise_collapse', 'severity': 0.8, 'details': {'noise_level': 1e-08}}, {'type': 'overconfidence', 'severity': 0.7, 'details': {'avg_sigma': 9.952412135180017e-06}}]",{'acq': 'UCB'}
26,GP health,0.6204087917913567,52.588771852325266,2.5953446127237617e-05,2823348478.6197677,1,0.8,['noise_collapse']
26,GP anomalies,Sum,"{'k1': 1.76**2 * RBF(length_scale=[3.55, 1.04, 0.0966]), 'k2': WhiteKernel(noise_level=3.9e-07), 'k1__k1': 1.76**2, 'k1__k2': RBF(length_scale=[3.55, 1.04, 0.0966]), 'k1__k1__constant_value': np.float64(3.0858195165397504), 'k1__k1__constant_value_bounds': (1e-05, 100000.0), 'k1__k2__length_scale': array([3.54682323, 1.04317059, 0.09662885]), 'k1__k2__length_scale_bounds': (0.004942814149932889, 4.9428141499328895), 'k2__noise_level': np.float64(3.8975877473171356e-07), 'k2__noise_level_bounds': (1e-08, np.float64(0.030311672158707167))}",1,0.8,['noise_collapse']
26,3D Drug Combination,UCB,"1.76**2 * RBF(length_scale=[3.55, 1.04, 0.0966]) + WhiteKernel(noise_level=3.9e-07)","{'k1': 1.76**2 * RBF(length_scale=[3.55, 1.04, 0.0966]), 'k2': WhiteKernel(noise_level=3.9e-07), 'k1__k1': 1.76**2, 'k1__k2': RBF(length_scale=[3.55, 1.04, 0.0966]), 'k1__k1__constant_value': np.float64(3.0858195165397504), 'k1__k1__constant_value_bounds': (1e-05, 100000.0), 'k1__k2__length_scale': array([3.54682323, 1.04317059, 0.09662885]), 'k1__k2__length_scale_bounds': (0.004942814149932889, 4.9428141499328895), 'k2__noise_level': np.float64(3.8975877473171356e-07), 'k2__noise_level_bounds': (1e-08, np.float64(0.030311672158707167))}","[0.6529207891103601, 0.6947813982913721, 0.37621202834469736]",-0.025865830053435672,0.6204087917913567,"[{'type': 'noise_collapse', 'severity': 0.8, 'details': {'noise_level': 1e-08}}]",{'acq': 'UCB'}
27,GP health,0.621618812015178,27.32385054842735,9.825616437647041e-06,39157428.811095074,1,0.8,['noise_collapse']
27,GP anomalies,Sum,"{'k1': 1.75**2 * RBF(length_scale=[3.51, 1.02, 0.0967]), 'k2': WhiteKernel(noise_level=3.31e-07), 'k1__k1': 1.75**2, 'k1__k2': RBF(length_scale=[3.51, 1.02, 0.0967]), 'k1__k1__constant_value': np.float64(3.0781835044648713), 'k1__k1__constant_value_bounds': (1e-05, 100000.0), 'k1__k2__length_scale': array([3.50694137, 1.0222695 , 0.09667189]), 'k1__k2__length_scale_bounds': (0.004882706557102287, 4.882706557102287), 'k2__noise_level': np.float64(3.3088058413728145e-07), 'k2__noise_level_bounds': (1e-08, np.float64(0.029133023098812758))}",1,0.8,['noise_collapse']
27,3D Drug Combination,UCB,"1.75**2 * RBF(length_scale=[3.51, 1.02, 0.0967]) + WhiteKernel(noise_level=3.31e-07)","{'k1': 1.75**2 * RBF(length_scale=[3.51, 1.02, 0.0967]), 'k2': WhiteKernel(noise_level=3.31e-07), 'k1__k1': 1.75**2, 'k1__k2': RBF(length_scale=[3.51, 1.02, 0.0967]), 'k1__k1__constant_value': np.float64(3.0781835044648713), 'k1__k1__constant_value_bounds': (1e-05, 100000.0), 'k1__k2__length_scale': array([3.50694137, 1.0222695 , 0.09667189]), 'k1__k2__length_scale_bounds': (0.004882706557102287, 4.882706557102287), 'k2__noise_level': np.float64(3.3088058413728145e-07), 'k2__noise_level_bounds': (1e-08, np.float64(0.029133023098812758))}","[0.5915060358577476, 0.690573225001168, 0.3739570789416205]",-0.025852393505556973,0.621618812015178,"[{'type': 'noise_collapse', 'severity': 0.8, 'details': {'noise_level': 1e-08}}]",{'acq': 'UCB'}
28,GP health,0.6227234204762242,65.58031278560189,1.3637496437033592e-05,12082042929.675835,1,0.8,['noise_collapse']
28,GP anomalies,Sum,"{'k1': 1.75**2 * RBF(length_scale=[3.45, 0.997, 0.0967]), 'k2': WhiteKernel(noise_level=2.78e-07), 'k1__k1': 1.75**2, 'k1__k2': RBF(length_scale=[3.45, 0.997, 0.0967]), 'k1__k1__constant_value': np.float64(3.057953884862504), 'k1__k1__constant_value_bounds': (1e-05, 100000.0), 'k1__k2__length_scale': array([3.45199957, 0.99672877, 0.09671499]), 'k1__k2__length_scale_bounds': (0.004817504827000323, 4.817504827000322), 'k2__noise_level': np.float64(2.7793645650074944e-07), 'k2__noise_level_bounds': (1e-08, np.float64(0.028000631734362756))}",1,0.8,['noise_collapse']
28,3D Drug Combination,UCB,"1.75**2 * RBF(length_scale=[3.45, 0.997, 0.0967]) + WhiteKernel(noise_level=2.78e-07)","{'k1': 1.75**2 * RBF(length_scale=[3.45, 0.997, 0.0967]), 'k2': WhiteKernel(noise_level=2.78e-07), 'k1__k1': 1.75**2, 'k1__k2': RBF(length_scale=[3.45, 0.997, 0.0967]), 'k1__k1__constant_value': np.float64(3.057953884862504), 'k1__k1__constant_value_bounds': (1e-05, 100000.0), 'k1__k2__length_scale': array([3.45199957, 0.99672877, 0.09671499]), 'k1__k2__length_scale_bounds': (0.004817504827000323, 4.817504827000322), 'k2__noise_level': np.float64(2.7793645650074944e-07), 'k2__noise_level_bounds': (1e-08, np.float64(0.028000631734362756))}","[0.5960453489615866, 0.7009861751993387, 0.37528553742194615]",-0.025856078290572918,0.6227234204762242,"[{'type': 'noise_collapse', 'severity': 0.8, 'details': {'noise_level': 1e-08}}]",{'acq': 'UCB'}
29,GP health,0.6235272029327555,72.15400917684022,1.5934541474399783e-05,11197959518.735895,1,0.8,['noise_collapse']
29,GP anomalies,Sum,"{'k1': 1.74**2 * RBF(length_scale=[3.37, 0.964, 0.0968]), 'k2': WhiteKernel(noise_level=2.27e-07), 'k1__k1': 1.74**2, 'k1__k2': RBF(length_scale=[3.37, 0.964, 0.0968]), 'k1__k1__constant_value': np.float64(3.019293553718057), 'k1__k1__constant_value_bounds': (1e-05, 100000.0), 'k1__k2__length_scale': array([3.37305477, 0.96395264, 0.09676015]), 'k1__k2__length_scale_bounds': (0.004754540013461421, 4.754540013461421), 'k2__noise_level': np.float64(2.2741078859978106e-07), 'k2__noise_level_bounds': (1e-08, np.float64(0.026912737427628456))}",1,0.8,['noise_collapse']
29,3D Drug Combination,UCB,"1.74**2 * RBF(length_scale=[3.37, 0.964, 0.0968]) + WhiteKernel(noise_level=2.27e-07)","{'k1': 1.74**2 * RBF(length_scale=[3.37, 0.964, 0.0968]), 'k2': WhiteKernel(noise_level=2.27e-07), 'k1__k1': 1.74**2, 'k1__k2': RBF(length_scale=[3.37, 0.964, 0.0968]), 'k1__k1__constant_value': np.float64(3.019293553718057), 'k1__k1__constant_value_bounds': (1e-05, 100000.0), 'k1__k2__length_scale': array([3.37305477, 0.96395264, 0.09676015]), 'k1__k2__length_scale_bounds': (0.004754540013461421, 4.754540013461421), 'k2__noise_level': np.float64(2.2741078859978106e-07), 'k2__noise_level_bounds': (1e-08, np.float64(0.026912737427628456))}","[0.6198278354038869, 0.6855268270910649, 0.37597838903219133]",-0.02584305968756187,0.6235272029327555,"[{'type': 'noise_collapse', 'severity': 0.8, 'details': {'noise_level': 1e-08}}]",{'acq': 'UCB'}
30,GP health,0.6237931558954123,41.430237800234075,9.641289991585747e-06,85235154.0319605,1,0.8,['noise_collapse']
30,GP anomalies,Sum,"{'k1': 1.72**2 * RBF(length_scale=[3.26, 0.922, 0.0968]), 'k2': WhiteKernel(noise_level=1.78e-07), 'k1__k1': 1.72**2, 'k1__k2': RBF(length_scale=[3.26, 0.922, 0.0968]), 'k1__k1__constant_value': np.float64(2.961404872710228), 'k1__k1__constant_value_bounds': (1e-05, 100000.0), 'k1__k2__length_scale': array([3.26399478, 0.92226226, 0.09682217]), 'k1__k2__length_scale_bounds': (0.004693510487280301, 4.6935104872803), 'k2__noise_level': np.float64(1.7816815032241547e-07), 'k2__noise_level_bounds': (1e-08, np.float64(0.02586778010177428))}",1,0.8,['noise_collapse']
30,3D Drug Combination,UCB,"1.72**2 * RBF(length_scale=[3.26, 0.922, 0.0968]) + WhiteKernel(noise_level=1.78e-07)","{'k1': 1.72**2 * RBF(length_scale=[3.26, 0.922, 0.0968]), 'k2': WhiteKernel(noise_level=1.78e-07), 'k1__k1': 1.72**2, 'k1__k2': RBF(length_scale=[3.26, 0.922, 0.0968]), 'k1__k1__constant_value': np.float64(2.961404872710228), 'k1__k1__constant_value_bounds': (1e-05, 100000.0), 'k1__k2__length_scale': array([3.26399478, 0.92226226, 0.09682217]), 'k1__k2__length_scale_bounds': (0.004693510487280301, 4.6935104872803), 'k2__noise_level': np.float64(1.7816815032241547e-07), 'k2__noise_level_bounds': (1e-08, np.float64(0.02586778010177428))}","[0.640931300438917, 0.6914553408403503, 0.37345429118746265]",-0.025850150558601105,0.6237931558954123,"[{'type': 'noise_collapse', 'severity': 0.8, 'details': {'noise_level': 1e-08}}]",{'acq': 'UCB'}
