1,GP health,0.7476164571182046,-13.263847893322355,0.05261874394477098,236.45629717988993,1,0.8,['noise_collapse']
1,GP anomalies,Sum,"{'k1': 0.874**2 * RBF(length_scale=[0.0378, 5.72]), 'k2': WhiteKernel(noise_level=0.0238), 'k1__k1': 0.874**2, 'k1__k2': RBF(length_scale=[0.0378, 5.72]), 'k1__k1__constant_value': np.float64(0.7641024750178762), 'k1__k1__constant_value_bounds': (0.001, 1000.0), 'k1__k2__length_scale': array([0.03781816, 5.71942389]), 'k1__k2__length_scale_bounds': (0.005719423885670696, 5.719423885670696), 'k2__noise_level': np.float64(0.02381345734967809), 'k2__noise_level_bounds': (1e-08, np.float64(0.27700626221430097))}",1,0.8,['noise_collapse']
1,2D Noisy Log-Likelihood,EI,"0.874**2 * RBF(length_scale=[0.0378, 5.72]) + WhiteKernel(noise_level=0.0238)","{'k1': 0.874**2 * RBF(length_scale=[0.0378, 5.72]), 'k2': WhiteKernel(noise_level=0.0238), 'k1__k1': 0.874**2, 'k1__k2': RBF(length_scale=[0.0378, 5.72]), 'k1__k1__constant_value': np.float64(0.7641024750178762), 'k1__k1__constant_value_bounds': (0.001, 1000.0), 'k1__k2__length_scale': array([0.03781816, 5.71942389]), 'k1__k2__length_scale_bounds': (0.005719423885670696, 5.719423885670696), 'k2__noise_level': np.float64(0.02381345734967809), 'k2__noise_level_bounds': (1e-08, np.float64(0.27700626221430097))}","[0.24102546602601171, 0.6832635188254582]",0.2697059213293772,0.7476164571182046,"[{'type': 'noise_collapse', 'severity': 0.8, 'details': {'noise_level': 1e-08}}]",{'acq': 'EI'}
2,GP health,0.7480484698239274,-14.595595091676214,0.05277805527682786,207.40421431705207,1,0.8,['noise_collapse']
2,GP anomalies,Sum,"{'k1': 0.856**2 * RBF(length_scale=[0.0369, 5.71]), 'k2': WhiteKernel(noise_level=0.025), 'k1__k1': 0.856**2, 'k1__k2': RBF(length_scale=[0.0369, 5.71]), 'k1__k1__constant_value': np.float64(0.7329566496393118), 'k1__k1__constant_value_bounds': (0.001, 1000.0), 'k1__k2__length_scale': array([0.03694874, 5.70558784]), 'k1__k2__length_scale_bounds': (0.005705587840117845, 5.705587840117845), 'k2__noise_level': np.float64(0.02504145510361117), 'k2__noise_level_bounds': (1e-08, np.float64(0.26084006081727923))}",1,0.8,['noise_collapse']
2,2D Noisy Log-Likelihood,EI,"0.856**2 * RBF(length_scale=[0.0369, 5.71]) + WhiteKernel(noise_level=0.025)","{'k1': 0.856**2 * RBF(length_scale=[0.0369, 5.71]), 'k2': WhiteKernel(noise_level=0.025), 'k1__k1': 0.856**2, 'k1__k2': RBF(length_scale=[0.0369, 5.71]), 'k1__k1__constant_value': np.float64(0.7329566496393118), 'k1__k1__constant_value_bounds': (0.001, 1000.0), 'k1__k2__length_scale': array([0.03694874, 5.70558784]), 'k1__k2__length_scale_bounds': (0.005705587840117845, 5.705587840117845), 'k2__noise_level': np.float64(0.02504145510361117), 'k2__noise_level_bounds': (1e-08, np.float64(0.26084006081727923))}","[0.9226679093917808, 0.3242007668674971]",0.3430081214410598,0.7480484698239274,"[{'type': 'noise_collapse', 'severity': 0.8, 'details': {'noise_level': 1e-08}}]",{'acq': 'EI'}
3,GP health,0.747685491932947,-15.533663167840556,0.053680928024981936,193.6978641158408,1,0.8,['noise_collapse']
3,GP anomalies,Sum,"{'k1': 0.863**2 * RBF(length_scale=[0.0397, 5.69]), 'k2': WhiteKernel(noise_level=0.0271), 'k1__k1': 0.863**2, 'k1__k2': RBF(length_scale=[0.0397, 5.69]), 'k1__k1__constant_value': np.float64(0.7441501304135929), 'k1__k1__constant_value_bounds': (0.001, 1000.0), 'k1__k2__length_scale': array([0.03973194, 5.69476768]), 'k1__k2__length_scale_bounds': (0.005694767678858019, 5.694767678858019), 'k2__noise_level': np.float64(0.027138601360654612), 'k2__noise_level_bounds': (1e-08, np.float64(0.24609968749723546))}",1,0.8,['noise_collapse']
3,2D Noisy Log-Likelihood,EI,"0.863**2 * RBF(length_scale=[0.0397, 5.69]) + WhiteKernel(noise_level=0.0271)","{'k1': 0.863**2 * RBF(length_scale=[0.0397, 5.69]), 'k2': WhiteKernel(noise_level=0.0271), 'k1__k1': 0.863**2, 'k1__k2': RBF(length_scale=[0.0397, 5.69]), 'k1__k1__constant_value': np.float64(0.7441501304135929), 'k1__k1__constant_value_bounds': (0.001, 1000.0), 'k1__k2__length_scale': array([0.03973194, 5.69476768]), 'k1__k2__length_scale_bounds': (0.005694767678858019, 5.694767678858019), 'k2__noise_level': np.float64(0.027138601360654612), 'k2__noise_level_bounds': (1e-08, np.float64(0.24609968749723546))}","[0.07290456860493344, 0.033855308949012786]",0.14306693376266913,0.747685491932947,"[{'type': 'noise_collapse', 'severity': 0.8, 'details': {'noise_level': 1e-08}}]",{'acq': 'EI'}
4,GP health,0.7484583705223289,-16.565086651275692,0.052785621460670444,181.75420789544387,1,0.8,['noise_collapse']
4,GP anomalies,Sum,"{'k1': 0.836**2 * RBF(length_scale=[0.04, 5.88]), 'k2': WhiteKernel(noise_level=0.0284), 'k1__k1': 0.836**2, 'k1__k2': RBF(length_scale=[0.04, 5.88]), 'k1__k1__constant_value': np.float64(0.6989927578538937), 'k1__k1__constant_value_bounds': (0.001, 1000.0), 'k1__k2__length_scale': array([0.0400378 , 5.88354569]), 'k1__k2__length_scale_bounds': (0.00588354569208963, 5.88354569208963), 'k2__noise_level': np.float64(0.028383351843680436), 'k2__noise_level_bounds': (1e-08, np.float64(0.23417859702487398))}",1,0.8,['noise_collapse']
4,2D Noisy Log-Likelihood,EI,"0.836**2 * RBF(length_scale=[0.04, 5.88]) + WhiteKernel(noise_level=0.0284)","{'k1': 0.836**2 * RBF(length_scale=[0.04, 5.88]), 'k2': WhiteKernel(noise_level=0.0284), 'k1__k1': 0.836**2, 'k1__k2': RBF(length_scale=[0.04, 5.88]), 'k1__k1__constant_value': np.float64(0.6989927578538937), 'k1__k1__constant_value_bounds': (0.001, 1000.0), 'k1__k2__length_scale': array([0.0400378 , 5.88354569]), 'k1__k2__length_scale_bounds': (0.00588354569208963, 5.88354569208963), 'k2__noise_level': np.float64(0.028383351843680436), 'k2__noise_level_bounds': (1e-08, np.float64(0.23417859702487398))}","[0.7893608793289434, 0.9976383016872109]",0.20258679533575652,0.7484583705223289,"[{'type': 'noise_collapse', 'severity': 0.8, 'details': {'noise_level': 1e-08}}]",{'acq': 'EI'}
5,GP health,0.748575153204122,-17.348262908610245,0.05374387506728731,169.87973497554245,1,0.8,['noise_collapse']
5,GP anomalies,Sum,"{'k1': 0.83**2 * RBF(length_scale=[0.0422, 5.92]), 'k2': WhiteKernel(noise_level=0.0303), 'k1__k1': 0.83**2, 'k1__k2': RBF(length_scale=[0.0422, 5.92]), 'k1__k1__constant_value': np.float64(0.6896126621521378), 'k1__k1__constant_value_bounds': (0.001, 1000.0), 'k1__k2__length_scale': array([0.04215085, 5.92410196]), 'k1__k2__length_scale_bounds': (0.00592410195616017, 5.92410195616017), 'k2__noise_level': np.float64(0.03034704891359808), 'k2__noise_level_bounds': (1e-08, np.float64(0.22186107594298818))}",1,0.8,['noise_collapse']
5,2D Noisy Log-Likelihood,EI,"0.83**2 * RBF(length_scale=[0.0422, 5.92]) + WhiteKernel(noise_level=0.0303)","{'k1': 0.83**2 * RBF(length_scale=[0.0422, 5.92]), 'k2': WhiteKernel(noise_level=0.0303), 'k1__k1': 0.83**2, 'k1__k2': RBF(length_scale=[0.0422, 5.92]), 'k1__k1__constant_value': np.float64(0.6896126621521378), 'k1__k1__constant_value_bounds': (0.001, 1000.0), 'k1__k2__length_scale': array([0.04215085, 5.92410196]), 'k1__k2__length_scale_bounds': (0.00592410195616017, 5.92410195616017), 'k2__noise_level': np.float64(0.03034704891359808), 'k2__noise_level_bounds': (1e-08, np.float64(0.22186107594298818))}","[0.2806565896468637, 0.9332494431488504]",0.18075616950289525,0.748575153204122,"[{'type': 'noise_collapse', 'severity': 0.8, 'details': {'noise_level': 1e-08}}]",{'acq': 'EI'}
6,GP health,0.7488723500283623,-18.05929650131444,0.05375450426093948,163.89826256823534,1,0.8,['noise_collapse']
6,GP anomalies,Sum,"{'k1': 0.825**2 * RBF(length_scale=[0.0445, 5.97]), 'k2': WhiteKernel(noise_level=0.0326), 'k1__k1': 0.825**2, 'k1__k2': RBF(length_scale=[0.0445, 5.97]), 'k1__k1__constant_value': np.float64(0.6807519718581584), 'k1__k1__constant_value_bounds': (0.001, 1000.0), 'k1__k2__length_scale': array([0.04448122, 5.96515058]), 'k1__k2__length_scale_bounds': (0.0059651505806591855, 5.965150580659185), 'k2__noise_level': np.float64(0.03260247041510782), 'k2__noise_level_bounds': (1e-08, np.float64(0.21064999745865456))}",1,0.8,['noise_collapse']
6,2D Noisy Log-Likelihood,EI,"0.825**2 * RBF(length_scale=[0.0445, 5.97]) + WhiteKernel(noise_level=0.0326)","{'k1': 0.825**2 * RBF(length_scale=[0.0445, 5.97]), 'k2': WhiteKernel(noise_level=0.0326), 'k1__k1': 0.825**2, 'k1__k2': RBF(length_scale=[0.0445, 5.97]), 'k1__k1__constant_value': np.float64(0.6807519718581584), 'k1__k1__constant_value_bounds': (0.001, 1000.0), 'k1__k2__length_scale': array([0.04448122, 5.96515058]), 'k1__k2__length_scale_bounds': (0.0059651505806591855, 5.965150580659185), 'k2__noise_level': np.float64(0.03260247041510782), 'k2__noise_level_bounds': (1e-08, np.float64(0.21064999745865456))}","[0.5085306528140384, 0.7116366802051913]",0.12801055525192695,0.7488723500283623,"[{'type': 'noise_collapse', 'severity': 0.8, 'details': {'noise_level': 1e-08}}]",{'acq': 'EI'}
7,GP health,0.7491015149293571,-18.704631279113485,0.05343574770320636,157.7933087226274,1,0.8,['noise_collapse']
7,GP anomalies,Sum,"{'k1': 0.816**2 * RBF(length_scale=[0.046, 5.85]), 'k2': WhiteKernel(noise_level=0.0335), 'k1__k1': 0.816**2, 'k1__k2': RBF(length_scale=[0.046, 5.85]), 'k1__k1__constant_value': np.float64(0.6651318738199739), 'k1__k1__constant_value_bounds': (0.001, 1000.0), 'k1__k2__length_scale': array([0.04602799, 5.84720448]), 'k1__k2__length_scale_bounds': (0.005847204478334153, 5.847204478334152), 'k2__noise_level': np.float64(0.03348964328573707), 'k2__noise_level_bounds': (1e-08, np.float64(0.20101977239068541))}",1,0.8,['noise_collapse']
7,2D Noisy Log-Likelihood,EI,"0.816**2 * RBF(length_scale=[0.046, 5.85]) + WhiteKernel(noise_level=0.0335)","{'k1': 0.816**2 * RBF(length_scale=[0.046, 5.85]), 'k2': WhiteKernel(noise_level=0.0335), 'k1__k1': 0.816**2, 'k1__k2': RBF(length_scale=[0.046, 5.85]), 'k1__k1__constant_value': np.float64(0.6651318738199739), 'k1__k1__constant_value_bounds': (0.001, 1000.0), 'k1__k2__length_scale': array([0.04602799, 5.84720448]), 'k1__k2__length_scale_bounds': (0.005847204478334153, 5.847204478334152), 'k2__noise_level': np.float64(0.03348964328573707), 'k2__noise_level_bounds': (1e-08, np.float64(0.20101977239068541))}","[0.6526107187898376, 0.9281190832988438]",0.4520029229936394,0.7491015149293571,"[{'type': 'noise_collapse', 'severity': 0.8, 'details': {'noise_level': 1e-08}}]",{'acq': 'EI'}
8,GP health,0.7472281514907253,-18.95507495495702,0.051973649694881364,181.74942485319002,1,0.8,['noise_collapse']
8,GP anomalies,Sum,"{'k1': 0.831**2 * RBF(length_scale=[0.0467, 5.79]), 'k2': WhiteKernel(noise_level=0.0314), 'k1__k1': 0.831**2, 'k1__k2': RBF(length_scale=[0.0467, 5.79]), 'k1__k1__constant_value': np.float64(0.6904650799000203), 'k1__k1__constant_value_bounds': (0.001, 1000.0), 'k1__k2__length_scale': array([0.04673123, 5.78926921]), 'k1__k2__length_scale_bounds': (0.00578926921443458, 5.78926921443458), 'k2__noise_level': np.float64(0.03141818807236179), 'k2__noise_level_bounds': (1e-08, np.float64(0.19247831115759936))}",1,0.8,['noise_collapse']
8,2D Noisy Log-Likelihood,EI,"0.831**2 * RBF(length_scale=[0.0467, 5.79]) + WhiteKernel(noise_level=0.0314)","{'k1': 0.831**2 * RBF(length_scale=[0.0467, 5.79]), 'k2': WhiteKernel(noise_level=0.0314), 'k1__k1': 0.831**2, 'k1__k2': RBF(length_scale=[0.0467, 5.79]), 'k1__k1__constant_value': np.float64(0.6904650799000203), 'k1__k1__constant_value_bounds': (0.001, 1000.0), 'k1__k2__length_scale': array([0.04673123, 5.78926921]), 'k1__k2__length_scale_bounds': (0.00578926921443458, 5.78926921443458), 'k2__noise_level': np.float64(0.03141818807236179), 'k2__noise_level_bounds': (1e-08, np.float64(0.19247831115759936))}","[0.39580474196481563, 0.9800053677522806]",0.18437203316375386,0.7472281514907253,"[{'type': 'noise_collapse', 'severity': 0.8, 'details': {'noise_level': 1e-08}}]",{'acq': 'EI'}
9,GP health,0.7469157828589251,-19.579165427241712,0.05145768197795578,181.6591207575343,1,0.8,['noise_collapse']
9,GP anomalies,Sum,"{'k1': 0.837**2 * RBF(length_scale=[0.0486, 5.79]), 'k2': WhiteKernel(noise_level=0.0321), 'k1__k1': 0.837**2, 'k1__k2': RBF(length_scale=[0.0486, 5.79]), 'k1__k1__constant_value': np.float64(0.7003102780062272), 'k1__k1__constant_value_bounds': (0.001, 1000.0), 'k1__k2__length_scale': array([0.04862831, 5.78557874]), 'k1__k2__length_scale_bounds': (0.00578557873621098, 5.78557873621098), 'k2__noise_level': np.float64(0.03208861903362691), 'k2__noise_level_bounds': (1e-08, np.float64(0.183115737109271))}",1,0.8,['noise_collapse']
9,2D Noisy Log-Likelihood,EI,"0.837**2 * RBF(length_scale=[0.0486, 5.79]) + WhiteKernel(noise_level=0.0321)","{'k1': 0.837**2 * RBF(length_scale=[0.0486, 5.79]), 'k2': WhiteKernel(noise_level=0.0321), 'k1__k1': 0.837**2, 'k1__k2': RBF(length_scale=[0.0486, 5.79]), 'k1__k1__constant_value': np.float64(0.7003102780062272), 'k1__k1__constant_value_bounds': (0.001, 1000.0), 'k1__k2__length_scale': array([0.04862831, 5.78557874]), 'k1__k2__length_scale_bounds': (0.00578557873621098, 5.78557873621098), 'k2__noise_level': np.float64(0.03208861903362691), 'k2__noise_level_bounds': (1e-08, np.float64(0.183115737109271))}","[0.2003001622397529, 0.09487316415022329]",0.14503905912556034,0.7469157828589251,"[{'type': 'noise_collapse', 'severity': 0.8, 'details': {'noise_level': 1e-08}}]",{'acq': 'EI'}
10,GP health,0.7467047461160043,-20.08795248450997,0.05112552852398449,180.84522049780622,1,0.8,['noise_collapse']
10,GP anomalies,Sum,"{'k1': 0.842**2 * RBF(length_scale=[0.0509, 5.86]), 'k2': WhiteKernel(noise_level=0.033), 'k1__k1': 0.842**2, 'k1__k2': RBF(length_scale=[0.0509, 5.86]), 'k1__k1__constant_value': np.float64(0.7094135260705086), 'k1__k1__constant_value_bounds': (0.001, 1000.0), 'k1__k2__length_scale': array([0.0508548 , 5.85876001]), 'k1__k2__length_scale_bounds': (0.0058587600065123455, 5.8587600065123455), 'k2__noise_level': np.float64(0.032967543988928254), 'k2__noise_level_bounds': (1e-08, np.float64(0.1747947349663296))}",1,0.8,['noise_collapse']
10,2D Noisy Log-Likelihood,EI,"0.842**2 * RBF(length_scale=[0.0509, 5.86]) + WhiteKernel(noise_level=0.033)","{'k1': 0.842**2 * RBF(length_scale=[0.0509, 5.86]), 'k2': WhiteKernel(noise_level=0.033), 'k1__k1': 0.842**2, 'k1__k2': RBF(length_scale=[0.0509, 5.86]), 'k1__k1__constant_value': np.float64(0.7094135260705086), 'k1__k1__constant_value_bounds': (0.001, 1000.0), 'k1__k2__length_scale': array([0.0508548 , 5.85876001]), 'k1__k2__length_scale_bounds': (0.0058587600065123455, 5.8587600065123455), 'k2__noise_level': np.float64(0.032967543988928254), 'k2__noise_level_bounds': (1e-08, np.float64(0.1747947349663296))}","[0.7400506176051982, 0.7595511245926947]",0.3689640331881169,0.7467047461160043,"[{'type': 'noise_collapse', 'severity': 0.8, 'details': {'noise_level': 1e-08}}]",{'acq': 'EI'}
11,GP health,0.7446633331414334,-20.884157999274098,0.04878395271463419,220.5714070877488,1,0.8,['noise_collapse']
11,GP anomalies,Sum,"{'k1': 0.864**2 * RBF(length_scale=[0.0517, 5.78]), 'k2': WhiteKernel(noise_level=0.0315), 'k1__k1': 0.864**2, 'k1__k2': RBF(length_scale=[0.0517, 5.78]), 'k1__k1__constant_value': np.float64(0.7456493501326713), 'k1__k1__constant_value_bounds': (0.001, 1000.0), 'k1__k2__length_scale': array([0.05171095, 5.77722336]), 'k1__k2__length_scale_bounds': (0.005777223358008921, 5.7772233580089205), 'k2__noise_level': np.float64(0.031498560973871825), 'k2__noise_level_bounds': (1e-08, np.float64(0.16650647121876366))}",1,0.8,['noise_collapse']
11,2D Noisy Log-Likelihood,EI,"0.864**2 * RBF(length_scale=[0.0517, 5.78]) + WhiteKernel(noise_level=0.0315)","{'k1': 0.864**2 * RBF(length_scale=[0.0517, 5.78]), 'k2': WhiteKernel(noise_level=0.0315), 'k1__k1': 0.864**2, 'k1__k2': RBF(length_scale=[0.0517, 5.78]), 'k1__k1__constant_value': np.float64(0.7456493501326713), 'k1__k1__constant_value_bounds': (0.001, 1000.0), 'k1__k2__length_scale': array([0.05171095, 5.77722336]), 'k1__k2__length_scale_bounds': (0.005777223358008921, 5.7772233580089205), 'k2__noise_level': np.float64(0.031498560973871825), 'k2__noise_level_bounds': (1e-08, np.float64(0.16650647121876366))}","[0.6399783607447763, 0.05286046211631423]",0.34639465003441017,0.7446633331414334,"[{'type': 'noise_collapse', 'severity': 0.8, 'details': {'noise_level': 1e-08}}]",{'acq': 'EI'}
12,GP health,0.7432837079239835,-20.620575282023275,0.0487438012629527,233.67325117039866,1,0.8,['noise_collapse']
12,GP anomalies,Sum,"{'k1': 0.881**2 * RBF(length_scale=[0.0523, 5.8]), 'k2': WhiteKernel(noise_level=0.0304), 'k1__k1': 0.881**2, 'k1__k2': RBF(length_scale=[0.0523, 5.8]), 'k1__k1__constant_value': np.float64(0.7759846426841461), 'k1__k1__constant_value_bounds': (0.001, 1000.0), 'k1__k2__length_scale': array([0.05228014, 5.79786618]), 'k1__k2__length_scale_bounds': (0.00579786618256258, 5.79786618256258), 'k2__noise_level': np.float64(0.03038227982585775), 'k2__noise_level_bounds': (1e-08, np.float64(0.15849315772459996))}",1,0.8,['noise_collapse']
12,2D Noisy Log-Likelihood,EI,"0.881**2 * RBF(length_scale=[0.0523, 5.8]) + WhiteKernel(noise_level=0.0304)","{'k1': 0.881**2 * RBF(length_scale=[0.0523, 5.8]), 'k2': WhiteKernel(noise_level=0.0304), 'k1__k1': 0.881**2, 'k1__k2': RBF(length_scale=[0.0523, 5.8]), 'k1__k1__constant_value': np.float64(0.7759846426841461), 'k1__k1__constant_value_bounds': (0.001, 1000.0), 'k1__k2__length_scale': array([0.05228014, 5.79786618]), 'k1__k2__length_scale_bounds': (0.00579786618256258, 5.79786618256258), 'k2__noise_level': np.float64(0.03038227982585775), 'k2__noise_level_bounds': (1e-08, np.float64(0.15849315772459996))}","[0.9390854230359551, 0.9429598278076269]",0.25416102847086314,0.7432837079239835,"[{'type': 'noise_collapse', 'severity': 0.8, 'details': {'noise_level': 1e-08}}]",{'acq': 'EI'}
13,GP health,0.7429298437072076,-21.64958738688791,0.04658897743188936,253.70565251478467,1,0.8,['noise_collapse']
13,GP anomalies,Sum,"{'k1': 0.889**2 * RBF(length_scale=[0.0524, 5.84]), 'k2': WhiteKernel(noise_level=0.0296), 'k1__k1': 0.889**2, 'k1__k2': RBF(length_scale=[0.0524, 5.84]), 'k1__k1__constant_value': np.float64(0.790347553081406), 'k1__k1__constant_value_bounds': (0.001, 1000.0), 'k1__k2__length_scale': array([0.05241966, 5.83933375]), 'k1__k2__length_scale_bounds': (0.0058393337548870205, 5.83933375488702), 'k2__noise_level': np.float64(0.029575324138700915), 'k2__noise_level_bounds': (1e-08, np.float64(0.15075000298151756))}",1,0.8,['noise_collapse']
13,2D Noisy Log-Likelihood,EI,"0.889**2 * RBF(length_scale=[0.0524, 5.84]) + WhiteKernel(noise_level=0.0296)","{'k1': 0.889**2 * RBF(length_scale=[0.0524, 5.84]), 'k2': WhiteKernel(noise_level=0.0296), 'k1__k1': 0.889**2, 'k1__k2': RBF(length_scale=[0.0524, 5.84]), 'k1__k1__constant_value': np.float64(0.790347553081406), 'k1__k1__constant_value_bounds': (0.001, 1000.0), 'k1__k2__length_scale': array([0.05241966, 5.83933375]), 'k1__k2__length_scale_bounds': (0.0058393337548870205, 5.83933375488702), 'k2__noise_level': np.float64(0.029575324138700915), 'k2__noise_level_bounds': (1e-08, np.float64(0.15075000298151756))}","[0.8402993848438767, 0.04114915781612305]",0.29078305402424226,0.7429298437072076,"[{'type': 'noise_collapse', 'severity': 0.8, 'details': {'noise_level': 1e-08}}]",{'acq': 'EI'}
14,GP health,0.7426080615558935,-21.794521418777357,0.04492910826505049,267.0249902563587,1,0.8,['noise_collapse']
14,GP anomalies,Sum,"{'k1': 0.898**2 * RBF(length_scale=[0.0523, 5.9]), 'k2': WhiteKernel(noise_level=0.0286), 'k1__k1': 0.898**2, 'k1__k2': RBF(length_scale=[0.0523, 5.9]), 'k1__k1__constant_value': np.float64(0.8056314740184918), 'k1__k1__constant_value_bounds': (0.001, 1000.0), 'k1__k2__length_scale': array([0.05227584, 5.89587173]), 'k1__k2__length_scale_bounds': (0.005895871734618636, 5.895871734618636), 'k2__noise_level': np.float64(0.028551206891834664), 'k2__noise_level_bounds': (1e-08, np.float64(0.1434441606705608))}",1,0.8,['noise_collapse']
14,2D Noisy Log-Likelihood,EI,"0.898**2 * RBF(length_scale=[0.0523, 5.9]) + WhiteKernel(noise_level=0.0286)","{'k1': 0.898**2 * RBF(length_scale=[0.0523, 5.9]), 'k2': WhiteKernel(noise_level=0.0286), 'k1__k1': 0.898**2, 'k1__k2': RBF(length_scale=[0.0523, 5.9]), 'k1__k1__constant_value': np.float64(0.8056314740184918), 'k1__k1__constant_value_bounds': (0.001, 1000.0), 'k1__k2__length_scale': array([0.05227584, 5.89587173]), 'k1__k2__length_scale_bounds': (0.005895871734618636, 5.895871734618636), 'k2__noise_level': np.float64(0.028551206891834664), 'k2__noise_level_bounds': (1e-08, np.float64(0.1434441606705608))}","[0.7555197321565598, 0.017620777182305036]",0.2725990926891053,0.7426080615558935,"[{'type': 'noise_collapse', 'severity': 0.8, 'details': {'noise_level': 1e-08}}]",{'acq': 'EI'}
15,GP health,0.7415772918939468,-22.146959774605566,0.04415480083141106,289.9588357497325,1,0.8,['noise_collapse']
15,GP anomalies,Sum,"{'k1': 0.907**2 * RBF(length_scale=[0.0523, 5.92]), 'k2': WhiteKernel(noise_level=0.0276), 'k1__k1': 0.907**2, 'k1__k2': RBF(length_scale=[0.0523, 5.92]), 'k1__k1__constant_value': np.float64(0.8224997109459614), 'k1__k1__constant_value_bounds': (0.001, 1000.0), 'k1__k2__length_scale': array([0.05226989, 5.92473343]), 'k1__k2__length_scale_bounds': (0.0059247334267842474, 5.924733426784248), 'k2__noise_level': np.float64(0.02764683770953804), 'k2__noise_level_bounds': (1e-08, np.float64(0.13655798652780102))}",1,0.8,['noise_collapse']
15,2D Noisy Log-Likelihood,EI,"0.907**2 * RBF(length_scale=[0.0523, 5.92]) + WhiteKernel(noise_level=0.0276)","{'k1': 0.907**2 * RBF(length_scale=[0.0523, 5.92]), 'k2': WhiteKernel(noise_level=0.0276), 'k1__k1': 0.907**2, 'k1__k2': RBF(length_scale=[0.0523, 5.92]), 'k1__k1__constant_value': np.float64(0.8224997109459614), 'k1__k1__constant_value_bounds': (0.001, 1000.0), 'k1__k2__length_scale': array([0.05226989, 5.92473343]), 'k1__k2__length_scale_bounds': (0.0059247334267842474, 5.924733426784248), 'k2__noise_level': np.float64(0.02764683770953804), 'k2__noise_level_bounds': (1e-08, np.float64(0.13655798652780102))}","[0.2473708929574966, 0.008047276725156371]",0.2663014143260165,0.7415772918939468,"[{'type': 'noise_collapse', 'severity': 0.8, 'details': {'noise_level': 1e-08}}]",{'acq': 'EI'}
16,GP health,0.7414163717751006,-21.218970690436034,0.043182837094899694,294.9890630828949,1,0.8,['noise_collapse']
16,GP anomalies,Sum,"{'k1': 0.913**2 * RBF(length_scale=[0.0521, 5.98]), 'k2': WhiteKernel(noise_level=0.0269), 'k1__k1': 0.913**2, 'k1__k2': RBF(length_scale=[0.0521, 5.98]), 'k1__k1__constant_value': np.float64(0.833435391578192), 'k1__k1__constant_value_bounds': (0.001, 1000.0), 'k1__k2__length_scale': array([0.05210442, 5.98462386]), 'k1__k2__length_scale_bounds': (0.0059846238628010005, 5.9846238628010004), 'k2__noise_level': np.float64(0.026874309585805164), 'k2__noise_level_bounds': (1e-08, np.float64(0.13007047497170326))}",1,0.8,['noise_collapse']
16,2D Noisy Log-Likelihood,EI,"0.913**2 * RBF(length_scale=[0.0521, 5.98]) + WhiteKernel(noise_level=0.0269)","{'k1': 0.913**2 * RBF(length_scale=[0.0521, 5.98]), 'k2': WhiteKernel(noise_level=0.0269), 'k1__k1': 0.913**2, 'k1__k2': RBF(length_scale=[0.0521, 5.98]), 'k1__k1__constant_value': np.float64(0.833435391578192), 'k1__k1__constant_value_bounds': (0.001, 1000.0), 'k1__k2__length_scale': array([0.05210442, 5.98462386]), 'k1__k2__length_scale_bounds': (0.0059846238628010005, 5.9846238628010004), 'k2__noise_level': np.float64(0.026874309585805164), 'k2__noise_level_bounds': (1e-08, np.float64(0.13007047497170326))}","[0.8927490714121202, 0.01052816230123832]",0.41781515129641866,0.7414163717751006,"[{'type': 'noise_collapse', 'severity': 0.8, 'details': {'noise_level': 1e-08}}]",{'acq': 'EI'}
17,GP health,0.7409291155569651,-22.335913530219013,0.04168746052765672,321.0419658646947,1,0.8,['noise_collapse']
17,GP anomalies,Sum,"{'k1': 0.925**2 * RBF(length_scale=[0.0524, 6.03]), 'k2': WhiteKernel(noise_level=0.0258), 'k1__k1': 0.925**2, 'k1__k2': RBF(length_scale=[0.0524, 6.03]), 'k1__k1__constant_value': np.float64(0.8547067929952765), 'k1__k1__constant_value_bounds': (0.001, 1000.0), 'k1__k2__length_scale': array([0.05235018, 6.03049729]), 'k1__k2__length_scale_bounds': (0.006030497287625379, 6.030497287625379), 'k2__noise_level': np.float64(0.025837101712591348), 'k2__noise_level_bounds': (1e-08, np.float64(0.1247150629770938))}",1,0.8,['noise_collapse']
17,2D Noisy Log-Likelihood,EI,"0.925**2 * RBF(length_scale=[0.0524, 6.03]) + WhiteKernel(noise_level=0.0258)","{'k1': 0.925**2 * RBF(length_scale=[0.0524, 6.03]), 'k2': WhiteKernel(noise_level=0.0258), 'k1__k1': 0.925**2, 'k1__k2': RBF(length_scale=[0.0524, 6.03]), 'k1__k1__constant_value': np.float64(0.8547067929952765), 'k1__k1__constant_value_bounds': (0.001, 1000.0), 'k1__k2__length_scale': array([0.05235018, 6.03049729]), 'k1__k2__length_scale_bounds': (0.006030497287625379, 6.030497287625379), 'k2__noise_level': np.float64(0.025837101712591348), 'k2__noise_level_bounds': (1e-08, np.float64(0.1247150629770938))}","[0.6280423916953066, 0.9897207285392446]",0.23504977363101343,0.7409291155569651,"[{'type': 'noise_collapse', 'severity': 0.8, 'details': {'noise_level': 1e-08}}]",{'acq': 'EI'}
18,GP health,0.7402012946340708,-22.69116777390967,0.0411047754420201,342.4017994912209,1,0.8,['noise_collapse']
18,GP anomalies,Sum,"{'k1': 0.933**2 * RBF(length_scale=[0.0526, 6.02]), 'k2': WhiteKernel(noise_level=0.0252), 'k1__k1': 0.933**2, 'k1__k2': RBF(length_scale=[0.0526, 6.02]), 'k1__k1__constant_value': np.float64(0.8711508939575094), 'k1__k1__constant_value_bounds': (0.001, 1000.0), 'k1__k2__length_scale': array([0.05255131, 6.02422986]), 'k1__k2__length_scale_bounds': (0.00602422985787417, 6.02422985787417), 'k2__noise_level': np.float64(0.02519773104172939), 'k2__noise_level_bounds': (1e-08, np.float64(0.11897379251347188))}",1,0.8,['noise_collapse']
18,2D Noisy Log-Likelihood,EI,"0.933**2 * RBF(length_scale=[0.0526, 6.02]) + WhiteKernel(noise_level=0.0252)","{'k1': 0.933**2 * RBF(length_scale=[0.0526, 6.02]), 'k2': WhiteKernel(noise_level=0.0252), 'k1__k1': 0.933**2, 'k1__k2': RBF(length_scale=[0.0526, 6.02]), 'k1__k1__constant_value': np.float64(0.8711508939575094), 'k1__k1__constant_value_bounds': (0.001, 1000.0), 'k1__k2__length_scale': array([0.05255131, 6.02422986]), 'k1__k2__length_scale_bounds': (0.00602422985787417, 6.02422985787417), 'k2__noise_level': np.float64(0.02519773104172939), 'k2__noise_level_bounds': (1e-08, np.float64(0.11897379251347188))}","[0.41487721459919813, 0.012447237979847925]",0.22490615667177563,0.7402012946340708,"[{'type': 'noise_collapse', 'severity': 0.8, 'details': {'noise_level': 1e-08}}]",{'acq': 'EI'}
19,GP health,0.7402666670355935,-22.903076995861994,0.040405314061221026,344.30840707295425,1,0.8,['noise_collapse']
19,GP anomalies,Sum,"{'k1': 0.934**2 * RBF(length_scale=[0.0524, 6.03]), 'k2': WhiteKernel(noise_level=0.0248), 'k1__k1': 0.934**2, 'k1__k2': RBF(length_scale=[0.0524, 6.03]), 'k1__k1__constant_value': np.float64(0.8723343512947244), 'k1__k1__constant_value_bounds': (0.001, 1000.0), 'k1__k2__length_scale': array([0.05243167, 6.03430757]), 'k1__k2__length_scale_bounds': (0.0060343075724173445, 6.034307572417345), 'k2__noise_level': np.float64(0.024774421821480493), 'k2__noise_level_bounds': (1e-08, np.float64(0.1135755479765177))}",1,0.8,['noise_collapse']
19,2D Noisy Log-Likelihood,EI,"0.934**2 * RBF(length_scale=[0.0524, 6.03]) + WhiteKernel(noise_level=0.0248)","{'k1': 0.934**2 * RBF(length_scale=[0.0524, 6.03]), 'k2': WhiteKernel(noise_level=0.0248), 'k1__k1': 0.934**2, 'k1__k2': RBF(length_scale=[0.0524, 6.03]), 'k1__k1__constant_value': np.float64(0.8723343512947244), 'k1__k1__constant_value_bounds': (0.001, 1000.0), 'k1__k2__length_scale': array([0.05243167, 6.03430757]), 'k1__k2__length_scale_bounds': (0.0060343075724173445, 6.034307572417345), 'k2__noise_level': np.float64(0.024774421821480493), 'k2__noise_level_bounds': (1e-08, np.float64(0.1135755479765177))}","[0.04824911076282279, 0.9027468166506515]",0.11071856139880248,0.7402666670355935,"[{'type': 'noise_collapse', 'severity': 0.8, 'details': {'noise_level': 1e-08}}]",{'acq': 'EI'}
20,GP health,0.7404953358600295,-21.285939186704702,0.039775697538344555,351.57021022272704,1,0.8,['noise_collapse']
20,GP anomalies,Sum,"{'k1': 0.928**2 * RBF(length_scale=[0.0528, 6.12]), 'k2': WhiteKernel(noise_level=0.0242), 'k1__k1': 0.928**2, 'k1__k2': RBF(length_scale=[0.0528, 6.12]), 'k1__k1__constant_value': np.float64(0.8611997319441175), 'k1__k1__constant_value_bounds': (0.001, 1000.0), 'k1__k2__length_scale': array([0.05277764, 6.12468198]), 'k1__k2__length_scale_bounds': (0.0061246819833488, 6.1246819833487995), 'k2__noise_level': np.float64(0.024215241295053373), 'k2__noise_level_bounds': (1e-08, np.float64(0.10932351039847076))}",1,0.8,['noise_collapse']
20,2D Noisy Log-Likelihood,EI,"0.928**2 * RBF(length_scale=[0.0528, 6.12]) + WhiteKernel(noise_level=0.0242)","{'k1': 0.928**2 * RBF(length_scale=[0.0528, 6.12]), 'k2': WhiteKernel(noise_level=0.0242), 'k1__k1': 0.928**2, 'k1__k2': RBF(length_scale=[0.0528, 6.12]), 'k1__k1__constant_value': np.float64(0.8611997319441175), 'k1__k1__constant_value_bounds': (0.001, 1000.0), 'k1__k2__length_scale': array([0.05277764, 6.12468198]), 'k1__k2__length_scale_bounds': (0.0061246819833488, 6.1246819833487995), 'k2__noise_level': np.float64(0.024215241295053373), 'k2__noise_level_bounds': (1e-08, np.float64(0.10932351039847076))}","[0.09445528327870778, 0.8420373587629961]",0.08845120893381414,0.7404953358600295,"[{'type': 'noise_collapse', 'severity': 0.8, 'details': {'noise_level': 1e-08}}]",{'acq': 'EI'}
21,GP health,0.7408238488411676,-22.80526728561165,0.039376345716060655,344.9814102236851,1,0.8,['noise_collapse']
21,GP anomalies,Sum,"{'k1': 0.919**2 * RBF(length_scale=[0.053, 6.17]), 'k2': WhiteKernel(noise_level=0.0235), 'k1__k1': 0.919**2, 'k1__k2': RBF(length_scale=[0.053, 6.17]), 'k1__k1__constant_value': np.float64(0.8442301366689453), 'k1__k1__constant_value_bounds': (0.001, 1000.0), 'k1__k2__length_scale': array([0.05297336, 6.16910179]), 'k1__k2__length_scale_bounds': (0.0061691017937566895, 6.169101793756689), 'k2__noise_level': np.float64(0.02352749341934498), 'k2__noise_level_bounds': (1e-08, np.float64(0.10545486229484731))}",1,0.8,['noise_collapse']
21,2D Noisy Log-Likelihood,EI,"0.919**2 * RBF(length_scale=[0.053, 6.17]) + WhiteKernel(noise_level=0.0235)","{'k1': 0.919**2 * RBF(length_scale=[0.053, 6.17]), 'k2': WhiteKernel(noise_level=0.0235), 'k1__k1': 0.919**2, 'k1__k2': RBF(length_scale=[0.053, 6.17]), 'k1__k1__constant_value': np.float64(0.8442301366689453), 'k1__k1__constant_value_bounds': (0.001, 1000.0), 'k1__k2__length_scale': array([0.05297336, 6.16910179]), 'k1__k2__length_scale_bounds': (0.0061691017937566895, 6.169101793756689), 'k2__noise_level': np.float64(0.02352749341934498), 'k2__noise_level_bounds': (1e-08, np.float64(0.10545486229484731))}","[0.943396759919458, 0.010901906780612314]",0.2228005451181859,0.7408238488411676,"[{'type': 'noise_collapse', 'severity': 0.8, 'details': {'noise_level': 1e-08}}]",{'acq': 'EI'}
22,GP health,0.7408021181822839,-22.87401642563454,0.03859254306096117,350.08534895646284,1,0.8,['noise_collapse']
22,GP anomalies,Sum,"{'k1': 0.923**2 * RBF(length_scale=[0.0529, 6.22]), 'k2': WhiteKernel(noise_level=0.0231), 'k1__k1': 0.923**2, 'k1__k2': RBF(length_scale=[0.0529, 6.22]), 'k1__k1__constant_value': np.float64(0.8513665071579435), 'k1__k1__constant_value_bounds': (0.001, 1000.0), 'k1__k2__length_scale': array([0.05293356, 6.22083616]), 'k1__k2__length_scale_bounds': (0.006220836157785733, 6.220836157785733), 'k2__noise_level': np.float64(0.023091704533174988), 'k2__noise_level_bounds': (1e-08, np.float64(0.10074885919428954))}",1,0.8,['noise_collapse']
22,2D Noisy Log-Likelihood,EI,"0.923**2 * RBF(length_scale=[0.0529, 6.22]) + WhiteKernel(noise_level=0.0231)","{'k1': 0.923**2 * RBF(length_scale=[0.0529, 6.22]), 'k2': WhiteKernel(noise_level=0.0231), 'k1__k1': 0.923**2, 'k1__k2': RBF(length_scale=[0.0529, 6.22]), 'k1__k1__constant_value': np.float64(0.8513665071579435), 'k1__k1__constant_value_bounds': (0.001, 1000.0), 'k1__k2__length_scale': array([0.05293356, 6.22083616]), 'k1__k2__length_scale_bounds': (0.006220836157785733, 6.220836157785733), 'k2__noise_level': np.float64(0.023091704533174988), 'k2__noise_level_bounds': (1e-08, np.float64(0.10074885919428954))}","[0.21980626223902155, 0.9754034413957456]",0.22835071199590715,0.7408021181822839,"[{'type': 'noise_collapse', 'severity': 0.8, 'details': {'noise_level': 1e-08}}]",{'acq': 'EI'}
23,GP health,0.7408273228504882,-21.019033282729453,0.03750030026780685,370.9412721233749,1,0.8,['noise_collapse']
23,GP anomalies,Sum,"{'k1': 0.925**2 * RBF(length_scale=[0.0527, 6.25]), 'k2': WhiteKernel(noise_level=0.0226), 'k1__k1': 0.925**2, 'k1__k2': RBF(length_scale=[0.0527, 6.25]), 'k1__k1__constant_value': np.float64(0.8565489061309477), 'k1__k1__constant_value_bounds': (0.001, 1000.0), 'k1__k2__length_scale': array([0.05274878, 6.25391255]), 'k1__k2__length_scale_bounds': (0.006253912549041629, 6.25391254904163), 'k2__noise_level': np.float64(0.0226206538402483), 'k2__noise_level_bounds': (1e-08, np.float64(0.09626729712925021))}",1,0.8,['noise_collapse']
23,2D Noisy Log-Likelihood,EI,"0.925**2 * RBF(length_scale=[0.0527, 6.25]) + WhiteKernel(noise_level=0.0226)","{'k1': 0.925**2 * RBF(length_scale=[0.0527, 6.25]), 'k2': WhiteKernel(noise_level=0.0226), 'k1__k1': 0.925**2, 'k1__k2': RBF(length_scale=[0.0527, 6.25]), 'k1__k1__constant_value': np.float64(0.8565489061309477), 'k1__k1__constant_value_bounds': (0.001, 1000.0), 'k1__k2__length_scale': array([0.05274878, 6.25391255]), 'k1__k2__length_scale_bounds': (0.006253912549041629, 6.25391254904163), 'k2__noise_level': np.float64(0.0226206538402483), 'k2__noise_level_bounds': (1e-08, np.float64(0.09626729712925021))}","[0.804073134999335, 0.02749870798386378]",0.2040498452340901,0.7408273228504882,"[{'type': 'noise_collapse', 'severity': 0.8, 'details': {'noise_level': 1e-08}}]",{'acq': 'EI'}
24,GP health,0.7406174683189749,-21.028652769398953,0.03681012696703487,387.8829419510851,1,0.8,['noise_collapse']
24,GP anomalies,Sum,"{'k1': 0.93**2 * RBF(length_scale=[0.0528, 6.26]), 'k2': WhiteKernel(noise_level=0.0222), 'k1__k1': 0.93**2, 'k1__k2': RBF(length_scale=[0.0528, 6.26]), 'k1__k1__constant_value': np.float64(0.8653676169417469), 'k1__k1__constant_value_bounds': (0.001, 1000.0), 'k1__k2__length_scale': array([0.05282069, 6.26047503]), 'k1__k2__length_scale_bounds': (0.006260475032212912, 6.260475032212912), 'k2__noise_level': np.float64(0.022199186842373476), 'k2__noise_level_bounds': (1e-08, np.float64(0.09208119096955605))}",1,0.8,['noise_collapse']
24,2D Noisy Log-Likelihood,EI,"0.93**2 * RBF(length_scale=[0.0528, 6.26]) + WhiteKernel(noise_level=0.0222)","{'k1': 0.93**2 * RBF(length_scale=[0.0528, 6.26]), 'k2': WhiteKernel(noise_level=0.0222), 'k1__k1': 0.93**2, 'k1__k2': RBF(length_scale=[0.0528, 6.26]), 'k1__k1__constant_value': np.float64(0.8653676169417469), 'k1__k1__constant_value_bounds': (0.001, 1000.0), 'k1__k2__length_scale': array([0.05282069, 6.26047503]), 'k1__k2__length_scale_bounds': (0.006260475032212912, 6.260475032212912), 'k2__noise_level': np.float64(0.022199186842373476), 'k2__noise_level_bounds': (1e-08, np.float64(0.09208119096955605))}","[0.4744780999518391, 0.9803024886264837]",0.19637303127243574,0.7406174683189749,"[{'type': 'noise_collapse', 'severity': 0.8, 'details': {'noise_level': 1e-08}}]",{'acq': 'EI'}
25,GP health,0.7405190161057927,-21.041955709143345,0.03619813650466523,399.0492262054584,1,0.8,['noise_collapse']
25,GP anomalies,Sum,"{'k1': 0.936**2 * RBF(length_scale=[0.053, 6.25]), 'k2': WhiteKernel(noise_level=0.0218), 'k1__k1': 0.936**2, 'k1__k2': RBF(length_scale=[0.053, 6.25]), 'k1__k1__constant_value': np.float64(0.8761931263298405), 'k1__k1__constant_value_bounds': (0.001, 1000.0), 'k1__k2__length_scale': array([0.05300169, 6.25182071]), 'k1__k2__length_scale_bounds': (0.006251820714482616, 6.251820714482617), 'k2__noise_level': np.float64(0.02181363546075256), 'k2__noise_level_bounds': (1e-08, np.float64(0.08812484317723304))}",1,0.8,['noise_collapse']
25,2D Noisy Log-Likelihood,EI,"0.936**2 * RBF(length_scale=[0.053, 6.25]) + WhiteKernel(noise_level=0.0218)","{'k1': 0.936**2 * RBF(length_scale=[0.053, 6.25]), 'k2': WhiteKernel(noise_level=0.0218), 'k1__k1': 0.936**2, 'k1__k2': RBF(length_scale=[0.053, 6.25]), 'k1__k1__constant_value': np.float64(0.8761931263298405), 'k1__k1__constant_value_bounds': (0.001, 1000.0), 'k1__k2__length_scale': array([0.05300169, 6.25182071]), 'k1__k2__length_scale_bounds': (0.006251820714482616, 6.251820714482617), 'k2__noise_level': np.float64(0.02181363546075256), 'k2__noise_level_bounds': (1e-08, np.float64(0.08812484317723304))}","[0.2693796564200285, 0.03133572307922883]",0.22038571450508052,0.7405190161057927,"[{'type': 'noise_collapse', 'severity': 0.8, 'details': {'noise_level': 1e-08}}]",{'acq': 'EI'}
26,GP health,0.7405343578788601,-20.894576066998187,0.03537155464769939,410.9509691376336,1,0.8,['noise_collapse']
26,GP anomalies,Sum,"{'k1': 0.94**2 * RBF(length_scale=[0.0529, 6.27]), 'k2': WhiteKernel(noise_level=0.0214), 'k1__k1': 0.94**2, 'k1__k2': RBF(length_scale=[0.0529, 6.27]), 'k1__k1__constant_value': np.float64(0.8839071065009004), 'k1__k1__constant_value_bounds': (0.001, 1000.0), 'k1__k2__length_scale': array([0.05288828, 6.27113242]), 'k1__k2__length_scale_bounds': (0.006271132422562684, 6.271132422562684), 'k2__noise_level': np.float64(0.021381543137003047), 'k2__noise_level_bounds': (1e-08, np.float64(0.08428796358610771))}",1,0.8,['noise_collapse']
26,2D Noisy Log-Likelihood,EI,"0.94**2 * RBF(length_scale=[0.0529, 6.27]) + WhiteKernel(noise_level=0.0214)","{'k1': 0.94**2 * RBF(length_scale=[0.0529, 6.27]), 'k2': WhiteKernel(noise_level=0.0214), 'k1__k1': 0.94**2, 'k1__k2': RBF(length_scale=[0.0529, 6.27]), 'k1__k1__constant_value': np.float64(0.8839071065009004), 'k1__k1__constant_value_bounds': (0.001, 1000.0), 'k1__k2__length_scale': array([0.05288828, 6.27113242]), 'k1__k2__length_scale_bounds': (0.006271132422562684, 6.271132422562684), 'k2__noise_level': np.float64(0.021381543137003047), 'k2__noise_level_bounds': (1e-08, np.float64(0.08428796358610771))}","[0.47758552427393486, 0.08222242240329702]",0.18629244604382436,0.7405343578788601,"[{'type': 'noise_collapse', 'severity': 0.8, 'details': {'noise_level': 1e-08}}]",{'acq': 'EI'}
27,GP health,0.7407069628572721,-23.236613842915727,0.03528922961031952,395.79358955198126,1,0.8,['noise_collapse']
27,GP anomalies,Sum,"{'k1': 0.94**2 * RBF(length_scale=[0.0528, 6.25]), 'k2': WhiteKernel(noise_level=0.021), 'k1__k1': 0.94**2, 'k1__k2': RBF(length_scale=[0.0528, 6.25]), 'k1__k1__constant_value': np.float64(0.8842772068663101), 'k1__k1__constant_value_bounds': (0.001, 1000.0), 'k1__k2__length_scale': array([0.0527832 , 6.24531001]), 'k1__k2__length_scale_bounds': (0.006245310012753077, 6.245310012753077), 'k2__noise_level': np.float64(0.021020808735596388), 'k2__noise_level_bounds': (1e-08, np.float64(0.08073718695662807))}",1,0.8,['noise_collapse']
27,2D Noisy Log-Likelihood,EI,"0.94**2 * RBF(length_scale=[0.0528, 6.25]) + WhiteKernel(noise_level=0.021)","{'k1': 0.94**2 * RBF(length_scale=[0.0528, 6.25]), 'k2': WhiteKernel(noise_level=0.021), 'k1__k1': 0.94**2, 'k1__k2': RBF(length_scale=[0.0528, 6.25]), 'k1__k1__constant_value': np.float64(0.8842772068663101), 'k1__k1__constant_value_bounds': (0.001, 1000.0), 'k1__k2__length_scale': array([0.0527832 , 6.24531001]), 'k1__k2__length_scale_bounds': (0.006245310012753077, 6.245310012753077), 'k2__noise_level': np.float64(0.021020808735596388), 'k2__noise_level_bounds': (1e-08, np.float64(0.08073718695662807))}","[0.00023874991298833415, 0.15709060295287636]",0.01464136994227705,0.7407069628572721,"[{'type': 'noise_collapse', 'severity': 0.8, 'details': {'noise_level': 1e-08}}]",{'acq': 'EI'}
28,GP health,0.7416003369379642,-22.584835610497937,0.034698862950979015,393.8350371277251,1,0.8,['noise_collapse']
28,GP anomalies,Sum,"{'k1': 0.917**2 * RBF(length_scale=[0.0524, 6.3]), 'k2': WhiteKernel(noise_level=0.02), 'k1__k1': 0.917**2, 'k1__k2': RBF(length_scale=[0.0524, 6.3]), 'k1__k1__constant_value': np.float64(0.8411884651692026), 'k1__k1__constant_value_bounds': (0.001, 1000.0), 'k1__k2__length_scale': array([0.05242705, 6.30247389]), 'k1__k2__length_scale_bounds': (0.0063024738934893, 6.302473893489299), 'k2__noise_level': np.float64(0.020032208249104663), 'k2__noise_level_bounds': (1e-08, np.float64(0.07862279034332645))}",1,0.8,['noise_collapse']
28,2D Noisy Log-Likelihood,EI,"0.917**2 * RBF(length_scale=[0.0524, 6.3]) + WhiteKernel(noise_level=0.02)","{'k1': 0.917**2 * RBF(length_scale=[0.0524, 6.3]), 'k2': WhiteKernel(noise_level=0.02), 'k1__k1': 0.917**2, 'k1__k2': RBF(length_scale=[0.0524, 6.3]), 'k1__k1__constant_value': np.float64(0.8411884651692026), 'k1__k1__constant_value_bounds': (0.001, 1000.0), 'k1__k2__length_scale': array([0.05242705, 6.30247389]), 'k1__k2__length_scale_bounds': (0.0063024738934893, 6.302473893489299), 'k2__noise_level': np.float64(0.020032208249104663), 'k2__noise_level_bounds': (1e-08, np.float64(0.07862279034332645))}","[0.6271921926796077, 0.08580110892986648]",0.22820107342697105,0.7416003369379642,"[{'type': 'noise_collapse', 'severity': 0.8, 'details': {'noise_level': 1e-08}}]",{'acq': 'EI'}
29,GP health,0.7410711213765006,-22.545844623822198,0.03393907045803661,422.04729947255316,1,0.8,['noise_collapse']
29,GP anomalies,Sum,"{'k1': 0.922**2 * RBF(length_scale=[0.0524, 6.27]), 'k2': WhiteKernel(noise_level=0.0197), 'k1__k1': 0.922**2, 'k1__k2': RBF(length_scale=[0.0524, 6.27]), 'k1__k1__constant_value': np.float64(0.8507492476653782), 'k1__k1__constant_value_bounds': (0.001, 1000.0), 'k1__k2__length_scale': array([0.05241068, 6.26914705]), 'k1__k2__length_scale_bounds': (0.006269147051043026, 6.269147051043026), 'k2__noise_level': np.float64(0.019722040536884942), 'k2__noise_level_bounds': (1e-08, np.float64(0.0752310759891931))}",1,0.8,['noise_collapse']
29,2D Noisy Log-Likelihood,EI,"0.922**2 * RBF(length_scale=[0.0524, 6.27]) + WhiteKernel(noise_level=0.0197)","{'k1': 0.922**2 * RBF(length_scale=[0.0524, 6.27]), 'k2': WhiteKernel(noise_level=0.0197), 'k1__k1': 0.922**2, 'k1__k2': RBF(length_scale=[0.0524, 6.27]), 'k1__k1__constant_value': np.float64(0.8507492476653782), 'k1__k1__constant_value_bounds': (0.001, 1000.0), 'k1__k2__length_scale': array([0.05241068, 6.26914705]), 'k1__k2__length_scale_bounds': (0.006269147051043026, 6.269147051043026), 'k2__noise_level': np.float64(0.019722040536884942), 'k2__noise_level_bounds': (1e-08, np.float64(0.0752310759891931))}","[0.9616698105906576, 0.9780581758027562]",0.11038039990058293,0.7410711213765006,"[{'type': 'noise_collapse', 'severity': 0.8, 'details': {'noise_level': 1e-08}}]",{'acq': 'EI'}
30,GP health,0.7413496137311343,-22.413622089342546,0.033501084039900826,428.858803133118,1,0.8,['noise_collapse']
30,GP anomalies,Sum,"{'k1': 0.92**2 * RBF(length_scale=[0.0525, 6.32]), 'k2': WhiteKernel(noise_level=0.0193), 'k1__k1': 0.92**2, 'k1__k2': RBF(length_scale=[0.0525, 6.32]), 'k1__k1__constant_value': np.float64(0.845738642307493), 'k1__k1__constant_value_bounds': (0.001, 1000.0), 'k1__k2__length_scale': array([0.05250571, 6.32213977]), 'k1__k2__length_scale_bounds': (0.006322139766312656, 6.322139766312656), 'k2__noise_level': np.float64(0.01930579873281238), 'k2__noise_level_bounds': (1e-08, np.float64(0.07242550218757317))}",1,0.8,['noise_collapse']
30,2D Noisy Log-Likelihood,EI,"0.92**2 * RBF(length_scale=[0.0525, 6.32]) + WhiteKernel(noise_level=0.0193)","{'k1': 0.92**2 * RBF(length_scale=[0.0525, 6.32]), 'k2': WhiteKernel(noise_level=0.0193), 'k1__k1': 0.92**2, 'k1__k2': RBF(length_scale=[0.0525, 6.32]), 'k1__k1__constant_value': np.float64(0.845738642307493), 'k1__k1__constant_value_bounds': (0.001, 1000.0), 'k1__k2__length_scale': array([0.05250571, 6.32213977]), 'k1__k2__length_scale_bounds': (0.006322139766312656, 6.322139766312656), 'k2__noise_level': np.float64(0.01930579873281238), 'k2__noise_level_bounds': (1e-08, np.float64(0.07242550218757317))}","[0.8201991697056432, 0.9829592674436383]",0.2356461120935809,0.7413496137311343,"[{'type': 'noise_collapse', 'severity': 0.8, 'details': {'noise_level': 1e-08}}]",{'acq': 'EI'}
