1,GP health,0.7290200503017719,-20.799008103960045,1.1443880677917193e-05,1455.4510459051985,1,0.8,['noise_collapse']
1,GP anomalies,Sum,"{'k1': 1.58**2 * Matern(length_scale=[6.58, 2.51, 0.137], nu=1.5), 'k2': WhiteKernel(noise_level=1e-08), 'k1__k1': 1.58**2, 'k1__k2': Matern(length_scale=[6.58, 2.51, 0.137], nu=1.5), 'k1__k1__constant_value': np.float64(2.498065533286133), 'k1__k1__constant_value_bounds': (1e-05, 100000.0), 'k1__k2__length_scale': array([6.57706351, 2.50604857, 0.13685717]), 'k1__k2__length_scale_bounds': (0.006577063514829712, 6.577063514829712), 'k1__k2__nu': np.float64(1.5), 'k2__noise_level': np.float64(9.999999999999982e-09), 'k2__noise_level_bounds': (1e-08, np.float64(0.08071891269540013))}",1,0.8,['noise_collapse']
1,3D Drug Combination,UCB,"1.58**2 * Matern(length_scale=[6.58, 2.51, 0.137], nu=1.5) + WhiteKernel(noise_level=1e-08)","{'k1': 1.58**2 * Matern(length_scale=[6.58, 2.51, 0.137], nu=1.5), 'k2': WhiteKernel(noise_level=1e-08), 'k1__k1': 1.58**2, 'k1__k2': Matern(length_scale=[6.58, 2.51, 0.137], nu=1.5), 'k1__k1__constant_value': np.float64(2.498065533286133), 'k1__k1__constant_value_bounds': (1e-05, 100000.0), 'k1__k2__length_scale': array([6.57706351, 2.50604857, 0.13685717]), 'k1__k2__length_scale_bounds': (0.006577063514829712, 6.577063514829712), 'k1__k2__nu': np.float64(1.5), 'k2__noise_level': np.float64(9.999999999999982e-09), 'k2__noise_level_bounds': (1e-08, np.float64(0.08071891269540013))}","[0.7437974709354956, 0.7988860097549111, 0.4506749099899172]",-0.03048205158647141,0.7290200503017719,"[{'type': 'noise_collapse', 'severity': 0.8, 'details': {'noise_level': 1e-08}}]",{'acq': 'UCB'}
2,GP health,0.7103704349302202,-19.872404509445595,1.1437480738032247e-05,5535.037910275959,1,0.8,['noise_collapse']
2,GP anomalies,Sum,"{'k1': 1.73**2 * Matern(length_scale=[6.57, 1.63, 0.139], nu=2.5), 'k2': WhiteKernel(noise_level=1e-08), 'k1__k1': 1.73**2, 'k1__k2': Matern(length_scale=[6.57, 1.63, 0.139], nu=2.5), 'k1__k1__constant_value': np.float64(2.9810604273214416), 'k1__k1__constant_value_bounds': (1e-05, 100000.0), 'k1__k2__length_scale': array([6.56811411, 1.63223357, 0.13923157]), 'k1__k2__length_scale_bounds': (0.006568114108918938, 6.568114108918937), 'k1__k2__nu': np.float64(2.5), 'k2__noise_level': np.float64(9.999999999999982e-09), 'k2__noise_level_bounds': (1e-08, np.float64(0.07802897288883764))}",1,0.8,['noise_collapse']
2,3D Drug Combination,UCB,"1.73**2 * Matern(length_scale=[6.57, 1.63, 0.139], nu=2.5) + WhiteKernel(noise_level=1e-08)","{'k1': 1.73**2 * Matern(length_scale=[6.57, 1.63, 0.139], nu=2.5), 'k2': WhiteKernel(noise_level=1e-08), 'k1__k1': 1.73**2, 'k1__k2': Matern(length_scale=[6.57, 1.63, 0.139], nu=2.5), 'k1__k1__constant_value': np.float64(2.9810604273214416), 'k1__k1__constant_value_bounds': (1e-05, 100000.0), 'k1__k2__length_scale': array([6.56811411, 1.63223357, 0.13923157]), 'k1__k2__length_scale_bounds': (0.006568114108918938, 6.568114108918937), 'k1__k2__nu': np.float64(2.5), 'k2__noise_level': np.float64(9.999999999999982e-09), 'k2__noise_level_bounds': (1e-08, np.float64(0.07802897288883764))}","[0.6293452229528871, 0.6733530928475887, 0.5121096737172455]",-0.049611173183180195,0.7103704349302202,"[{'type': 'noise_collapse', 'severity': 0.8, 'details': {'noise_level': 1e-08}}]",{'acq': 'UCB'}
3,GP health,0.7237421118098529,-21.45438060049713,1.3964179045693496e-05,2026.4249822451193,1,0.8,['noise_collapse']
3,GP anomalies,Sum,"{'k1': 1.65**2 * Matern(length_scale=[6.47, 2.72, 0.152], nu=1.5), 'k2': WhiteKernel(noise_level=1.52e-08), 'k1__k1': 1.65**2, 'k1__k2': Matern(length_scale=[6.47, 2.72, 0.152], nu=1.5), 'k1__k1__constant_value': np.float64(2.732607665635952), 'k1__k1__constant_value_bounds': (1e-05, 100000.0), 'k1__k2__length_scale': array([6.4742651 , 2.71648248, 0.15234045]), 'k1__k2__length_scale_bounds': (0.0064742651001633116, 6.474265100163311), 'k1__k2__nu': np.float64(1.5), 'k2__noise_level': np.float64(1.5230092864689383e-08), 'k2__noise_level_bounds': (1e-08, np.float64(0.0747281915198833))}",1,0.8,['noise_collapse']
3,3D Drug Combination,UCB,"1.65**2 * Matern(length_scale=[6.47, 2.72, 0.152], nu=1.5) + WhiteKernel(noise_level=1.52e-08)","{'k1': 1.65**2 * Matern(length_scale=[6.47, 2.72, 0.152], nu=1.5), 'k2': WhiteKernel(noise_level=1.52e-08), 'k1__k1': 1.65**2, 'k1__k2': Matern(length_scale=[6.47, 2.72, 0.152], nu=1.5), 'k1__k1__constant_value': np.float64(2.732607665635952), 'k1__k1__constant_value_bounds': (1e-05, 100000.0), 'k1__k2__length_scale': array([6.4742651 , 2.71648248, 0.15234045]), 'k1__k2__length_scale_bounds': (0.0064742651001633116, 6.474265100163311), 'k1__k2__nu': np.float64(1.5), 'k2__noise_level': np.float64(1.5230092864689383e-08), 'k2__noise_level_bounds': (1e-08, np.float64(0.0747281915198833))}","[0.5815221285976824, 0.771793916336877, 0.41267603511980194]",-0.02054633263374417,0.7237421118098529,"[{'type': 'noise_collapse', 'severity': 0.8, 'details': {'noise_level': 1e-08}}]",{'acq': 'UCB'}
4,GP health,0.6934741959423174,-18.639426445112143,1.1347227630449088e-05,18945.01365890197,1,0.8,['noise_collapse']
4,GP anomalies,Sum,"{'k1': 1.97**2 * Matern(length_scale=[6.39, 1.73, 0.169], nu=2.5), 'k2': WhiteKernel(noise_level=1e-08), 'k1__k1': 1.97**2, 'k1__k2': Matern(length_scale=[6.39, 1.73, 0.169], nu=2.5), 'k1__k1__constant_value': np.float64(3.8995134741481956), 'k1__k1__constant_value_bounds': (1e-05, 100000.0), 'k1__k2__length_scale': array([6.39149837, 1.73483469, 0.1693435 ]), 'k1__k2__length_scale_bounds': (0.006391498372252454, 6.391498372252454), 'k1__k2__nu': np.float64(2.5), 'k2__noise_level': np.float64(9.999999999999982e-09), 'k2__noise_level_bounds': (1e-08, np.float64(0.07242063561825199))}",1,0.8,['noise_collapse']
4,3D Drug Combination,UCB,"1.97**2 * Matern(length_scale=[6.39, 1.73, 0.169], nu=2.5) + WhiteKernel(noise_level=1e-08)","{'k1': 1.97**2 * Matern(length_scale=[6.39, 1.73, 0.169], nu=2.5), 'k2': WhiteKernel(noise_level=1e-08), 'k1__k1': 1.97**2, 'k1__k2': Matern(length_scale=[6.39, 1.73, 0.169], nu=2.5), 'k1__k1__constant_value': np.float64(3.8995134741481956), 'k1__k1__constant_value_bounds': (1e-05, 100000.0), 'k1__k2__length_scale': array([6.39149837, 1.73483469, 0.1693435 ]), 'k1__k2__length_scale_bounds': (0.006391498372252454, 6.391498372252454), 'k1__k2__nu': np.float64(2.5), 'k2__noise_level': np.float64(9.999999999999982e-09), 'k2__noise_level_bounds': (1e-08, np.float64(0.07242063561825199))}","[0.5888161672811878, 0.8678249281754098, 0.39506277084720987]",-0.01861104057879305,0.6934741959423174,"[{'type': 'noise_collapse', 'severity': 0.8, 'details': {'noise_level': 1e-08}}]",{'acq': 'UCB'}
5,GP health,0.6888470620251873,-17.037556066688865,1.1360927434383236e-05,28318.190716123685,1,0.8,['noise_collapse']
5,GP anomalies,Sum,"{'k1': 2.03**2 * Matern(length_scale=[6.35, 1.87, 0.173], nu=2.5), 'k2': WhiteKernel(noise_level=1e-08), 'k1__k1': 2.03**2, 'k1__k2': Matern(length_scale=[6.35, 1.87, 0.173], nu=2.5), 'k1__k1__constant_value': np.float64(4.119811000502091), 'k1__k1__constant_value_bounds': (1e-05, 100000.0), 'k1__k2__length_scale': array([6.34795637, 1.87448645, 0.17347967]), 'k1__k2__length_scale_bounds': (0.006347956369786607, 6.347956369786607), 'k1__k2__nu': np.float64(2.5), 'k2__noise_level': np.float64(9.999999999999982e-09), 'k2__noise_level_bounds': (1e-08, np.float64(0.07013097657003757))}",1,0.8,['noise_collapse']
5,3D Drug Combination,UCB,"2.03**2 * Matern(length_scale=[6.35, 1.87, 0.173], nu=2.5) + WhiteKernel(noise_level=1e-08)","{'k1': 2.03**2 * Matern(length_scale=[6.35, 1.87, 0.173], nu=2.5), 'k2': WhiteKernel(noise_level=1e-08), 'k1__k1': 2.03**2, 'k1__k2': Matern(length_scale=[6.35, 1.87, 0.173], nu=2.5), 'k1__k1__constant_value': np.float64(4.119811000502091), 'k1__k1__constant_value_bounds': (1e-05, 100000.0), 'k1__k2__length_scale': array([6.34795637, 1.87448645, 0.17347967]), 'k1__k2__length_scale_bounds': (0.006347956369786607, 6.347956369786607), 'k1__k2__nu': np.float64(2.5), 'k2__noise_level': np.float64(9.999999999999982e-09), 'k2__noise_level_bounds': (1e-08, np.float64(0.07013097657003757))}","[0.5994554002238285, 0.9653680217511403, 0.4791960032073732]",-0.03747829190284081,0.6888470620251873,"[{'type': 'noise_collapse', 'severity': 0.8, 'details': {'noise_level': 1e-08}}]",{'acq': 'UCB'}
6,GP health,0.6861593964385647,-16.48117342806806,1.1275578630765672e-05,35085.47373642719,1,0.8,['noise_collapse']
6,GP anomalies,Sum,"{'k1': 2.06**2 * Matern(length_scale=[6.35, 1.93, 0.177], nu=2.5), 'k2': WhiteKernel(noise_level=1e-08), 'k1__k1': 2.06**2, 'k1__k2': Matern(length_scale=[6.35, 1.93, 0.177], nu=2.5), 'k1__k1__constant_value': np.float64(4.250460911984512), 'k1__k1__constant_value_bounds': (1e-05, 100000.0), 'k1__k2__length_scale': array([6.35077539, 1.92952305, 0.17657577]), 'k1__k2__length_scale_bounds': (0.006350775392006971, 6.350775392006971), 'k1__k2__nu': np.float64(2.5), 'k2__noise_level': np.float64(9.999999999999982e-09), 'k2__noise_level_bounds': (1e-08, np.float64(0.0673222252429981))}",1,0.8,['noise_collapse']
6,3D Drug Combination,UCB,"2.06**2 * Matern(length_scale=[6.35, 1.93, 0.177], nu=2.5) + WhiteKernel(noise_level=1e-08)","{'k1': 2.06**2 * Matern(length_scale=[6.35, 1.93, 0.177], nu=2.5), 'k2': WhiteKernel(noise_level=1e-08), 'k1__k1': 2.06**2, 'k1__k2': Matern(length_scale=[6.35, 1.93, 0.177], nu=2.5), 'k1__k1__constant_value': np.float64(4.250460911984512), 'k1__k1__constant_value_bounds': (1e-05, 100000.0), 'k1__k2__length_scale': array([6.35077539, 1.92952305, 0.17657577]), 'k1__k2__length_scale_bounds': (0.006350775392006971, 6.350775392006971), 'k1__k2__nu': np.float64(2.5), 'k2__noise_level': np.float64(9.999999999999982e-09), 'k2__noise_level_bounds': (1e-08, np.float64(0.0673222252429981))}","[0.44153397330817323, 0.7847426903177815, 0.37936450748746514]",-0.01854807039611371,0.6861593964385647,"[{'type': 'noise_collapse', 'severity': 0.8, 'details': {'noise_level': 1e-08}}]",{'acq': 'UCB'}
7,GP health,0.6819360528313456,-14.540767560760608,1.1265919203069344e-05,51906.887522227444,1,0.8,['noise_collapse']
7,GP anomalies,Sum,"{'k1': 2.05**2 * Matern(length_scale=[6.26, 1.94, 0.178], nu=2.5), 'k2': WhiteKernel(noise_level=1e-08), 'k1__k1': 2.05**2, 'k1__k2': Matern(length_scale=[6.26, 1.94, 0.178], nu=2.5), 'k1__k1__constant_value': np.float64(4.184859317287044), 'k1__k1__constant_value_bounds': (1e-05, 100000.0), 'k1__k2__length_scale': array([6.26087553, 1.93517248, 0.17821348]), 'k1__k2__length_scale_bounds': (0.006260875526356865, 6.260875526356865), 'k1__k2__nu': np.float64(2.5), 'k2__noise_level': np.float64(9.999999999999982e-09), 'k2__noise_level_bounds': (1e-08, np.float64(0.06505936213860629))}",1,0.8,['noise_collapse']
7,3D Drug Combination,UCB,"2.05**2 * Matern(length_scale=[6.26, 1.94, 0.178], nu=2.5) + WhiteKernel(noise_level=1e-08)","{'k1': 2.05**2 * Matern(length_scale=[6.26, 1.94, 0.178], nu=2.5), 'k2': WhiteKernel(noise_level=1e-08), 'k1__k1': 2.05**2, 'k1__k2': Matern(length_scale=[6.26, 1.94, 0.178], nu=2.5), 'k1__k1__constant_value': np.float64(4.184859317287044), 'k1__k1__constant_value_bounds': (1e-05, 100000.0), 'k1__k2__length_scale': array([6.26087553, 1.93517248, 0.17821348]), 'k1__k2__length_scale_bounds': (0.006260875526356865, 6.260875526356865), 'k1__k2__nu': np.float64(2.5), 'k2__noise_level': np.float64(9.999999999999982e-09), 'k2__noise_level_bounds': (1e-08, np.float64(0.06505936213860629))}","[0.3783930656835411, 0.9703750269097275, 0.4114608268522199]",-0.022296927211505696,0.6819360528313456,"[{'type': 'noise_collapse', 'severity': 0.8, 'details': {'noise_level': 1e-08}}]",{'acq': 'UCB'}
8,GP health,0.6697238510461011,-12.866834800722481,1.1228907020045913e-05,131546.22015063732,1,0.8,['noise_collapse']
8,GP anomalies,Sum,"{'k1': 2.16**2 * Matern(length_scale=[6.25, 2.03, 0.189], nu=2.5), 'k2': WhiteKernel(noise_level=1e-08), 'k1__k1': 2.16**2, 'k1__k2': Matern(length_scale=[6.25, 2.03, 0.189], nu=2.5), 'k1__k1__constant_value': np.float64(4.651332788606763), 'k1__k1__constant_value_bounds': (1e-05, 100000.0), 'k1__k2__length_scale': array([6.25174783, 2.03118129, 0.18856377]), 'k1__k2__length_scale_bounds': (0.006251747828227282, 6.251747828227282), 'k1__k2__nu': np.float64(2.5), 'k2__noise_level': np.float64(9.999999999999982e-09), 'k2__noise_level_bounds': (1e-08, np.float64(0.0627197363866096))}",1,0.8,['noise_collapse']
8,3D Drug Combination,UCB,"2.16**2 * Matern(length_scale=[6.25, 2.03, 0.189], nu=2.5) + WhiteKernel(noise_level=1e-08)","{'k1': 2.16**2 * Matern(length_scale=[6.25, 2.03, 0.189], nu=2.5), 'k2': WhiteKernel(noise_level=1e-08), 'k1__k1': 2.16**2, 'k1__k2': Matern(length_scale=[6.25, 2.03, 0.189], nu=2.5), 'k1__k1__constant_value': np.float64(4.651332788606763), 'k1__k1__constant_value_bounds': (1e-05, 100000.0), 'k1__k2__length_scale': array([6.25174783, 2.03118129, 0.18856377]), 'k1__k2__length_scale_bounds': (0.006251747828227282, 6.251747828227282), 'k1__k2__nu': np.float64(2.5), 'k2__noise_level': np.float64(9.999999999999982e-09), 'k2__noise_level_bounds': (1e-08, np.float64(0.0627197363866096))}","[0.3397559404858156, 0.7491257347170218, 0.3947737747224204]",-0.018165640855201268,0.6697238510461011,"[{'type': 'noise_collapse', 'severity': 0.8, 'details': {'noise_level': 1e-08}}]",{'acq': 'UCB'}
9,GP health,0.648915763734868,-10.262690829324761,1.1201381202438463e-05,633458.5278036477,1,0.8,['noise_collapse']
9,GP anomalies,Sum,"{'k1': 2.31**2 * Matern(length_scale=[6.16, 2.12, 0.204], nu=2.5), 'k2': WhiteKernel(noise_level=1e-08), 'k1__k1': 2.31**2, 'k1__k2': Matern(length_scale=[6.16, 2.12, 0.204], nu=2.5), 'k1__k1__constant_value': np.float64(5.3479126313414636), 'k1__k1__constant_value_bounds': (1e-05, 100000.0), 'k1__k2__length_scale': array([6.16424213, 2.11956032, 0.20370075]), 'k1__k2__length_scale_bounds': (0.006164242131557149, 6.164242131557149), 'k1__k2__nu': np.float64(2.5), 'k2__noise_level': np.float64(9.999999999999982e-09), 'k2__noise_level_bounds': (1e-08, np.float64(0.060514865890726216))}",1,0.8,['noise_collapse']
9,3D Drug Combination,UCB,"2.31**2 * Matern(length_scale=[6.16, 2.12, 0.204], nu=2.5) + WhiteKernel(noise_level=1e-08)","{'k1': 2.31**2 * Matern(length_scale=[6.16, 2.12, 0.204], nu=2.5), 'k2': WhiteKernel(noise_level=1e-08), 'k1__k1': 2.31**2, 'k1__k2': Matern(length_scale=[6.16, 2.12, 0.204], nu=2.5), 'k1__k1__constant_value': np.float64(5.3479126313414636), 'k1__k1__constant_value_bounds': (1e-05, 100000.0), 'k1__k2__length_scale': array([6.16424213, 2.11956032, 0.20370075]), 'k1__k2__length_scale_bounds': (0.006164242131557149, 6.164242131557149), 'k1__k2__nu': np.float64(2.5), 'k2__noise_level': np.float64(9.999999999999982e-09), 'k2__noise_level_bounds': (1e-08, np.float64(0.060514865890726216))}","[0.2691860822107462, 0.8051211905111055, 0.5538335713757957]",-0.04815907647762073,0.648915763734868,"[{'type': 'noise_collapse', 'severity': 0.8, 'details': {'noise_level': 1e-08}}]",{'acq': 'UCB'}
10,GP health,0.6478683078449241,-9.891098996226575,1.1073004312685788e-05,694196.8588288167,1,0.8,['noise_collapse']
10,GP anomalies,Sum,"{'k1': 2.33**2 * Matern(length_scale=[6.12, 2.12, 0.207], nu=2.5), 'k2': WhiteKernel(noise_level=1e-08), 'k1__k1': 2.33**2, 'k1__k2': Matern(length_scale=[6.12, 2.12, 0.207], nu=2.5), 'k1__k1__constant_value': np.float64(5.440834298347104), 'k1__k1__constant_value_bounds': (1e-05, 100000.0), 'k1__k2__length_scale': array([6.12211842, 2.12073971, 0.20660508]), 'k1__k2__length_scale_bounds': (0.006122118415237232, 6.122118415237232), 'k1__k2__nu': np.float64(2.5), 'k2__noise_level': np.float64(9.999999999999982e-09), 'k2__noise_level_bounds': (1e-08, np.float64(0.05786014068910641))}",1,0.8,['noise_collapse']
10,3D Drug Combination,UCB,"2.33**2 * Matern(length_scale=[6.12, 2.12, 0.207], nu=2.5) + WhiteKernel(noise_level=1e-08)","{'k1': 2.33**2 * Matern(length_scale=[6.12, 2.12, 0.207], nu=2.5), 'k2': WhiteKernel(noise_level=1e-08), 'k1__k1': 2.33**2, 'k1__k2': Matern(length_scale=[6.12, 2.12, 0.207], nu=2.5), 'k1__k1__constant_value': np.float64(5.440834298347104), 'k1__k1__constant_value_bounds': (1e-05, 100000.0), 'k1__k2__length_scale': array([6.12211842, 2.12073971, 0.20660508]), 'k1__k2__length_scale_bounds': (0.006122118415237232, 6.122118415237232), 'k1__k2__nu': np.float64(2.5), 'k2__noise_level': np.float64(9.999999999999982e-09), 'k2__noise_level_bounds': (1e-08, np.float64(0.05786014068910641))}","[0.1921779055763108, 0.7302884869077797, 0.4193249578614867]",-0.02235240791292388,0.6478683078449241,"[{'type': 'noise_collapse', 'severity': 0.8, 'details': {'noise_level': 1e-08}}]",{'acq': 'UCB'}
11,GP health,0.6881961907877874,-14.297054315163425,1.1022240679521171e-05,34109.722560062844,1,0.8,['noise_collapse']
11,GP anomalies,Sum,"{'k1': 1.71**2 * Matern(length_scale=[6.07, 2.91, 0.187], nu=1.5), 'k2': WhiteKernel(noise_level=1e-08), 'k1__k1': 1.71**2, 'k1__k2': Matern(length_scale=[6.07, 2.91, 0.187], nu=1.5), 'k1__k1__constant_value': np.float64(2.940539837371773), 'k1__k1__constant_value_bounds': (1e-05, 100000.0), 'k1__k2__length_scale': array([6.06718807, 2.90792314, 0.18719793]), 'k1__k2__length_scale_bounds': (0.00606718807422136, 6.06718807422136), 'k1__k2__nu': np.float64(1.5), 'k2__noise_level': np.float64(9.999999999999982e-09), 'k2__noise_level_bounds': (1e-08, np.float64(0.055706657289155935))}",1,0.8,['noise_collapse']
11,3D Drug Combination,UCB,"1.71**2 * Matern(length_scale=[6.07, 2.91, 0.187], nu=1.5) + WhiteKernel(noise_level=1e-08)","{'k1': 1.71**2 * Matern(length_scale=[6.07, 2.91, 0.187], nu=1.5), 'k2': WhiteKernel(noise_level=1e-08), 'k1__k1': 1.71**2, 'k1__k2': Matern(length_scale=[6.07, 2.91, 0.187], nu=1.5), 'k1__k1__constant_value': np.float64(2.940539837371773), 'k1__k1__constant_value_bounds': (1e-05, 100000.0), 'k1__k2__length_scale': array([6.06718807, 2.90792314, 0.18719793]), 'k1__k2__length_scale_bounds': (0.00606718807422136, 6.06718807422136), 'k1__k2__nu': np.float64(1.5), 'k2__noise_level': np.float64(9.999999999999982e-09), 'k2__noise_level_bounds': (1e-08, np.float64(0.055706657289155935))}","[0.17969216625942297, 0.8576792080755262, 0.36549654179842817]",-0.024447542079229313,0.6881961907877874,"[{'type': 'noise_collapse', 'severity': 0.8, 'details': {'noise_level': 1e-08}}]",{'acq': 'UCB'}
12,GP health,0.6808635849681459,-13.228648615838196,1.0960560487694454e-05,59811.19951679413,1,0.8,['noise_collapse']
12,GP anomalies,Sum,"{'k1': 1.74**2 * Matern(length_scale=[6.04, 2.94, 0.193], nu=1.5), 'k2': WhiteKernel(noise_level=1e-08), 'k1__k1': 1.74**2, 'k1__k2': Matern(length_scale=[6.04, 2.94, 0.193], nu=1.5), 'k1__k1__constant_value': np.float64(3.012797928387369), 'k1__k1__constant_value_bounds': (1e-05, 100000.0), 'k1__k2__length_scale': array([6.04295963, 2.94248058, 0.19268939]), 'k1__k2__length_scale_bounds': (0.006042959634203063, 6.042959634203063), 'k1__k2__nu': np.float64(1.5), 'k2__noise_level': np.float64(9.999999999999982e-09), 'k2__noise_level_bounds': (1e-08, np.float64(0.05357886491794144))}",1,0.8,['noise_collapse']
12,3D Drug Combination,UCB,"1.74**2 * Matern(length_scale=[6.04, 2.94, 0.193], nu=1.5) + WhiteKernel(noise_level=1e-08)","{'k1': 1.74**2 * Matern(length_scale=[6.04, 2.94, 0.193], nu=1.5), 'k2': WhiteKernel(noise_level=1e-08), 'k1__k1': 1.74**2, 'k1__k2': Matern(length_scale=[6.04, 2.94, 0.193], nu=1.5), 'k1__k1__constant_value': np.float64(3.012797928387369), 'k1__k1__constant_value_bounds': (1e-05, 100000.0), 'k1__k2__length_scale': array([6.04295963, 2.94248058, 0.19268939]), 'k1__k2__length_scale_bounds': (0.006042959634203063, 6.042959634203063), 'k1__k2__nu': np.float64(1.5), 'k2__noise_level': np.float64(9.999999999999982e-09), 'k2__noise_level_bounds': (1e-08, np.float64(0.05357886491794144))}","[0.24405381267122134, 0.7849057295038746, 0.4436865233035021]",-0.02806067203720946,0.6808635849681459,"[{'type': 'noise_collapse', 'severity': 0.8, 'details': {'noise_level': 1e-08}}]",{'acq': 'UCB'}
13,GP health,0.643937688660509,-3.604648517249771,1.0885583931063313e-05,2296014.818843454,1,0.8,['noise_collapse']
13,GP anomalies,Sum,"{'k1': 2.6**2 * RBF(length_scale=[5.98, 1.29, 0.143]), 'k2': WhiteKernel(noise_level=5.75e-05), 'k1__k1': 2.6**2, 'k1__k2': RBF(length_scale=[5.98, 1.29, 0.143]), 'k1__k1__constant_value': np.float64(6.767746830989512), 'k1__k1__constant_value_bounds': (1e-05, 100000.0), 'k1__k2__length_scale': array([5.97821398, 1.29119287, 0.14291723]), 'k1__k2__length_scale_bounds': (0.005978213977172424, 5.978213977172424), 'k2__noise_level': np.float64(5.754950212440236e-05), 'k2__noise_level_bounds': (1e-08, np.float64(0.05146795427382145))}",1,0.8,['noise_collapse']
13,3D Drug Combination,UCB,"2.6**2 * RBF(length_scale=[5.98, 1.29, 0.143]) + WhiteKernel(noise_level=5.75e-05)","{'k1': 2.6**2 * RBF(length_scale=[5.98, 1.29, 0.143]), 'k2': WhiteKernel(noise_level=5.75e-05), 'k1__k1': 2.6**2, 'k1__k2': RBF(length_scale=[5.98, 1.29, 0.143]), 'k1__k1__constant_value': np.float64(6.767746830989512), 'k1__k1__constant_value_bounds': (1e-05, 100000.0), 'k1__k2__length_scale': array([5.97821398, 1.29119287, 0.14291723]), 'k1__k2__length_scale_bounds': (0.005978213977172424, 5.978213977172424), 'k2__noise_level': np.float64(5.754950212440236e-05), 'k2__noise_level_bounds': (1e-08, np.float64(0.05146795427382145))}","[0.229898933998331, 0.739637530104067, 0.39275936174054166]",-0.018075665314145922,0.643937688660509,"[{'type': 'noise_collapse', 'severity': 0.8, 'details': {'noise_level': 1e-08}}]",{'acq': 'UCB'}
14,GP health,0.6186631995511866,0.23460179278892923,1.0839872686980423e-05,8816272.253132245,1,0.8,['noise_collapse']
14,GP anomalies,Sum,"{'k1': 2.4**2 * Matern(length_scale=[5.91, 2.18, 0.218], nu=2.5), 'k2': WhiteKernel(noise_level=1e-08), 'k1__k1': 2.4**2, 'k1__k2': Matern(length_scale=[5.91, 2.18, 0.218], nu=2.5), 'k1__k1__constant_value': np.float64(5.74899792524028), 'k1__k1__constant_value_bounds': (1e-05, 100000.0), 'k1__k2__length_scale': array([5.90670558, 2.1837879 , 0.21795932]), 'k1__k2__length_scale_bounds': (0.00590670557722044, 5.90670557722044), 'k1__k2__nu': np.float64(2.5), 'k2__noise_level': np.float64(9.999999999999982e-09), 'k2__noise_level_bounds': (1e-08, np.float64(0.04957182657622224))}",1,0.8,['noise_collapse']
14,3D Drug Combination,UCB,"2.4**2 * Matern(length_scale=[5.91, 2.18, 0.218], nu=2.5) + WhiteKernel(noise_level=1e-08)","{'k1': 2.4**2 * Matern(length_scale=[5.91, 2.18, 0.218], nu=2.5), 'k2': WhiteKernel(noise_level=1e-08), 'k1__k1': 2.4**2, 'k1__k2': Matern(length_scale=[5.91, 2.18, 0.218], nu=2.5), 'k1__k1__constant_value': np.float64(5.74899792524028), 'k1__k1__constant_value_bounds': (1e-05, 100000.0), 'k1__k2__length_scale': array([5.90670558, 2.1837879 , 0.21795932]), 'k1__k2__length_scale_bounds': (0.00590670557722044, 5.90670557722044), 'k1__k2__nu': np.float64(2.5), 'k2__noise_level': np.float64(9.999999999999982e-09), 'k2__noise_level_bounds': (1e-08, np.float64(0.04957182657622224))}","[0.20835056405452826, 0.6207678194104016, 0.377076258681052]",-0.019676492969325013,0.6186631995511866,"[{'type': 'noise_collapse', 'severity': 0.8, 'details': {'noise_level': 1e-08}}]",{'acq': 'UCB'}
15,GP health,0.6147049553525846,2.7601181534227663,1.0785979433100842e-05,13208484.23783829,1,0.8,['noise_collapse']
15,GP anomalies,Sum,"{'k1': 2.42**2 * Matern(length_scale=[5.83, 2.23, 0.22], nu=2.5), 'k2': WhiteKernel(noise_level=1e-08), 'k1__k1': 2.42**2, 'k1__k2': Matern(length_scale=[5.83, 2.23, 0.22], nu=2.5), 'k1__k1__constant_value': np.float64(5.870869080365462), 'k1__k1__constant_value_bounds': (1e-05, 100000.0), 'k1__k2__length_scale': array([5.83447504, 2.23365165, 0.22043363]), 'k1__k2__length_scale_bounds': (0.005834475038111739, 5.834475038111739), 'k1__k2__nu': np.float64(2.5), 'k2__noise_level': np.float64(9.999999999999982e-09), 'k2__noise_level_bounds': (1e-08, np.float64(0.04770838338772917))}",1,0.8,['noise_collapse']
15,3D Drug Combination,UCB,"2.42**2 * Matern(length_scale=[5.83, 2.23, 0.22], nu=2.5) + WhiteKernel(noise_level=1e-08)","{'k1': 2.42**2 * Matern(length_scale=[5.83, 2.23, 0.22], nu=2.5), 'k2': WhiteKernel(noise_level=1e-08), 'k1__k1': 2.42**2, 'k1__k2': Matern(length_scale=[5.83, 2.23, 0.22], nu=2.5), 'k1__k1__constant_value': np.float64(5.870869080365462), 'k1__k1__constant_value_bounds': (1e-05, 100000.0), 'k1__k2__length_scale': array([5.83447504, 2.23365165, 0.22043363]), 'k1__k2__length_scale_bounds': (0.005834475038111739, 5.834475038111739), 'k1__k2__nu': np.float64(2.5), 'k2__noise_level': np.float64(9.999999999999982e-09), 'k2__noise_level_bounds': (1e-08, np.float64(0.04770838338772917))}","[0.14708595337889308, 0.7879169752884286, 0.3871553107146385]",-0.018244317094078893,0.6147049553525846,"[{'type': 'noise_collapse', 'severity': 0.8, 'details': {'noise_level': 1e-08}}]",{'acq': 'UCB'}
16,GP health,0.601508693266207,6.558126258964926,1.0733940604424319e-05,40008067.53505878,1,0.8,['noise_collapse']
16,GP anomalies,Sum,"{'k1': 2.53**2 * Matern(length_scale=[5.79, 2.32, 0.229], nu=2.5), 'k2': WhiteKernel(noise_level=1e-08), 'k1__k1': 2.53**2, 'k1__k2': Matern(length_scale=[5.79, 2.32, 0.229], nu=2.5), 'k1__k1__constant_value': np.float64(6.380922808126487), 'k1__k1__constant_value_bounds': (1e-05, 100000.0), 'k1__k2__length_scale': array([5.79257965, 2.31883538, 0.22875606]), 'k1__k2__length_scale_bounds': (0.005792579654343306, 5.792579654343307), 'k1__k2__nu': np.float64(2.5), 'k2__noise_level': np.float64(9.999999999999982e-09), 'k2__noise_level_bounds': (1e-08, np.float64(0.045922224572253374))}",1,0.8,['noise_collapse']
16,3D Drug Combination,UCB,"2.53**2 * Matern(length_scale=[5.79, 2.32, 0.229], nu=2.5) + WhiteKernel(noise_level=1e-08)","{'k1': 2.53**2 * Matern(length_scale=[5.79, 2.32, 0.229], nu=2.5), 'k2': WhiteKernel(noise_level=1e-08), 'k1__k1': 2.53**2, 'k1__k2': Matern(length_scale=[5.79, 2.32, 0.229], nu=2.5), 'k1__k1__constant_value': np.float64(6.380922808126487), 'k1__k1__constant_value_bounds': (1e-05, 100000.0), 'k1__k2__length_scale': array([5.79257965, 2.31883538, 0.22875606]), 'k1__k2__length_scale_bounds': (0.005792579654343306, 5.792579654343307), 'k1__k2__nu': np.float64(2.5), 'k2__noise_level': np.float64(9.999999999999982e-09), 'k2__noise_level_bounds': (1e-08, np.float64(0.045922224572253374))}","[0.07347778793652099, 0.6819622696666435, 0.3826060970891682]",-0.018288920291602333,0.601508693266207,"[{'type': 'noise_collapse', 'severity': 0.8, 'details': {'noise_level': 1e-08}}]",{'acq': 'UCB'}
17,GP health,0.5966065966837668,10.532575859790903,1.0679635511255525e-05,68939813.10676193,1,0.8,['noise_collapse']
17,GP anomalies,Sum,"{'k1': 2.52**2 * Matern(length_scale=[5.76, 2.34, 0.229], nu=2.5), 'k2': WhiteKernel(noise_level=1e-08), 'k1__k1': 2.52**2, 'k1__k2': Matern(length_scale=[5.76, 2.34, 0.229], nu=2.5), 'k1__k1__constant_value': np.float64(6.331082641411481), 'k1__k1__constant_value_bounds': (1e-05, 100000.0), 'k1__k2__length_scale': array([5.75956405, 2.33908983, 0.2288087 ]), 'k1__k2__length_scale_bounds': (0.005759564050852779, 5.759564050852779), 'k1__k2__nu': np.float64(2.5), 'k2__noise_level': np.float64(9.999999999999982e-09), 'k2__noise_level_bounds': (1e-08, np.float64(0.04419261949603385))}",1,0.8,['noise_collapse']
17,0.45621208686427134,1.0,0.03479747482199522,-55.338602794982236,2,0.75
17,GP health BAD,0.45621208686427134
17,3D Drug Combination,UCB,0.942**2 * RBF(length_scale=1e-05) + WhiteKernel(noise_level=0.113),"{'k1': 0.942**2 * RBF(length_scale=1e-05), 'k2': WhiteKernel(noise_level=0.113), 'k1__k1': 0.942**2, 'k1__k2': RBF(length_scale=1e-05), 'k1__k1__constant_value': np.float64(0.8869174456512369), 'k1__k1__constant_value_bounds': (1e-05, 100000.0), 'k1__k2__length_scale': np.float64(9.999999999999997e-06), 'k1__k2__length_scale_bounds': (1e-05, 100000.0), 'k2__noise_level': np.float64(0.11308255749832918), 'k2__noise_level_bounds': (1e-05, 100000.0)}","[0.2552169651262295, 0.7384930115793664, 0.382706640076038]",-0.07653790643854308,0.45621208686427134,"[{'type': 'lengthscale_collapse', 'severity': 0.9, 'details': {'lengthscales': [1e-05]}}, {'type': 'heteroscedasticity', 'severity': 0.6, 'details': {'corr_residuals': np.float64(-0.7573774734253872)}}]",{'acq': 'UCB'}
18,GP health,0.7193395688331206,-25.028881279487077,0.017879885932516514,1585.2426771058829,1,0.8,['noise_collapse']
18,GP anomalies,Sum,"{'k1': 1.67**2 * Matern(length_scale=[5.68, 5.68, 0.154], nu=1.5), 'k2': WhiteKernel(noise_level=0.0376), 'k1__k1': 1.67**2, 'k1__k2': Matern(length_scale=[5.68, 5.68, 0.154], nu=1.5), 'k1__k1__constant_value': np.float64(2.7741261770579553), 'k1__k1__constant_value_bounds': (1e-05, 100000.0), 'k1__k2__length_scale': array([5.68385762, 5.68385762, 0.15367528]), 'k1__k2__length_scale_bounds': (0.005683857618854553, 5.683857618854553), 'k1__k2__nu': np.float64(1.5), 'k2__noise_level': np.float64(0.037552751779196494), 'k2__noise_level_bounds': (1e-08, np.float64(0.042206133669046644))}",1,0.8,['noise_collapse']
18,3D Drug Combination,UCB,"1.67**2 * Matern(length_scale=[5.68, 5.68, 0.154], nu=1.5) + WhiteKernel(noise_level=0.0376)","{'k1': 1.67**2 * Matern(length_scale=[5.68, 5.68, 0.154], nu=1.5), 'k2': WhiteKernel(noise_level=0.0376), 'k1__k1': 1.67**2, 'k1__k2': Matern(length_scale=[5.68, 5.68, 0.154], nu=1.5), 'k1__k1__constant_value': np.float64(2.7741261770579553), 'k1__k1__constant_value_bounds': (1e-05, 100000.0), 'k1__k2__length_scale': array([5.68385762, 5.68385762, 0.15367528]), 'k1__k2__length_scale_bounds': (0.005683857618854553, 5.683857618854553), 'k1__k2__nu': np.float64(1.5), 'k2__noise_level': np.float64(0.037552751779196494), 'k2__noise_level_bounds': (1e-08, np.float64(0.042206133669046644))}","[0.5265613978041125, 0.9992514123279108, 0.4158287201418527]",-0.018983769535281567,0.7193395688331206,"[{'type': 'noise_collapse', 'severity': 0.8, 'details': {'noise_level': 1e-08}}]",{'acq': 'UCB'}
19,GP health,0.7182750898994842,-24.70014343102509,0.017410796105919616,1751.7072824314926,1,0.8,['noise_collapse']
19,GP anomalies,Sum,"{'k1': 1.68**2 * Matern(length_scale=[5.68, 5.68, 0.155], nu=1.5), 'k2': WhiteKernel(noise_level=0.0361), 'k1__k1': 1.68**2, 'k1__k2': Matern(length_scale=[5.68, 5.68, 0.155], nu=1.5), 'k1__k1__constant_value': np.float64(2.8215656374142872), 'k1__k1__constant_value_bounds': (1e-05, 100000.0), 'k1__k2__length_scale': array([5.67718394, 5.67718394, 0.15483195]), 'k1__k2__length_scale_bounds': (0.005677183938362935, 5.677183938362935), 'k1__k2__nu': np.float64(1.5), 'k2__noise_level': np.float64(0.03611161031582362), 'k2__noise_level_bounds': (1e-08, np.float64(0.0406148683700884))}",1,0.8,['noise_collapse']
19,3D Drug Combination,UCB,"1.68**2 * Matern(length_scale=[5.68, 5.68, 0.155], nu=1.5) + WhiteKernel(noise_level=0.0361)","{'k1': 1.68**2 * Matern(length_scale=[5.68, 5.68, 0.155], nu=1.5), 'k2': WhiteKernel(noise_level=0.0361), 'k1__k1': 1.68**2, 'k1__k2': Matern(length_scale=[5.68, 5.68, 0.155], nu=1.5), 'k1__k1__constant_value': np.float64(2.8215656374142872), 'k1__k1__constant_value_bounds': (1e-05, 100000.0), 'k1__k2__length_scale': array([5.67718394, 5.67718394, 0.15483195]), 'k1__k2__length_scale_bounds': (0.005677183938362935, 5.677183938362935), 'k1__k2__nu': np.float64(1.5), 'k2__noise_level': np.float64(0.03611161031582362), 'k2__noise_level_bounds': (1e-08, np.float64(0.0406148683700884))}","[0.6630500703280455, 0.976272255740816, 0.40341858066859976]",-0.018358889976390742,0.7182750898994842,"[{'type': 'noise_collapse', 'severity': 0.8, 'details': {'noise_level': 1e-08}}]",{'acq': 'UCB'}
20,GP health,0.7139275511273634,-21.777004865933222,0.015898220025440755,2948.370648293825,1,0.8,['noise_collapse']
20,GP anomalies,Sum,"{'k1': 2.13**2 * RBF(length_scale=[5.68, 4.6, 0.107]), 'k2': WhiteKernel(noise_level=0.0296), 'k1__k1': 2.13**2, 'k1__k2': RBF(length_scale=[5.68, 4.6, 0.107]), 'k1__k1__constant_value': np.float64(4.524880260934809), 'k1__k1__constant_value_bounds': (1e-05, 100000.0), 'k1__k2__length_scale': array([5.68087386, 4.6044593 , 0.10678004]), 'k1__k2__length_scale_bounds': (0.0056808738592053895, 5.68087385920539), 'k2__noise_level': np.float64(0.029629686210036657), 'k2__noise_level_bounds': (1e-08, np.float64(0.03908388357379297))}",1,0.8,['noise_collapse']
20,3D Drug Combination,UCB,"2.13**2 * RBF(length_scale=[5.68, 4.6, 0.107]) + WhiteKernel(noise_level=0.0296)","{'k1': 2.13**2 * RBF(length_scale=[5.68, 4.6, 0.107]), 'k2': WhiteKernel(noise_level=0.0296), 'k1__k1': 2.13**2, 'k1__k2': RBF(length_scale=[5.68, 4.6, 0.107]), 'k1__k1__constant_value': np.float64(4.524880260934809), 'k1__k1__constant_value_bounds': (1e-05, 100000.0), 'k1__k2__length_scale': array([5.68087386, 4.6044593 , 0.10678004]), 'k1__k2__length_scale_bounds': (0.0056808738592053895, 5.68087385920539), 'k2__noise_level': np.float64(0.029629686210036657), 'k2__noise_level_bounds': (1e-08, np.float64(0.03908388357379297))}","[0.7959824394053867, 0.9962228075695927, 0.39772943753389645]",-0.01728652983358643,0.7139275511273634,"[{'type': 'noise_collapse', 'severity': 0.8, 'details': {'noise_level': 1e-08}}]",{'acq': 'UCB'}
21,GP health,0.7130690349081861,-21.330836215046297,0.015526401435944302,3247.5039047540404,1,0.8,['noise_collapse']
21,GP anomalies,Sum,"{'k1': 2.15**2 * RBF(length_scale=[5.72, 4.61, 0.107]), 'k2': WhiteKernel(noise_level=0.0288), 'k1__k1': 2.15**2, 'k1__k2': RBF(length_scale=[5.72, 4.61, 0.107]), 'k1__k1__constant_value': np.float64(4.60820495962944), 'k1__k1__constant_value_bounds': (1e-05, 100000.0), 'k1__k2__length_scale': array([5.71805372, 4.60653656, 0.10705725]), 'k1__k2__length_scale_bounds': (0.005718053723919682, 5.718053723919682), 'k2__noise_level': np.float64(0.028769621791213822), 'k2__noise_level_bounds': (1e-08, np.float64(0.037615308276288374))}",1,0.8,['noise_collapse']
21,3D Drug Combination,UCB,"2.15**2 * RBF(length_scale=[5.72, 4.61, 0.107]) + WhiteKernel(noise_level=0.0288)","{'k1': 2.15**2 * RBF(length_scale=[5.72, 4.61, 0.107]), 'k2': WhiteKernel(noise_level=0.0288), 'k1__k1': 2.15**2, 'k1__k2': RBF(length_scale=[5.72, 4.61, 0.107]), 'k1__k1__constant_value': np.float64(4.60820495962944), 'k1__k1__constant_value_bounds': (1e-05, 100000.0), 'k1__k2__length_scale': array([5.71805372, 4.60653656, 0.10705725]), 'k1__k2__length_scale_bounds': (0.005718053723919682, 5.718053723919682), 'k2__noise_level': np.float64(0.028769621791213822), 'k2__noise_level_bounds': (1e-08, np.float64(0.037615308276288374))}","[0.903793837092867, 1.0, 0.40599424606140744]",-0.016824534701129795,0.7130690349081861,"[{'type': 'noise_collapse', 'severity': 0.8, 'details': {'noise_level': 1e-08}}]",{'acq': 'UCB'}
22,GP health,0.712245027041313,-20.862974420821104,0.015168684991072984,3578.3747687589307,1,0.8,['noise_collapse']
22,GP anomalies,Sum,"{'k1': 2.17**2 * RBF(length_scale=[5.78, 4.59, 0.107]), 'k2': WhiteKernel(noise_level=0.028), 'k1__k1': 2.17**2, 'k1__k2': RBF(length_scale=[5.78, 4.59, 0.107]), 'k1__k1__constant_value': np.float64(4.697773677308644), 'k1__k1__constant_value_bounds': (1e-05, 100000.0), 'k1__k2__length_scale': array([5.7794477 , 4.59242294, 0.10734419]), 'k1__k2__length_scale_bounds': (0.0057794477019050975, 5.779447701905097), 'k2__noise_level': np.float64(0.027955554481105906), 'k2__noise_level_bounds': (1e-08, np.float64(0.03620130969795146))}",1,0.8,['noise_collapse']
22,3D Drug Combination,UCB,"2.17**2 * RBF(length_scale=[5.78, 4.59, 0.107]) + WhiteKernel(noise_level=0.028)","{'k1': 2.17**2 * RBF(length_scale=[5.78, 4.59, 0.107]), 'k2': WhiteKernel(noise_level=0.028), 'k1__k1': 2.17**2, 'k1__k2': RBF(length_scale=[5.78, 4.59, 0.107]), 'k1__k1__constant_value': np.float64(4.697773677308644), 'k1__k1__constant_value_bounds': (1e-05, 100000.0), 'k1__k2__length_scale': array([5.7794477 , 4.59242294, 0.10734419]), 'k1__k2__length_scale_bounds': (0.0057794477019050975, 5.779447701905097), 'k2__noise_level': np.float64(0.027955554481105906), 'k2__noise_level_bounds': (1e-08, np.float64(0.03620130969795146))}","[1.0, 1.0, 0.402602272994364]",-0.016267921057431932,0.712245027041313,"[{'type': 'noise_collapse', 'severity': 0.8, 'details': {'noise_level': 1e-08}}]",{'acq': 'UCB'}
23,GP health,0.7114489245243929,-20.374383174412458,0.014826245593546991,3941.820201737062,1,0.8,['noise_collapse']
23,GP anomalies,Sum,"{'k1': 2.19**2 * RBF(length_scale=[5.86, 4.58, 0.108]), 'k2': WhiteKernel(noise_level=0.0272), 'k1__k1': 2.19**2, 'k1__k2': RBF(length_scale=[5.86, 4.58, 0.108]), 'k1__k1__constant_value': np.float64(4.793421122155341), 'k1__k1__constant_value_bounds': (1e-05, 100000.0), 'k1__k2__length_scale': array([5.86134398, 4.57892484, 0.10762471]), 'k1__k2__length_scale_bounds': (0.005861343976033221, 5.861343976033221), 'k2__noise_level': np.float64(0.027194986238046014), 'k2__noise_level_bounds': (1e-08, np.float64(0.034841031962604886))}",1,0.8,['noise_collapse']
23,3D Drug Combination,UCB,"2.19**2 * RBF(length_scale=[5.86, 4.58, 0.108]) + WhiteKernel(noise_level=0.0272)","{'k1': 2.19**2 * RBF(length_scale=[5.86, 4.58, 0.108]), 'k2': WhiteKernel(noise_level=0.0272), 'k1__k1': 2.19**2, 'k1__k2': RBF(length_scale=[5.86, 4.58, 0.108]), 'k1__k1__constant_value': np.float64(4.793421122155341), 'k1__k1__constant_value_bounds': (1e-05, 100000.0), 'k1__k2__length_scale': array([5.86134398, 4.57892484, 0.10762471]), 'k1__k2__length_scale_bounds': (0.005861343976033221, 5.861343976033221), 'k2__noise_level': np.float64(0.027194986238046014), 'k2__noise_level_bounds': (1e-08, np.float64(0.034841031962604886))}","[1.0, 1.0, 0.3988454985704506]",-0.016260300961770904,0.7114489245243929,"[{'type': 'noise_collapse', 'severity': 0.8, 'details': {'noise_level': 1e-08}}]",{'acq': 'UCB'}
24,GP health,0.7135603890709008,-22.73116176255627,0.015409555237153087,2794.5069631565407,1,0.8,['noise_collapse']
24,GP anomalies,Sum,"{'k1': 1.76**2 * Matern(length_scale=[5.93, 5.93, 0.16], nu=1.5), 'k2': WhiteKernel(noise_level=0.0304), 'k1__k1': 1.76**2, 'k1__k2': Matern(length_scale=[5.93, 5.93, 0.16], nu=1.5), 'k1__k1__constant_value': np.float64(3.100945048059691), 'k1__k1__constant_value_bounds': (1e-05, 100000.0), 'k1__k2__length_scale': array([5.93061651, 5.93061651, 0.15982663]), 'k1__k2__length_scale_bounds': (0.005930616505302981, 5.930616505302981), 'k1__k2__nu': np.float64(1.5), 'k2__noise_level': np.float64(0.030369812069593237), 'k2__noise_level_bounds': (1e-08, np.float64(0.03352862591425258))}",1,0.8,['noise_collapse']
24,3D Drug Combination,UCB,"1.76**2 * Matern(length_scale=[5.93, 5.93, 0.16], nu=1.5) + WhiteKernel(noise_level=0.0304)","{'k1': 1.76**2 * Matern(length_scale=[5.93, 5.93, 0.16], nu=1.5), 'k2': WhiteKernel(noise_level=0.0304), 'k1__k1': 1.76**2, 'k1__k2': Matern(length_scale=[5.93, 5.93, 0.16], nu=1.5), 'k1__k1__constant_value': np.float64(3.100945048059691), 'k1__k1__constant_value_bounds': (1e-05, 100000.0), 'k1__k2__length_scale': array([5.93061651, 5.93061651, 0.15982663]), 'k1__k2__length_scale_bounds': (0.005930616505302981, 5.930616505302981), 'k1__k2__nu': np.float64(1.5), 'k2__noise_level': np.float64(0.030369812069593237), 'k2__noise_level_bounds': (1e-08, np.float64(0.03352862591425258))}","[1.0, 1.0, 0.36485725950816633]",-0.021718658672322026,0.7135603890709008,"[{'type': 'noise_collapse', 'severity': 0.8, 'details': {'noise_level': 1e-08}}]",{'acq': 'UCB'}
25,GP health,0.7099072444252709,-19.587902753604062,0.01425250979033962,4714.286078322421,1,0.8,['noise_collapse']
25,GP anomalies,Sum,"{'k1': 2.24**2 * RBF(length_scale=[5.99, 4.58, 0.108]), 'k2': WhiteKernel(noise_level=0.026), 'k1__k1': 2.24**2, 'k1__k2': RBF(length_scale=[5.99, 4.58, 0.108]), 'k1__k1__constant_value': np.float64(5.010414897589839), 'k1__k1__constant_value_bounds': (1e-05, 100000.0), 'k1__k2__length_scale': array([5.99001929, 4.58249808, 0.10840295]), 'k1__k2__length_scale_bounds': (0.005990019291200481, 5.990019291200481), 'k2__noise_level': np.float64(0.025981951879916743), 'k2__noise_level_bounds': (1e-08, np.float64(0.03222758504812322))}",1,0.8,['noise_collapse']
25,3D Drug Combination,UCB,"2.24**2 * RBF(length_scale=[5.99, 4.58, 0.108]) + WhiteKernel(noise_level=0.026)","{'k1': 2.24**2 * RBF(length_scale=[5.99, 4.58, 0.108]), 'k2': WhiteKernel(noise_level=0.026), 'k1__k1': 2.24**2, 'k1__k2': RBF(length_scale=[5.99, 4.58, 0.108]), 'k1__k1__constant_value': np.float64(5.010414897589839), 'k1__k1__constant_value_bounds': (1e-05, 100000.0), 'k1__k2__length_scale': array([5.99001929, 4.58249808, 0.10840295]), 'k1__k2__length_scale_bounds': (0.005990019291200481, 5.990019291200481), 'k2__noise_level': np.float64(0.025981951879916743), 'k2__noise_level_bounds': (1e-08, np.float64(0.03222758504812322))}","[1.0, 1.0, 0.39979798720395276]",-0.015832205415209605,0.7099072444252709,"[{'type': 'noise_collapse', 'severity': 0.8, 'details': {'noise_level': 1e-08}}]",{'acq': 'UCB'}
26,GP health,0.7092568114057464,-19.02770192960808,0.013952653817161681,5149.68053171698,1,0.8,['noise_collapse']
26,GP anomalies,Sum,"{'k1': 2.26**2 * RBF(length_scale=[6.04, 4.57, 0.109]), 'k2': WhiteKernel(noise_level=0.0253), 'k1__k1': 2.26**2, 'k1__k2': RBF(length_scale=[6.04, 4.57, 0.109]), 'k1__k1__constant_value': np.float64(5.110260006512113), 'k1__k1__constant_value_bounds': (1e-05, 100000.0), 'k1__k2__length_scale': array([6.03812494, 4.56958994, 0.10867711]), 'k1__k2__length_scale_bounds': (0.006038124937584009, 6.038124937584009), 'k2__noise_level': np.float64(0.025348437255853905), 'k2__noise_level_bounds': (1e-08, np.float64(0.03101293269054902))}",1,0.8,['noise_collapse']
26,3D Drug Combination,UCB,"2.26**2 * RBF(length_scale=[6.04, 4.57, 0.109]) + WhiteKernel(noise_level=0.0253)","{'k1': 2.26**2 * RBF(length_scale=[6.04, 4.57, 0.109]), 'k2': WhiteKernel(noise_level=0.0253), 'k1__k1': 2.26**2, 'k1__k2': RBF(length_scale=[6.04, 4.57, 0.109]), 'k1__k1__constant_value': np.float64(5.110260006512113), 'k1__k1__constant_value_bounds': (1e-05, 100000.0), 'k1__k2__length_scale': array([6.03812494, 4.56958994, 0.10867711]), 'k1__k2__length_scale_bounds': (0.006038124937584009, 6.038124937584009), 'k2__noise_level': np.float64(0.025348437255853905), 'k2__noise_level_bounds': (1e-08, np.float64(0.03101293269054902))}","[1.0, 1.0, 0.39981196045159173]",-0.015824120151729015,0.7092568114057464,"[{'type': 'noise_collapse', 'severity': 0.8, 'details': {'noise_level': 1e-08}}]",{'acq': 'UCB'}
27,GP health,0.7111706372776622,-21.610169511644035,0.014507226420611278,3555.600658044278,1,0.8,['noise_collapse']
27,GP anomalies,Sum,"{'k1': 1.81**2 * Matern(length_scale=[6.08, 6.08, 0.164], nu=1.5), 'k2': WhiteKernel(noise_level=0.0281), 'k1__k1': 1.81**2, 'k1__k2': Matern(length_scale=[6.08, 6.08, 0.164], nu=1.5), 'k1__k1__constant_value': np.float64(3.2834729767189796), 'k1__k1__constant_value_bounds': (1e-05, 100000.0), 'k1__k2__length_scale': array([6.07721012, 6.07721012, 0.16351686]), 'k1__k2__length_scale_bounds': (0.006077210119762928, 6.077210119762928), 'k1__k2__nu': np.float64(1.5), 'k2__noise_level': np.float64(0.028116473418809296), 'k2__noise_level_bounds': (1e-08, np.float64(0.02984231532333587))}",1,0.8,['noise_collapse']
27,3D Drug Combination,UCB,"1.81**2 * Matern(length_scale=[6.08, 6.08, 0.164], nu=1.5) + WhiteKernel(noise_level=0.0281)","{'k1': 1.81**2 * Matern(length_scale=[6.08, 6.08, 0.164], nu=1.5), 'k2': WhiteKernel(noise_level=0.0281), 'k1__k1': 1.81**2, 'k1__k2': Matern(length_scale=[6.08, 6.08, 0.164], nu=1.5), 'k1__k1__constant_value': np.float64(3.2834729767189796), 'k1__k1__constant_value_bounds': (1e-05, 100000.0), 'k1__k2__length_scale': array([6.07721012, 6.07721012, 0.16351686]), 'k1__k2__length_scale_bounds': (0.006077210119762928, 6.077210119762928), 'k1__k2__nu': np.float64(1.5), 'k2__noise_level': np.float64(0.028116473418809296), 'k2__noise_level_bounds': (1e-08, np.float64(0.02984231532333587))}","[1.0, 1.0, 0.4232767860705186]",-0.018809517269561808,0.7111706372776622,"[{'type': 'noise_collapse', 'severity': 0.8, 'details': {'noise_level': 1e-08}}]",{'acq': 'UCB'}
28,GP health,0.7080775585198584,-29.24452262939079,0.0003529476423098849,2139277.4205434537,1,0.8,['noise_collapse']
28,GP anomalies,Sum,"{'k1': 2.31**2 * RBF(length_scale=[6.11, 4.55, 0.109]), 'k2': WhiteKernel(noise_level=0.0243), 'k1__k1': 2.31**2, 'k1__k2': RBF(length_scale=[6.11, 4.55, 0.109]), 'k1__k1__constant_value': np.float64(5.315148756498025), 'k1__k1__constant_value_bounds': (1e-05, 100000.0), 'k1__k2__length_scale': array([6.1090629 , 4.54603873, 0.10927241]), 'k1__k2__length_scale_bounds': (0.006109062898254208, 6.109062898254209), 'k2__noise_level': np.float64(0.024253939687858106), 'k2__noise_level_bounds': (1e-08, np.float64(0.028698204714187804))}",1,0.8,['noise_collapse']
28,3D Drug Combination,UCB,"2.31**2 * RBF(length_scale=[6.11, 4.55, 0.109]) + WhiteKernel(noise_level=0.0243)","{'k1': 2.31**2 * RBF(length_scale=[6.11, 4.55, 0.109]), 'k2': WhiteKernel(noise_level=0.0243), 'k1__k1': 2.31**2, 'k1__k2': RBF(length_scale=[6.11, 4.55, 0.109]), 'k1__k1__constant_value': np.float64(5.315148756498025), 'k1__k1__constant_value_bounds': (1e-05, 100000.0), 'k1__k2__length_scale': array([6.1090629 , 4.54603873, 0.10927241]), 'k1__k2__length_scale_bounds': (0.006109062898254208, 6.109062898254209), 'k2__noise_level': np.float64(0.024253939687858106), 'k2__noise_level_bounds': (1e-08, np.float64(0.028698204714187804))}","[1.0, 1.0, 0.3992091746050556]",-0.015813693625408916,0.7080775585198584,"[{'type': 'noise_collapse', 'severity': 0.8, 'details': {'noise_level': 1e-08}}]",{'acq': 'UCB'}
29,GP health,0.7096415204188342,-20.7727120768228,0.013979789160819534,4169.644969431217,1,0.8,['noise_collapse']
29,GP anomalies,Sum,"{'k1': 1.86**2 * Matern(length_scale=[6.13, 6.13, 0.167], nu=1.5), 'k2': WhiteKernel(noise_level=0.0269), 'k1__k1': 1.86**2, 'k1__k2': Matern(length_scale=[6.13, 6.13, 0.167], nu=1.5), 'k1__k1__constant_value': np.float64(3.4417185440926548), 'k1__k1__constant_value_bounds': (1e-05, 100000.0), 'k1__k2__length_scale': array([6.13305938, 6.13305938, 0.16749602]), 'k1__k2__length_scale_bounds': (0.00613305938315511, 6.13305938315511), 'k1__k2__nu': np.float64(1.5), 'k2__noise_level': np.float64(0.02685757541477888), 'k2__noise_level_bounds': (1e-08, np.float64(0.02761311221115982))}",1,0.8,['noise_collapse']
29,3D Drug Combination,UCB,"1.86**2 * Matern(length_scale=[6.13, 6.13, 0.167], nu=1.5) + WhiteKernel(noise_level=0.0269)","{'k1': 1.86**2 * Matern(length_scale=[6.13, 6.13, 0.167], nu=1.5), 'k2': WhiteKernel(noise_level=0.0269), 'k1__k1': 1.86**2, 'k1__k2': Matern(length_scale=[6.13, 6.13, 0.167], nu=1.5), 'k1__k1__constant_value': np.float64(3.4417185440926548), 'k1__k1__constant_value_bounds': (1e-05, 100000.0), 'k1__k2__length_scale': array([6.13305938, 6.13305938, 0.16749602]), 'k1__k2__length_scale_bounds': (0.00613305938315511, 6.13305938315511), 'k1__k2__nu': np.float64(1.5), 'k2__noise_level': np.float64(0.02685757541477888), 'k2__noise_level_bounds': (1e-08, np.float64(0.02761311221115982))}","[1.0, 1.0, 0.38719687866653846]",-0.017430407134867043,0.7096415204188342,"[{'type': 'noise_collapse', 'severity': 0.8, 'details': {'noise_level': 1e-08}}]",{'acq': 'UCB'}
30,GP health,0.7070650913151482,-16.832838280791623,0.012927607876255827,7091.600266819702,1,0.8,['noise_collapse']
30,GP anomalies,Sum,"{'k1': 2.35**2 * RBF(length_scale=[6.15, 4.53, 0.11]), 'k2': WhiteKernel(noise_level=0.0233), 'k1__k1': 2.35**2, 'k1__k2': RBF(length_scale=[6.15, 4.53, 0.11]), 'k1__k1__constant_value': np.float64(5.511411009242627), 'k1__k1__constant_value_bounds': (1e-05, 100000.0), 'k1__k2__length_scale': array([6.1512129 , 4.52556758, 0.10975677]), 'k1__k2__length_scale_bounds': (0.006151212901367905, 6.151212901367905), 'k2__noise_level': np.float64(0.023279003707124993), 'k2__noise_level_bounds': (1e-08, np.float64(0.02656043655591594))}",1,0.8,['noise_collapse']
30,3D Drug Combination,UCB,"2.35**2 * RBF(length_scale=[6.15, 4.53, 0.11]) + WhiteKernel(noise_level=0.0233)","{'k1': 2.35**2 * RBF(length_scale=[6.15, 4.53, 0.11]), 'k2': WhiteKernel(noise_level=0.0233), 'k1__k1': 2.35**2, 'k1__k2': RBF(length_scale=[6.15, 4.53, 0.11]), 'k1__k1__constant_value': np.float64(5.511411009242627), 'k1__k1__constant_value_bounds': (1e-05, 100000.0), 'k1__k2__length_scale': array([6.1512129 , 4.52556758, 0.10975677]), 'k1__k2__length_scale_bounds': (0.006151212901367905, 6.151212901367905), 'k2__noise_level': np.float64(0.023279003707124993), 'k2__noise_level_bounds': (1e-08, np.float64(0.02656043655591594))}","[1.0, 1.0, 0.3992580984322136]",-0.015868033471771924,0.7070650913151482,"[{'type': 'noise_collapse', 'severity': 0.8, 'details': {'noise_level': 1e-08}}]",{'acq': 'UCB'}
