1,GP health,0.5309585788353233,0.34190619027120306,0.0014454088824163627,130483027281.76114,1,0.8,['noise_collapse']
1,GP anomalies,Sum,"{'k1': 1.23**2 * RBF(length_scale=[0.588, 0.626, 0.418, 0.576]), 'k2': WhiteKernel(noise_level=1e-08), 'k1__k1': 1.23**2, 'k1__k2': RBF(length_scale=[0.588, 0.626, 0.418, 0.576]), 'k1__k1__constant_value': np.float64(1.5104999971894724), 'k1__k1__constant_value_bounds': (0.001, 1000.0), 'k1__k2__length_scale': array([0.5883698 , 0.62624772, 0.41843638, 0.57562597]), 'k1__k2__length_scale_bounds': (0.007706168789294644, 7.706168789294644), 'k2__noise_level': np.float64(9.999999999999982e-09), 'k2__noise_level_bounds': (1e-08, np.float64(10.267920702398794))}",1,0.8,['noise_collapse']
1,0.38670192662167485,561781660473531.7,0.00010109816853548152,2.288461250053274,2,0.95
1,GP health BAD,0.38670192662167485
1,4D Warehouse Placement,EI,"RBF(length_scale=0.665) + Matern(length_scale=1.73, nu=1.5)","{'k1': RBF(length_scale=0.665), 'k2': Matern(length_scale=1.73, nu=1.5), 'k1__length_scale': np.float64(0.6653780965413759), 'k1__length_scale_bounds': (1e-05, 100000.0), 'k2__length_scale': np.float64(1.726349280660544), 'k2__length_scale_bounds': (1e-05, 100000.0), 'k2__nu': 1.5}","[0.4237047360995091, 0.39478118346771157, 0.4243274564869719, 0.4165630084711839]",0.5372926527072721,0.38670192662167485,"[{'type': 'lengthscale_collapse', 'severity': 0.9, 'details': {'lengthscales': [1e-05]}}, {'type': 'kernel_singular', 'severity': 1.0, 'details': {'cond': np.float64(561781660473531.7)}}]",{'acq': 'EI'}
2,GP health,0.5331015157991046,4.009710616944993,0.0014800319880852674,143093832728.37308,1,0.8,['noise_collapse']
2,GP anomalies,Sum,"{'k1': 1.22**2 * RBF(length_scale=[0.627, 0.631, 0.405, 0.588]), 'k2': WhiteKernel(noise_level=1e-08), 'k1__k1': 1.22**2, 'k1__k2': RBF(length_scale=[0.627, 0.631, 0.405, 0.588]), 'k1__k1__constant_value': np.float64(1.497593883229318), 'k1__k1__constant_value_bounds': (0.001, 1000.0), 'k1__k2__length_scale': array([0.6267781 , 0.63091649, 0.40499864, 0.58821292]), 'k1__k2__length_scale_bounds': (0.007594617839536355, 7.594617839536355), 'k2__noise_level': np.float64(9.999999999999982e-09), 'k2__noise_level_bounds': (1e-08, np.float64(10.167330524726657))}",1,0.8,['noise_collapse']
2,0.3867009815215259,645915404106292.0,0.0001035421731779541,6.2228996829130665,2,0.95
2,GP health BAD,0.3867009815215259
2,4D Warehouse Placement,EI,"RBF(length_scale=0.672) + Matern(length_scale=1.8, nu=1.5)","{'k1': RBF(length_scale=0.672), 'k2': Matern(length_scale=1.8, nu=1.5), 'k1__length_scale': np.float64(0.6720332010555092), 'k1__length_scale_bounds': (1e-05, 100000.0), 'k2__length_scale': np.float64(1.8049712518757142), 'k2__length_scale_bounds': (1e-05, 100000.0), 'k2__nu': 1.5}","[0.36775652750238097, 0.3792399065267883, 0.3952315286425089, 0.4366917560149247]",0.4136440959564638,0.3867009815215259,"[{'type': 'lengthscale_collapse', 'severity': 0.9, 'details': {'lengthscales': [1e-05]}}, {'type': 'kernel_singular', 'severity': 1.0, 'details': {'cond': np.float64(645915404106292.0)}}]",{'acq': 'EI'}
3,GP health,0.5365494365055095,7.452059418440236,0.001509043420172698,18616941081.990555,1,0.8,['noise_collapse']
3,GP anomalies,Sum,"{'k1': 1.17**2 * RBF(length_scale=[0.609, 0.662, 0.373, 0.572]), 'k2': WhiteKernel(noise_level=1e-08), 'k1__k1': 1.17**2, 'k1__k2': RBF(length_scale=[0.609, 0.662, 0.373, 0.572]), 'k1__k1__constant_value': np.float64(1.3734388169244), 'k1__k1__constant_value_bounds': (0.001, 1000.0), 'k1__k2__length_scale': array([0.60867845, 0.66184699, 0.37341232, 0.57163693]), 'k1__k2__length_scale_bounds': (0.007493033604892631, 7.493033604892632), 'k2__noise_level': np.float64(9.999999999999982e-09), 'k2__noise_level_bounds': (1e-08, np.float64(10.025054151535574))}",1,0.8,['noise_collapse']
3,0.38670018815427015,729596060461066.2,0.00010559380507818594,10.140462172345977,2,0.95
3,GP health BAD,0.38670018815427015
3,4D Warehouse Placement,EI,"RBF(length_scale=0.675) + Matern(length_scale=1.89, nu=1.5)","{'k1': RBF(length_scale=0.675), 'k2': Matern(length_scale=1.89, nu=1.5), 'k1__length_scale': np.float64(0.6750022270835659), 'k1__length_scale_bounds': (1e-05, 100000.0), 'k2__length_scale': np.float64(1.886401738543501), 'k2__length_scale_bounds': (1e-05, 100000.0), 'k2__nu': 1.5}","[0.38100721416152683, 0.4022997032931426, 0.4117418423947, 0.37569868717947913]",0.40624922721962875,0.38670018815427015,"[{'type': 'lengthscale_collapse', 'severity': 0.9, 'details': {'lengthscales': [1e-05]}}, {'type': 'kernel_singular', 'severity': 1.0, 'details': {'cond': np.float64(729596060461066.2)}}]",{'acq': 'EI'}
4,GP health,0.5371578040476422,11.276647599587392,0.0015339316922294694,20356344926.008087,1,0.8,['noise_collapse']
4,GP anomalies,Sum,"{'k1': 1.21**2 * RBF(length_scale=[0.616, 0.673, 0.385, 0.587]), 'k2': WhiteKernel(noise_level=1e-08), 'k1__k1': 1.21**2, 'k1__k2': RBF(length_scale=[0.616, 0.673, 0.385, 0.587]), 'k1__k1__constant_value': np.float64(1.462686634287521), 'k1__k1__constant_value_bounds': (0.001, 1000.0), 'k1__k2__length_scale': array([0.61644027, 0.67296943, 0.38509956, 0.5867874 ]), 'k1__k2__length_scale_bounds': (0.007391060542801114, 7.391060542801114), 'k2__noise_level': np.float64(9.999999999999982e-09), 'k2__noise_level_bounds': (1e-08, np.float64(9.854690102095077))}",1,0.8,['noise_collapse']
4,0.38669950653804247,818059639502911.0,0.0001073564544103294,13.77417828523972,2,0.95
4,GP health BAD,0.38669950653804247
4,4D Warehouse Placement,EI,"RBF(length_scale=0.678) + Matern(length_scale=1.96, nu=1.5)","{'k1': RBF(length_scale=0.678), 'k2': Matern(length_scale=1.96, nu=1.5), 'k1__length_scale': np.float64(0.6776919967696272), 'k1__length_scale_bounds': (1e-05, 100000.0), 'k2__length_scale': np.float64(1.9612113689044683), 'k2__length_scale_bounds': (1e-05, 100000.0), 'k2__nu': 1.5}","[0.41485417378865064, 0.41442614753055806, 0.41271263139431574, 0.38624337461663366]",0.5016759157741539,0.38669950653804247,"[{'type': 'lengthscale_collapse', 'severity': 0.9, 'details': {'lengthscales': [1e-05]}}, {'type': 'kernel_singular', 'severity': 1.0, 'details': {'cond': np.float64(818059639502911.0)}}]",{'acq': 'EI'}
5,GP health,0.5405010260542608,15.523005955684539,0.0015557920702598228,184212449280.87314,1,0.8,['noise_collapse']
5,GP anomalies,Sum,"{'k1': 1.23**2 * RBF(length_scale=[0.636, 0.678, 0.388, 0.598]), 'k2': WhiteKernel(noise_level=1e-08), 'k1__k1': 1.23**2, 'k1__k2': RBF(length_scale=[0.636, 0.678, 0.388, 0.598]), 'k1__k1__constant_value': np.float64(1.5089116762689816), 'k1__k1__constant_value_bounds': (0.001, 1000.0), 'k1__k2__length_scale': array([0.6355573 , 0.67789173, 0.38771264, 0.59828214]), 'k1__k2__length_scale_bounds': (0.0072862947337470575, 7.286294733747058), 'k2__noise_level': np.float64(9.999999999999982e-09), 'k2__noise_level_bounds': (1e-08, np.float64(9.665922445803414))}",1,0.8,['noise_collapse']
5,0.38669890708086097,900432872086639.4,0.00010890664425039682,18.69695530451922,2,0.95
5,GP health BAD,0.38669890708086097
5,4D Warehouse Placement,EI,"RBF(length_scale=0.676) + Matern(length_scale=2.05, nu=1.5)","{'k1': RBF(length_scale=0.676), 'k2': Matern(length_scale=2.05, nu=1.5), 'k1__length_scale': np.float64(0.6761857734566487), 'k1__length_scale_bounds': (1e-05, 100000.0), 'k2__length_scale': np.float64(2.047579679243669), 'k2__length_scale_bounds': (1e-05, 100000.0), 'k2__nu': 1.5}","[0.42941239815658094, 0.4084614365932932, 0.3999439955842689, 0.41043733254659587]",0.5690414788715472,0.38669890708086097,"[{'type': 'lengthscale_collapse', 'severity': 0.9, 'details': {'lengthscales': [1e-05]}}, {'type': 'kernel_singular', 'severity': 1.0, 'details': {'cond': np.float64(900432872086639.4)}}]",{'acq': 'EI'}
6,GP health,0.6146250432608511,20.371282831398403,0.0015748943154552943,199605990540.86258,1,0.8,['noise_collapse']
6,GP anomalies,Sum,"{'k1': 1.23**2 * RBF(length_scale=[0.619, 0.677, 0.429, 0.586]), 'k2': WhiteKernel(noise_level=2.67e-06), 'k1__k1': 1.23**2, 'k1__k2': RBF(length_scale=[0.619, 0.677, 0.429, 0.586]), 'k1__k1__constant_value': np.float64(1.504209629554522), 'k1__k1__constant_value_bounds': (0.001, 1000.0), 'k1__k2__length_scale': array([0.6188049 , 0.67660392, 0.42907009, 0.5860597 ]), 'k1__k2__length_scale_bounds': (0.007182629894288851, 7.182629894288851), 'k2__noise_level': np.float64(2.6663979226561662e-06), 'k2__noise_level_bounds': (1e-08, np.float64(9.462444844713694))}",1,0.8,['noise_collapse']
6,4D Warehouse Placement,EI,"1.23**2 * RBF(length_scale=[0.619, 0.677, 0.429, 0.586]) + WhiteKernel(noise_level=2.67e-06)","{'k1': 1.23**2 * RBF(length_scale=[0.619, 0.677, 0.429, 0.586]), 'k2': WhiteKernel(noise_level=2.67e-06), 'k1__k1': 1.23**2, 'k1__k2': RBF(length_scale=[0.619, 0.677, 0.429, 0.586]), 'k1__k1__constant_value': np.float64(1.504209629554522), 'k1__k1__constant_value_bounds': (0.001, 1000.0), 'k1__k2__length_scale': array([0.6188049 , 0.67660392, 0.42907009, 0.5860597 ]), 'k1__k2__length_scale_bounds': (0.007182629894288851, 7.182629894288851), 'k2__noise_level': np.float64(2.6663979226561662e-06), 'k2__noise_level_bounds': (1e-08, np.float64(9.462444844713694))}","[0.6400374800462155, 0.07333886027479936, 0.12555052140023631, 0.2703124037606783]",-10.590722845466482,0.6146250432608511,"[{'type': 'noise_collapse', 'severity': 0.8, 'details': {'noise_level': 1e-08}}]",{'acq': 'EI'}
7,GP health,0.6147387170034925,21.372902615836864,0.001559831539602293,20671710465.868294,1,0.8,['noise_collapse']
7,GP anomalies,Sum,"{'k1': 1.23**2 * RBF(length_scale=[0.619, 0.674, 0.437, 0.585]), 'k2': WhiteKernel(noise_level=2.83e-06), 'k1__k1': 1.23**2, 'k1__k2': RBF(length_scale=[0.619, 0.674, 0.437, 0.585]), 'k1__k1__constant_value': np.float64(1.5160756729743246), 'k1__k1__constant_value_bounds': (0.001, 1000.0), 'k1__k2__length_scale': array([0.6187917 , 0.67357633, 0.43674728, 0.58476766]), 'k1__k2__length_scale_bounds': (0.0072037417019579384, 7.203741701957939), 'k2__noise_level': np.float64(2.8279032253577137e-06), 'k2__noise_level_bounds': (1e-08, np.float64(9.06403161736557))}",1,0.8,['noise_collapse']
7,4D Warehouse Placement,EI,"1.23**2 * RBF(length_scale=[0.619, 0.674, 0.437, 0.585]) + WhiteKernel(noise_level=2.83e-06)","{'k1': 1.23**2 * RBF(length_scale=[0.619, 0.674, 0.437, 0.585]), 'k2': WhiteKernel(noise_level=2.83e-06), 'k1__k1': 1.23**2, 'k1__k2': RBF(length_scale=[0.619, 0.674, 0.437, 0.585]), 'k1__k1__constant_value': np.float64(1.5160756729743246), 'k1__k1__constant_value_bounds': (0.001, 1000.0), 'k1__k2__length_scale': array([0.6187917 , 0.67357633, 0.43674728, 0.58476766]), 'k1__k2__length_scale_bounds': (0.0072037417019579384, 7.203741701957939), 'k2__noise_level': np.float64(2.8279032253577137e-06), 'k2__noise_level_bounds': (1e-08, np.float64(9.06403161736557))}","[0.44376692587607297, 0.3460085746540964, 0.36791789961701366, 0.4210324306470641]",0.3161008807665322,0.6147387170034925,"[{'type': 'noise_collapse', 'severity': 0.8, 'details': {'noise_level': 1e-08}}]",{'acq': 'EI'}
8,GP health,0.6151155582117404,22.714819402704727,0.0015750050559724539,213441164627.4641,1,0.8,['noise_collapse']
8,GP anomalies,Sum,"{'k1': 1.24**2 * RBF(length_scale=[0.624, 0.686, 0.44, 0.588]), 'k2': WhiteKernel(noise_level=2.38e-06), 'k1__k1': 1.24**2, 'k1__k2': RBF(length_scale=[0.624, 0.686, 0.44, 0.588]), 'k1__k1__constant_value': np.float64(1.539982439912835), 'k1__k1__constant_value_bounds': (0.001, 1000.0), 'k1__k2__length_scale': array([0.62369494, 0.68643372, 0.4397183 , 0.58762598]), 'k1__k2__length_scale_bounds': (0.007110779091977218, 7.110779091977218), 'k2__noise_level': np.float64(2.38242880069789e-06), 'k2__noise_level_bounds': (1e-08, np.float64(8.850326156274859))}",1,0.8,['noise_collapse']
8,4D Warehouse Placement,EI,"1.24**2 * RBF(length_scale=[0.624, 0.686, 0.44, 0.588]) + WhiteKernel(noise_level=2.38e-06)","{'k1': 1.24**2 * RBF(length_scale=[0.624, 0.686, 0.44, 0.588]), 'k2': WhiteKernel(noise_level=2.38e-06), 'k1__k1': 1.24**2, 'k1__k2': RBF(length_scale=[0.624, 0.686, 0.44, 0.588]), 'k1__k1__constant_value': np.float64(1.539982439912835), 'k1__k1__constant_value_bounds': (0.001, 1000.0), 'k1__k2__length_scale': array([0.62369494, 0.68643372, 0.4397183 , 0.58762598]), 'k1__k2__length_scale_bounds': (0.007110779091977218, 7.110779091977218), 'k2__noise_level': np.float64(2.38242880069789e-06), 'k2__noise_level_bounds': (1e-08, np.float64(8.850326156274859))}","[0.3228497341380336, 0.3973902784390758, 0.6302139302705192, 0.8862544718709081]",-11.834846660206502,0.6151155582117404,"[{'type': 'noise_collapse', 'severity': 0.8, 'details': {'noise_level': 1e-08}}]",{'acq': 'EI'}
9,GP health,0.6149147791856651,21.659946864321924,0.0015590454179477877,189396693914.12378,1,0.8,['noise_collapse']
9,GP anomalies,Sum,"{'k1': 1.25**2 * RBF(length_scale=[0.627, 0.691, 0.439, 0.596]), 'k2': WhiteKernel(noise_level=2.47e-06), 'k1__k1': 1.25**2, 'k1__k2': RBF(length_scale=[0.627, 0.691, 0.439, 0.596]), 'k1__k1__constant_value': np.float64(1.571689157658385), 'k1__k1__constant_value_bounds': (0.001, 1000.0), 'k1__k2__length_scale': array([0.62675947, 0.69075619, 0.43873636, 0.59600663]), 'k1__k2__length_scale_bounds': (0.007109048775596003, 7.109048775596003), 'k2__noise_level': np.float64(2.465637344821855e-06), 'k2__noise_level_bounds': (1e-08, np.float64(8.472321565005629))}",1,0.8,['noise_collapse']
9,4D Warehouse Placement,EI,"1.25**2 * RBF(length_scale=[0.627, 0.691, 0.439, 0.596]) + WhiteKernel(noise_level=2.47e-06)","{'k1': 1.25**2 * RBF(length_scale=[0.627, 0.691, 0.439, 0.596]), 'k2': WhiteKernel(noise_level=2.47e-06), 'k1__k1': 1.25**2, 'k1__k2': RBF(length_scale=[0.627, 0.691, 0.439, 0.596]), 'k1__k1__constant_value': np.float64(1.571689157658385), 'k1__k1__constant_value_bounds': (0.001, 1000.0), 'k1__k2__length_scale': array([0.62675947, 0.69075619, 0.43873636, 0.59600663]), 'k1__k2__length_scale_bounds': (0.007109048775596003, 7.109048775596003), 'k2__noise_level': np.float64(2.465637344821855e-06), 'k2__noise_level_bounds': (1e-08, np.float64(8.472321565005629))}","[0.4392193066306066, 0.3984769765520095, 0.40424508344689675, 0.4497715331974456]",0.48994423281577504,0.6149147791856651,"[{'type': 'noise_collapse', 'severity': 0.8, 'details': {'noise_level': 1e-08}}]",{'acq': 'EI'}
10,GP health,0.6145662314409939,29.20450358985906,0.001572450968439239,26416601337.2699,1,0.8,['noise_collapse']
10,GP anomalies,Sum,"{'k1': 1.26**2 * RBF(length_scale=[0.632, 0.7, 0.435, 0.603]), 'k2': WhiteKernel(noise_level=1.82e-06), 'k1__k1': 1.26**2, 'k1__k2': RBF(length_scale=[0.632, 0.7, 0.435, 0.603]), 'k1__k1__constant_value': np.float64(1.5937101328981396), 'k1__k1__constant_value_bounds': (0.001, 1000.0), 'k1__k2__length_scale': array([0.63178269, 0.70037282, 0.43464775, 0.60267466]), 'k1__k2__length_scale_bounds': (0.007013819395132626, 7.013819395132627), 'k2__noise_level': np.float64(1.8173121293659113e-06), 'k2__noise_level_bounds': (1e-08, np.float64(8.264953345982473))}",1,0.8,['noise_collapse']
10,4D Warehouse Placement,EI,"1.26**2 * RBF(length_scale=[0.632, 0.7, 0.435, 0.603]) + WhiteKernel(noise_level=1.82e-06)","{'k1': 1.26**2 * RBF(length_scale=[0.632, 0.7, 0.435, 0.603]), 'k2': WhiteKernel(noise_level=1.82e-06), 'k1__k1': 1.26**2, 'k1__k2': RBF(length_scale=[0.632, 0.7, 0.435, 0.603]), 'k1__k1__constant_value': np.float64(1.5937101328981396), 'k1__k1__constant_value_bounds': (0.001, 1000.0), 'k1__k2__length_scale': array([0.63178269, 0.70037282, 0.43464775, 0.60267466]), 'k1__k2__length_scale_bounds': (0.007013819395132626, 7.013819395132627), 'k2__noise_level': np.float64(1.8173121293659113e-06), 'k2__noise_level_bounds': (1e-08, np.float64(8.264953345982473))}","[0.3849326730315239, 0.3814379392111594, 0.39184247016165585, 0.4348084468064736]",0.5193378731323044,0.6145662314409939,"[{'type': 'noise_collapse', 'severity': 0.8, 'details': {'noise_level': 1e-08}}]",{'acq': 'EI'}
11,GP health,0.6141737230322176,34.07673629695504,0.0015840782799558088,24104053841.43936,1,0.8,['noise_collapse']
11,GP anomalies,Sum,"{'k1': 1.27**2 * RBF(length_scale=[0.636, 0.709, 0.43, 0.607]), 'k2': WhiteKernel(noise_level=1.31e-06), 'k1__k1': 1.27**2, 'k1__k2': RBF(length_scale=[0.636, 0.709, 0.43, 0.607]), 'k1__k1__constant_value': np.float64(1.61558168157008), 'k1__k1__constant_value_bounds': (0.001, 1000.0), 'k1__k2__length_scale': array([0.63623338, 0.70869526, 0.42979456, 0.60724987]), 'k1__k2__length_scale_bounds': (0.006924620387051085, 6.9246203870510845), 'k2__noise_level': np.float64(1.30568814285822e-06), 'k2__noise_level_bounds': (1e-08, np.float64(8.053133823276898))}",1,0.8,['noise_collapse']
11,4D Warehouse Placement,EI,"1.27**2 * RBF(length_scale=[0.636, 0.709, 0.43, 0.607]) + WhiteKernel(noise_level=1.31e-06)","{'k1': 1.27**2 * RBF(length_scale=[0.636, 0.709, 0.43, 0.607]), 'k2': WhiteKernel(noise_level=1.31e-06), 'k1__k1': 1.27**2, 'k1__k2': RBF(length_scale=[0.636, 0.709, 0.43, 0.607]), 'k1__k1__constant_value': np.float64(1.61558168157008), 'k1__k1__constant_value_bounds': (0.001, 1000.0), 'k1__k2__length_scale': array([0.63623338, 0.70869526, 0.42979456, 0.60724987]), 'k1__k2__length_scale_bounds': (0.006924620387051085, 6.9246203870510845), 'k2__noise_level': np.float64(1.30568814285822e-06), 'k2__noise_level_bounds': (1e-08, np.float64(8.053133823276898))}","[0.3618731434796675, 0.463863129655258, 0.01517353253237158, 0.12820422031326206]",-14.673000158242901,0.6141737230322176,"[{'type': 'noise_collapse', 'severity': 0.8, 'details': {'noise_level': 1e-08}}]",{'acq': 'EI'}
12,GP health,0.6142449876626689,29.899054851052384,0.0015684449380049758,207175704753.36566,1,0.8,['noise_collapse']
12,GP anomalies,Sum,"{'k1': 1.27**2 * RBF(length_scale=[0.635, 0.707, 0.434, 0.607]), 'k2': WhiteKernel(noise_level=1.35e-06), 'k1__k1': 1.27**2, 'k1__k2': RBF(length_scale=[0.635, 0.707, 0.434, 0.607]), 'k1__k1__constant_value': np.float64(1.6205558633702184), 'k1__k1__constant_value_bounds': (0.001, 1000.0), 'k1__k2__length_scale': array([0.63539804, 0.70739182, 0.43380036, 0.60657122]), 'k1__k2__length_scale_bounds': (0.006948945133306786, 6.948945133306786), 'k2__noise_level': np.float64(1.3483641503768018e-06), 'k2__noise_level_bounds': (1e-08, np.float64(7.709575055066124))}",1,0.8,['noise_collapse']
12,4D Warehouse Placement,EI,"1.27**2 * RBF(length_scale=[0.635, 0.707, 0.434, 0.607]) + WhiteKernel(noise_level=1.35e-06)","{'k1': 1.27**2 * RBF(length_scale=[0.635, 0.707, 0.434, 0.607]), 'k2': WhiteKernel(noise_level=1.35e-06), 'k1__k1': 1.27**2, 'k1__k2': RBF(length_scale=[0.635, 0.707, 0.434, 0.607]), 'k1__k1__constant_value': np.float64(1.6205558633702184), 'k1__k1__constant_value_bounds': (0.001, 1000.0), 'k1__k2__length_scale': array([0.63539804, 0.70739182, 0.43380036, 0.60657122]), 'k1__k2__length_scale_bounds': (0.006948945133306786, 6.948945133306786), 'k2__noise_level': np.float64(1.3483641503768018e-06), 'k2__noise_level_bounds': (1e-08, np.float64(7.709575055066124))}","[0.6178913987985567, 0.0012257604221506124, 0.396352434596397, 0.5826646606765505]",-9.811244570361904,0.6142449876626689,"[{'type': 'noise_collapse', 'severity': 0.8, 'details': {'noise_level': 1e-08}}]",{'acq': 'EI'}
13,GP health,0.6140900025735975,29.921725547454834,0.00155499572820044,230422989060.6585,1,0.8,['noise_collapse']
13,GP anomalies,Sum,"{'k1': 1.29**2 * RBF(length_scale=[0.637, 0.717, 0.436, 0.609]), 'k2': WhiteKernel(noise_level=1.37e-06), 'k1__k1': 1.29**2, 'k1__k2': RBF(length_scale=[0.637, 0.717, 0.436, 0.609]), 'k1__k1__constant_value': np.float64(1.6574068120964514), 'k1__k1__constant_value_bounds': (0.001, 1000.0), 'k1__k2__length_scale': array([0.63741933, 0.7170555 , 0.43556522, 0.60881277]), 'k1__k2__length_scale_bounds': (0.006945215007274116, 6.945215007274116), 'k2__noise_level': np.float64(1.3715659325645102e-06), 'k2__noise_level_bounds': (1e-08, np.float64(7.392061553982158))}",1,0.8,['noise_collapse']
13,4D Warehouse Placement,EI,"1.29**2 * RBF(length_scale=[0.637, 0.717, 0.436, 0.609]) + WhiteKernel(noise_level=1.37e-06)","{'k1': 1.29**2 * RBF(length_scale=[0.637, 0.717, 0.436, 0.609]), 'k2': WhiteKernel(noise_level=1.37e-06), 'k1__k1': 1.29**2, 'k1__k2': RBF(length_scale=[0.637, 0.717, 0.436, 0.609]), 'k1__k1__constant_value': np.float64(1.6574068120964514), 'k1__k1__constant_value_bounds': (0.001, 1000.0), 'k1__k2__length_scale': array([0.63741933, 0.7170555 , 0.43556522, 0.60881277]), 'k1__k2__length_scale_bounds': (0.006945215007274116, 6.945215007274116), 'k2__noise_level': np.float64(1.3715659325645102e-06), 'k2__noise_level_bounds': (1e-08, np.float64(7.392061553982158))}","[0.08468543117663568, 0.252926295326351, 0.1884409960151587, 0.0436104466286667]",-14.166637462521985,0.6140900025735975,"[{'type': 'noise_collapse', 'severity': 0.8, 'details': {'noise_level': 1e-08}}]",{'acq': 'EI'}
14,GP health,0.6142762682922949,30.160808539363337,0.0015398505284847522,240584056578.55072,1,0.8,['noise_collapse']
14,GP anomalies,Sum,"{'k1': 1.29**2 * RBF(length_scale=[0.636, 0.716, 0.441, 0.608]), 'k2': WhiteKernel(noise_level=1.41e-06), 'k1__k1': 1.29**2, 'k1__k2': RBF(length_scale=[0.636, 0.716, 0.441, 0.608]), 'k1__k1__constant_value': np.float64(1.6675992336178538), 'k1__k1__constant_value_bounds': (0.001, 1000.0), 'k1__k2__length_scale': array([0.6358337 , 0.71556576, 0.44115963, 0.60774118]), 'k1__k2__length_scale_bounds': (0.006993446466996389, 6.993446466996389), 'k2__noise_level': np.float64(1.4131399455661333e-06), 'k2__noise_level_bounds': (1e-08, np.float64(7.0793318255623845))}",1,0.8,['noise_collapse']
14,4D Warehouse Placement,EI,"1.29**2 * RBF(length_scale=[0.636, 0.716, 0.441, 0.608]) + WhiteKernel(noise_level=1.41e-06)","{'k1': 1.29**2 * RBF(length_scale=[0.636, 0.716, 0.441, 0.608]), 'k2': WhiteKernel(noise_level=1.41e-06), 'k1__k1': 1.29**2, 'k1__k2': RBF(length_scale=[0.636, 0.716, 0.441, 0.608]), 'k1__k1__constant_value': np.float64(1.6675992336178538), 'k1__k1__constant_value_bounds': (0.001, 1000.0), 'k1__k2__length_scale': array([0.6358337 , 0.71556576, 0.44115963, 0.60774118]), 'k1__k2__length_scale_bounds': (0.006993446466996389, 6.993446466996389), 'k2__noise_level': np.float64(1.4131399455661333e-06), 'k2__noise_level_bounds': (1e-08, np.float64(7.0793318255623845))}","[0.39234719407427954, 0.43629665993927347, 0.40717302386262116, 0.44991571381938]",0.44831741343848286,0.6142762682922949,"[{'type': 'noise_collapse', 'severity': 0.8, 'details': {'noise_level': 1e-08}}]",{'acq': 'EI'}
15,GP health,0.6151500072609798,34.166645439817,0.0015501278110616919,258019100142.68674,1,0.8,['noise_collapse']
15,GP anomalies,Sum,"{'k1': 1.3**2 * RBF(length_scale=[0.641, 0.728, 0.437, 0.615]), 'k2': WhiteKernel(noise_level=1.17e-06), 'k1__k1': 1.3**2, 'k1__k2': RBF(length_scale=[0.641, 0.728, 0.437, 0.615]), 'k1__k1__constant_value': np.float64(1.6986814986779053), 'k1__k1__constant_value_bounds': (0.001, 1000.0), 'k1__k2__length_scale': array([0.64133401, 0.72798527, 0.43739232, 0.61479685]), 'k1__k2__length_scale_bounds': (0.006908151670521692, 6.9081516705216925), 'k2__noise_level': np.float64(1.1710336890971843e-06), 'k2__noise_level_bounds': (1e-08, np.float64(6.892250585892483))}",1,0.8,['noise_collapse']
15,4D Warehouse Placement,EI,"1.3**2 * RBF(length_scale=[0.641, 0.728, 0.437, 0.615]) + WhiteKernel(noise_level=1.17e-06)","{'k1': 1.3**2 * RBF(length_scale=[0.641, 0.728, 0.437, 0.615]), 'k2': WhiteKernel(noise_level=1.17e-06), 'k1__k1': 1.3**2, 'k1__k2': RBF(length_scale=[0.641, 0.728, 0.437, 0.615]), 'k1__k1__constant_value': np.float64(1.6986814986779053), 'k1__k1__constant_value_bounds': (0.001, 1000.0), 'k1__k2__length_scale': array([0.64133401, 0.72798527, 0.43739232, 0.61479685]), 'k1__k2__length_scale_bounds': (0.006908151670521692, 6.9081516705216925), 'k2__noise_level': np.float64(1.1710336890971843e-06), 'k2__noise_level_bounds': (1e-08, np.float64(6.892250585892483))}","[0.007102356667907983, 0.49439303328886364, 0.42102442636882587, 0.280628219811251]",-9.484778792718927,0.6151500072609798,"[{'type': 'noise_collapse', 'severity': 0.8, 'details': {'noise_level': 1e-08}}]",{'acq': 'EI'}
16,GP health,0.6151877334259244,34.745130590859894,0.0015376074831166212,274351148772.72272,1,0.8,['noise_collapse']
16,GP anomalies,Sum,"{'k1': 1.31**2 * RBF(length_scale=[0.649, 0.729, 0.439, 0.613]), 'k2': WhiteKernel(noise_level=1.17e-06), 'k1__k1': 1.31**2, 'k1__k2': RBF(length_scale=[0.649, 0.729, 0.439, 0.613]), 'k1__k1__constant_value': np.float64(1.7196259102900995), 'k1__k1__constant_value_bounds': (0.001, 1000.0), 'k1__k2__length_scale': array([0.64893584, 0.72861206, 0.43911433, 0.6126005 ]), 'k1__k2__length_scale_bounds': (0.006909835244420213, 6.909835244420213), 'k2__noise_level': np.float64(1.1746364151773793e-06), 'k2__noise_level_bounds': (1e-08, np.float64(6.6118001855498285))}",1,0.8,['noise_collapse']
16,4D Warehouse Placement,EI,"1.31**2 * RBF(length_scale=[0.649, 0.729, 0.439, 0.613]) + WhiteKernel(noise_level=1.17e-06)","{'k1': 1.31**2 * RBF(length_scale=[0.649, 0.729, 0.439, 0.613]), 'k2': WhiteKernel(noise_level=1.17e-06), 'k1__k1': 1.31**2, 'k1__k2': RBF(length_scale=[0.649, 0.729, 0.439, 0.613]), 'k1__k1__constant_value': np.float64(1.7196259102900995), 'k1__k1__constant_value_bounds': (0.001, 1000.0), 'k1__k2__length_scale': array([0.64893584, 0.72861206, 0.43911433, 0.6126005 ]), 'k1__k2__length_scale_bounds': (0.006909835244420213, 6.909835244420213), 'k2__noise_level': np.float64(1.1746364151773793e-06), 'k2__noise_level_bounds': (1e-08, np.float64(6.6118001855498285))}","[0.3876913088862464, 0.4254767744637713, 0.3804933168577061, 0.4040244243912794]",0.5021915692424841,0.6151877334259244,"[{'type': 'noise_collapse', 'severity': 0.8, 'details': {'noise_level': 1e-08}}]",{'acq': 'EI'}
17,GP health,0.6166243908505985,45.120746205591146,0.009858081573854469,889955042.2008713,1,0.8,['noise_collapse']
17,GP anomalies,Sum,"{'k1': 1.32**2 * RBF(length_scale=[0.651, 0.734, 0.438, 0.618]), 'k2': WhiteKernel(noise_level=9.96e-07), 'k1__k1': 1.32**2, 'k1__k2': RBF(length_scale=[0.651, 0.734, 0.438, 0.618]), 'k1__k1__constant_value': np.float64(1.7346970356073006), 'k1__k1__constant_value_bounds': (0.001, 1000.0), 'k1__k2__length_scale': array([0.65057095, 0.73406641, 0.43822583, 0.61773324]), 'k1__k2__length_scale_bounds': (0.006828218407752328, 6.828218407752328), 'k2__noise_level': np.float64(9.956219837213628e-07), 'k2__noise_level_bounds': (1e-08, np.float64(6.431806720576418))}",1,0.8,['noise_collapse']
17,4D Warehouse Placement,EI,"1.32**2 * RBF(length_scale=[0.651, 0.734, 0.438, 0.618]) + WhiteKernel(noise_level=9.96e-07)","{'k1': 1.32**2 * RBF(length_scale=[0.651, 0.734, 0.438, 0.618]), 'k2': WhiteKernel(noise_level=9.96e-07), 'k1__k1': 1.32**2, 'k1__k2': RBF(length_scale=[0.651, 0.734, 0.438, 0.618]), 'k1__k1__constant_value': np.float64(1.7346970356073006), 'k1__k1__constant_value_bounds': (0.001, 1000.0), 'k1__k2__length_scale': array([0.65057095, 0.73406641, 0.43822583, 0.61773324]), 'k1__k2__length_scale_bounds': (0.006828218407752328, 6.828218407752328), 'k2__noise_level': np.float64(9.956219837213628e-07), 'k2__noise_level_bounds': (1e-08, np.float64(6.431806720576418))}","[0.41415698858359107, 0.3662137662476047, 0.40733619661854387, 0.42318564884116183]",0.5450433796309735,0.6166243908505985,"[{'type': 'noise_collapse', 'severity': 0.8, 'details': {'noise_level': 1e-08}}]",{'acq': 'EI'}
18,GP health,0.6183524486180572,43.63838757229693,0.0015545161897598642,312772608271.2506,1,0.8,['noise_collapse']
18,GP anomalies,Sum,"{'k1': 1.32**2 * RBF(length_scale=[0.653, 0.739, 0.437, 0.622]), 'k2': WhiteKernel(noise_level=8.57e-07), 'k1__k1': 1.32**2, 'k1__k2': RBF(length_scale=[0.653, 0.739, 0.437, 0.622]), 'k1__k1__constant_value': np.float64(1.7486145180978154), 'k1__k1__constant_value_bounds': (0.001, 1000.0), 'k1__k2__length_scale': array([0.65256456, 0.73883933, 0.43746515, 0.62177881]), 'k1__k2__length_scale_bounds': (0.006747214777674272, 6.747214777674272), 'k2__noise_level': np.float64(8.574953448143913e-07), 'k2__noise_level_bounds': (1e-08, np.float64(6.252285145216657))}",1,0.8,['noise_collapse']
18,4D Warehouse Placement,EI,"1.32**2 * RBF(length_scale=[0.653, 0.739, 0.437, 0.622]) + WhiteKernel(noise_level=8.57e-07)","{'k1': 1.32**2 * RBF(length_scale=[0.653, 0.739, 0.437, 0.622]), 'k2': WhiteKernel(noise_level=8.57e-07), 'k1__k1': 1.32**2, 'k1__k2': RBF(length_scale=[0.653, 0.739, 0.437, 0.622]), 'k1__k1__constant_value': np.float64(1.7486145180978154), 'k1__k1__constant_value_bounds': (0.001, 1000.0), 'k1__k2__length_scale': array([0.65256456, 0.73883933, 0.43746515, 0.62177881]), 'k1__k2__length_scale_bounds': (0.006747214777674272, 6.747214777674272), 'k2__noise_level': np.float64(8.574953448143913e-07), 'k2__noise_level_bounds': (1e-08, np.float64(6.252285145216657))}","[1.0, 0.32963790157865314, 0.1983688501471079, 0.3959541029662741]",-18.837024542565963,0.6183524486180572,"[{'type': 'noise_collapse', 'severity': 0.8, 'details': {'noise_level': 1e-08}}]",{'acq': 'EI'}
19,GP health,0.6185518464149609,43.84335021869701,0.0015445602003559286,335185088064.8351,1,0.8,['noise_collapse']
19,GP anomalies,Sum,"{'k1': 1.32**2 * RBF(length_scale=[0.656, 0.74, 0.438, 0.62]), 'k2': WhiteKernel(noise_level=8.73e-07), 'k1__k1': 1.32**2, 'k1__k2': RBF(length_scale=[0.656, 0.74, 0.438, 0.62]), 'k1__k1__constant_value': np.float64(1.7415098059179561), 'k1__k1__constant_value_bounds': (0.001, 1000.0), 'k1__k2__length_scale': array([0.65635649, 0.74001529, 0.43836628, 0.61957338]), 'k1__k2__length_scale_bounds': (0.006777124959569553, 6.777124959569552), 'k2__noise_level': np.float64(8.726169913773829e-07), 'k2__noise_level_bounds': (1e-08, np.float64(6.008049612759106))}",1,0.8,['noise_collapse']
19,4D Warehouse Placement,EI,"1.32**2 * RBF(length_scale=[0.656, 0.74, 0.438, 0.62]) + WhiteKernel(noise_level=8.73e-07)","{'k1': 1.32**2 * RBF(length_scale=[0.656, 0.74, 0.438, 0.62]), 'k2': WhiteKernel(noise_level=8.73e-07), 'k1__k1': 1.32**2, 'k1__k2': RBF(length_scale=[0.656, 0.74, 0.438, 0.62]), 'k1__k1__constant_value': np.float64(1.7415098059179561), 'k1__k1__constant_value_bounds': (0.001, 1000.0), 'k1__k2__length_scale': array([0.65635649, 0.74001529, 0.43836628, 0.61957338]), 'k1__k2__length_scale_bounds': (0.006777124959569553, 6.777124959569552), 'k2__noise_level': np.float64(8.726169913773829e-07), 'k2__noise_level_bounds': (1e-08, np.float64(6.008049612759106))}","[0.4211604766646395, 0.38724869784306654, 0.40606460716215875, 0.448352974665456]",0.5346310328040129,0.6185518464149609,"[{'type': 'noise_collapse', 'severity': 0.8, 'details': {'noise_level': 1e-08}}]",{'acq': 'EI'}
20,GP health,0.6203548037381468,48.75058362162832,0.0015517893723011468,352342965740.71185,1,0.8,['noise_collapse']
20,GP anomalies,Sum,"{'k1': 1.32**2 * RBF(length_scale=[0.657, 0.744, 0.437, 0.625]), 'k2': WhiteKernel(noise_level=7.51e-07), 'k1__k1': 1.32**2, 'k1__k2': RBF(length_scale=[0.657, 0.744, 0.437, 0.625]), 'k1__k1__constant_value': np.float64(1.753567914107963), 'k1__k1__constant_value_bounds': (0.001, 1000.0), 'k1__k2__length_scale': array([0.65726884, 0.74420214, 0.43652874, 0.62459373]), 'k1__k2__length_scale_bounds': (0.00669820291823834, 6.69820291823834), 'k2__noise_level': np.float64(7.507458427120093e-07), 'k2__noise_level_bounds': (1e-08, np.float64(5.837824054339075))}",1,0.8,['noise_collapse']
20,4D Warehouse Placement,EI,"1.32**2 * RBF(length_scale=[0.657, 0.744, 0.437, 0.625]) + WhiteKernel(noise_level=7.51e-07)","{'k1': 1.32**2 * RBF(length_scale=[0.657, 0.744, 0.437, 0.625]), 'k2': WhiteKernel(noise_level=7.51e-07), 'k1__k1': 1.32**2, 'k1__k2': RBF(length_scale=[0.657, 0.744, 0.437, 0.625]), 'k1__k1__constant_value': np.float64(1.753567914107963), 'k1__k1__constant_value_bounds': (0.001, 1000.0), 'k1__k2__length_scale': array([0.65726884, 0.74420214, 0.43652874, 0.62459373]), 'k1__k2__length_scale_bounds': (0.00669820291823834, 6.69820291823834), 'k2__noise_level': np.float64(7.507458427120093e-07), 'k2__noise_level_bounds': (1e-08, np.float64(5.837824054339075))}","[0.11876796504759135, 0.34523284878142046, 0.0, 0.7821947873500215]",-20.99474386025911,0.6203548037381468,"[{'type': 'noise_collapse', 'severity': 0.8, 'details': {'noise_level': 1e-08}}]",{'acq': 'EI'}
21,GP health,0.6207904815469849,48.7285254828118,0.0015457037771808005,368681785009.3251,1,0.8,['noise_collapse']
21,GP anomalies,Sum,"{'k1': 1.31**2 * RBF(length_scale=[0.655, 0.741, 0.439, 0.624]), 'k2': WhiteKernel(noise_level=7.59e-07), 'k1__k1': 1.31**2, 'k1__k2': RBF(length_scale=[0.655, 0.741, 0.439, 0.624]), 'k1__k1__constant_value': np.float64(1.7251586664421317), 'k1__k1__constant_value_bounds': (0.001, 1000.0), 'k1__k2__length_scale': array([0.65521568, 0.74119319, 0.43905831, 0.62410051]), 'k1__k2__length_scale_bounds': (0.00674922538827592, 6.74922538827592), 'k2__noise_level': np.float64(7.592783305458156e-07), 'k2__noise_level_bounds': (1e-08, np.float64(5.623831306359544))}",1,0.8,['noise_collapse']
21,4D Warehouse Placement,EI,"1.31**2 * RBF(length_scale=[0.655, 0.741, 0.439, 0.624]) + WhiteKernel(noise_level=7.59e-07)","{'k1': 1.31**2 * RBF(length_scale=[0.655, 0.741, 0.439, 0.624]), 'k2': WhiteKernel(noise_level=7.59e-07), 'k1__k1': 1.31**2, 'k1__k2': RBF(length_scale=[0.655, 0.741, 0.439, 0.624]), 'k1__k1__constant_value': np.float64(1.7251586664421317), 'k1__k1__constant_value_bounds': (0.001, 1000.0), 'k1__k2__length_scale': array([0.65521568, 0.74119319, 0.43905831, 0.62410051]), 'k1__k2__length_scale_bounds': (0.00674922538827592, 6.74922538827592), 'k2__noise_level': np.float64(7.592783305458156e-07), 'k2__noise_level_bounds': (1e-08, np.float64(5.623831306359544))}","[0.4565967308889187, 0.022416203166501114, 0.3549506274368397, 0.0]",-15.14265345096209,0.6207904815469849,"[{'type': 'noise_collapse', 'severity': 0.8, 'details': {'noise_level': 1e-08}}]",{'acq': 'EI'}
22,GP health,0.6207270213884735,49.065514786924226,0.0015331631117348821,379337676902.38745,1,0.8,['noise_collapse']
22,GP anomalies,Sum,"{'k1': 1.32**2 * RBF(length_scale=[0.657, 0.749, 0.437, 0.63]), 'k2': WhiteKernel(noise_level=7.65e-07), 'k1__k1': 1.32**2, 'k1__k2': RBF(length_scale=[0.657, 0.749, 0.437, 0.63]), 'k1__k1__constant_value': np.float64(1.7523231873012246), 'k1__k1__constant_value_bounds': (0.001, 1000.0), 'k1__k2__length_scale': array([0.6573979 , 0.74857717, 0.43684611, 0.63025445]), 'k1__k2__length_scale_bounds': (0.006780853656618199, 6.7808536566181985), 'k2__noise_level': np.float64(7.64753740324964e-07), 'k2__noise_level_bounds': (1e-08, np.float64(5.394899983870386))}",1,0.8,['noise_collapse']
22,4D Warehouse Placement,EI,"1.32**2 * RBF(length_scale=[0.657, 0.749, 0.437, 0.63]) + WhiteKernel(noise_level=7.65e-07)","{'k1': 1.32**2 * RBF(length_scale=[0.657, 0.749, 0.437, 0.63]), 'k2': WhiteKernel(noise_level=7.65e-07), 'k1__k1': 1.32**2, 'k1__k2': RBF(length_scale=[0.657, 0.749, 0.437, 0.63]), 'k1__k1__constant_value': np.float64(1.7523231873012246), 'k1__k1__constant_value_bounds': (0.001, 1000.0), 'k1__k2__length_scale': array([0.6573979 , 0.74857717, 0.43684611, 0.63025445]), 'k1__k2__length_scale_bounds': (0.006780853656618199, 6.7808536566181985), 'k2__noise_level': np.float64(7.64753740324964e-07), 'k2__noise_level_bounds': (1e-08, np.float64(5.394899983870386))}","[0.39662505861663666, 0.41887695625066473, 0.4058360856058675, 0.39802011993133085]",0.5514329583944999,0.6207270213884735,"[{'type': 'noise_collapse', 'severity': 0.8, 'details': {'noise_level': 1e-08}}]",{'acq': 'EI'}
23,GP health,0.6226389173236672,64.07027637226628,0.007502580873798547,1870335607.3896396,1,0.8,['noise_collapse']
23,GP anomalies,Sum,"{'k1': 1.33**2 * RBF(length_scale=[0.658, 0.752, 0.435, 0.634]), 'k2': WhiteKernel(noise_level=6.58e-07), 'k1__k1': 1.33**2, 'k1__k2': RBF(length_scale=[0.658, 0.752, 0.435, 0.634]), 'k1__k1__constant_value': np.float64(1.7627897425181258), 'k1__k1__constant_value_bounds': (0.001, 1000.0), 'k1__k2__length_scale': array([0.65751118, 0.75189389, 0.43536507, 0.63436606]), 'k1__k2__length_scale_bounds': (0.00670563871616586, 6.70563871616586), 'k2__noise_level': np.float64(6.583004729692442e-07), 'k2__noise_level_bounds': (1e-08, np.float64(5.241471806376454))}",1,0.8,['noise_collapse']
23,4D Warehouse Placement,EI,"1.33**2 * RBF(length_scale=[0.658, 0.752, 0.435, 0.634]) + WhiteKernel(noise_level=6.58e-07)","{'k1': 1.33**2 * RBF(length_scale=[0.658, 0.752, 0.435, 0.634]), 'k2': WhiteKernel(noise_level=6.58e-07), 'k1__k1': 1.33**2, 'k1__k2': RBF(length_scale=[0.658, 0.752, 0.435, 0.634]), 'k1__k1__constant_value': np.float64(1.7627897425181258), 'k1__k1__constant_value_bounds': (0.001, 1000.0), 'k1__k2__length_scale': array([0.65751118, 0.75189389, 0.43536507, 0.63436606]), 'k1__k2__length_scale_bounds': (0.00670563871616586, 6.70563871616586), 'k2__noise_level': np.float64(6.583004729692442e-07), 'k2__noise_level_bounds': (1e-08, np.float64(5.241471806376454))}","[0.4093513727013506, 0.39159597192670415, 0.3898921459360811, 0.37889224859131665]",0.5016753252302042,0.6226389173236672,"[{'type': 'noise_collapse', 'severity': 0.8, 'details': {'noise_level': 1e-08}}]",{'acq': 'EI'}
24,GP health,0.6249250476566741,58.34878288294729,0.0015461352257459277,353434371941.7839,1,0.8,['noise_collapse']
24,GP anomalies,Sum,"{'k1': 1.33**2 * RBF(length_scale=[0.659, 0.757, 0.435, 0.641]), 'k2': WhiteKernel(noise_level=6.01e-07), 'k1__k1': 1.33**2, 'k1__k2': RBF(length_scale=[0.659, 0.757, 0.435, 0.641]), 'k1__k1__constant_value': np.float64(1.7813826011835825), 'k1__k1__constant_value_bounds': (0.001, 1000.0), 'k1__k2__length_scale': array([0.65879085, 0.7565688 , 0.43498816, 0.64063424]), 'k1__k2__length_scale_bounds': (0.006632935003539234, 6.6329350035392345), 'k2__noise_level': np.float64(6.00928851807927e-07), 'k2__noise_level_bounds': (1e-08, np.float64(5.088940669028589))}",1,0.8,['noise_collapse']
24,4D Warehouse Placement,EI,"1.33**2 * RBF(length_scale=[0.659, 0.757, 0.435, 0.641]) + WhiteKernel(noise_level=6.01e-07)","{'k1': 1.33**2 * RBF(length_scale=[0.659, 0.757, 0.435, 0.641]), 'k2': WhiteKernel(noise_level=6.01e-07), 'k1__k1': 1.33**2, 'k1__k2': RBF(length_scale=[0.659, 0.757, 0.435, 0.641]), 'k1__k1__constant_value': np.float64(1.7813826011835825), 'k1__k1__constant_value_bounds': (0.001, 1000.0), 'k1__k2__length_scale': array([0.65879085, 0.7565688 , 0.43498816, 0.64063424]), 'k1__k2__length_scale_bounds': (0.006632935003539234, 6.6329350035392345), 'k2__noise_level': np.float64(6.00928851807927e-07), 'k2__noise_level_bounds': (1e-08, np.float64(5.088940669028589))}","[0.41548784828235613, 0.4122110157799964, 0.397476718430564, 0.4049596701316793]",0.5960818687172562,0.6249250476566741,"[{'type': 'noise_collapse', 'severity': 0.8, 'details': {'noise_level': 1e-08}}]",{'acq': 'EI'}
25,GP health,0.6269948422664402,76.1182414705935,0.00700268074499718,2332650669.086322,1,0.8,['noise_collapse']
25,GP anomalies,Sum,"{'k1': 1.34**2 * RBF(length_scale=[0.659, 0.76, 0.433, 0.645]), 'k2': WhiteKernel(noise_level=5.29e-07), 'k1__k1': 1.34**2, 'k1__k2': RBF(length_scale=[0.659, 0.76, 0.433, 0.645]), 'k1__k1__constant_value': np.float64(1.7944256373498084), 'k1__k1__constant_value_bounds': (0.001, 1000.0), 'k1__k2__length_scale': array([0.65879825, 0.75989148, 0.43340084, 0.64483073]), 'k1__k2__length_scale_bounds': (0.00655952751696646, 6.55952751696646), 'k2__noise_level': np.float64(5.285341556870672e-07), 'k2__noise_level_bounds': (1e-08, np.float64(4.939057199200164))}",1,0.8,['noise_collapse']
25,4D Warehouse Placement,EI,"1.34**2 * RBF(length_scale=[0.659, 0.76, 0.433, 0.645]) + WhiteKernel(noise_level=5.29e-07)","{'k1': 1.34**2 * RBF(length_scale=[0.659, 0.76, 0.433, 0.645]), 'k2': WhiteKernel(noise_level=5.29e-07), 'k1__k1': 1.34**2, 'k1__k2': RBF(length_scale=[0.659, 0.76, 0.433, 0.645]), 'k1__k1__constant_value': np.float64(1.7944256373498084), 'k1__k1__constant_value_bounds': (0.001, 1000.0), 'k1__k2__length_scale': array([0.65879825, 0.75989148, 0.43340084, 0.64483073]), 'k1__k2__length_scale_bounds': (0.00655952751696646, 6.55952751696646), 'k2__noise_level': np.float64(5.285341556870672e-07), 'k2__noise_level_bounds': (1e-08, np.float64(4.939057199200164))}","[0.0, 0.3736156379834413, 0.4160815504097123, 0.7375914268236168]",-13.746940505595095,0.6269948422664402,"[{'type': 'noise_collapse', 'severity': 0.8, 'details': {'noise_level': 1e-08}}]",{'acq': 'EI'}
26,GP health,0.6270322115870977,64.05812025404583,0.0015394697712244941,354845319114.89795,1,0.8,['noise_collapse']
26,GP anomalies,Sum,"{'k1': 1.34**2 * RBF(length_scale=[0.663, 0.76, 0.432, 0.647]), 'k2': WhiteKernel(noise_level=5.27e-07), 'k1__k1': 1.34**2, 'k1__k2': RBF(length_scale=[0.663, 0.76, 0.432, 0.647]), 'k1__k1__constant_value': np.float64(1.8045069078846652), 'k1__k1__constant_value_bounds': (0.001, 1000.0), 'k1__k2__length_scale': array([0.66307839, 0.7600824 , 0.43192748, 0.64655648]), 'k1__k2__length_scale_bounds': (0.006581178032618121, 6.581178032618121), 'k2__noise_level': np.float64(5.274170028272936e-07), 'k2__noise_level_bounds': (1e-08, np.float64(4.739645617641005))}",1,0.8,['noise_collapse']
26,4D Warehouse Placement,EI,"1.34**2 * RBF(length_scale=[0.663, 0.76, 0.432, 0.647]) + WhiteKernel(noise_level=5.27e-07)","{'k1': 1.34**2 * RBF(length_scale=[0.663, 0.76, 0.432, 0.647]), 'k2': WhiteKernel(noise_level=5.27e-07), 'k1__k1': 1.34**2, 'k1__k2': RBF(length_scale=[0.663, 0.76, 0.432, 0.647]), 'k1__k1__constant_value': np.float64(1.8045069078846652), 'k1__k1__constant_value_bounds': (0.001, 1000.0), 'k1__k2__length_scale': array([0.66307839, 0.7600824 , 0.43192748, 0.64655648]), 'k1__k2__length_scale_bounds': (0.006581178032618121, 6.581178032618121), 'k2__noise_level': np.float64(5.274170028272936e-07), 'k2__noise_level_bounds': (1e-08, np.float64(4.739645617641005))}","[0.4048893917569327, 0.7850595890857373, 0.7940176758383033, 0.2612103822507168]",-18.138472351102077,0.6270322115870977,"[{'type': 'noise_collapse', 'severity': 0.8, 'details': {'noise_level': 1e-08}}]",{'acq': 'EI'}
27,GP health,0.6274930141209496,76.81012791682926,0.0072010175879488394,2323814656.482632,1,0.8,['noise_collapse']
27,GP anomalies,Sum,"{'k1': 1.34**2 * RBF(length_scale=[0.666, 0.761, 0.434, 0.646]), 'k2': WhiteKernel(noise_level=5.37e-07), 'k1__k1': 1.34**2, 'k1__k2': RBF(length_scale=[0.666, 0.761, 0.434, 0.646]), 'k1__k1__constant_value': np.float64(1.8028635564612), 'k1__k1__constant_value_bounds': (0.001, 1000.0), 'k1__k2__length_scale': array([0.66561046, 0.76094539, 0.43375198, 0.64553287]), 'k1__k2__length_scale_bounds': (0.0065979432320876965, 6.5979432320876965), 'k2__noise_level': np.float64(5.36690919822039e-07), 'k2__noise_level_bounds': (1e-08, np.float64(4.558103182462584))}",1,0.8,['noise_collapse']
27,4D Warehouse Placement,EI,"1.34**2 * RBF(length_scale=[0.666, 0.761, 0.434, 0.646]) + WhiteKernel(noise_level=5.37e-07)","{'k1': 1.34**2 * RBF(length_scale=[0.666, 0.761, 0.434, 0.646]), 'k2': WhiteKernel(noise_level=5.37e-07), 'k1__k1': 1.34**2, 'k1__k2': RBF(length_scale=[0.666, 0.761, 0.434, 0.646]), 'k1__k1__constant_value': np.float64(1.8028635564612), 'k1__k1__constant_value_bounds': (0.001, 1000.0), 'k1__k2__length_scale': array([0.66561046, 0.76094539, 0.43375198, 0.64553287]), 'k1__k2__length_scale_bounds': (0.0065979432320876965, 6.5979432320876965), 'k2__noise_level': np.float64(5.36690919822039e-07), 'k2__noise_level_bounds': (1e-08, np.float64(4.558103182462584))}","[0.5089811845020451, 0.8282296984887314, 0.05859518021903859, 0.25405068668780184]",-19.585648532183676,0.6274930141209496,"[{'type': 'noise_collapse', 'severity': 0.8, 'details': {'noise_level': 1e-08}}]",{'acq': 'EI'}
28,GP health,0.6278946952694582,65.07251405925729,0.0015240514801777138,373483898250.96265,1,0.8,['noise_collapse']
28,GP anomalies,Sum,"{'k1': 1.34**2 * RBF(length_scale=[0.667, 0.765, 0.434, 0.645]), 'k2': WhiteKernel(noise_level=5.42e-07), 'k1__k1': 1.34**2, 'k1__k2': RBF(length_scale=[0.667, 0.765, 0.434, 0.645]), 'k1__k1__constant_value': np.float64(1.796627860350097), 'k1__k1__constant_value_bounds': (0.001, 1000.0), 'k1__k2__length_scale': array([0.66687872, 0.76533271, 0.43428385, 0.64475237]), 'k1__k2__length_scale_bounds': (0.006624507226444178, 6.6245072264441776), 'k2__noise_level': np.float64(5.42241030249436e-07), 'k2__noise_level_bounds': (1e-08, np.float64(4.388977842734098))}",1,0.8,['noise_collapse']
28,4D Warehouse Placement,EI,"1.34**2 * RBF(length_scale=[0.667, 0.765, 0.434, 0.645]) + WhiteKernel(noise_level=5.42e-07)","{'k1': 1.34**2 * RBF(length_scale=[0.667, 0.765, 0.434, 0.645]), 'k2': WhiteKernel(noise_level=5.42e-07), 'k1__k1': 1.34**2, 'k1__k2': RBF(length_scale=[0.667, 0.765, 0.434, 0.645]), 'k1__k1__constant_value': np.float64(1.796627860350097), 'k1__k1__constant_value_bounds': (0.001, 1000.0), 'k1__k2__length_scale': array([0.66687872, 0.76533271, 0.43428385, 0.64475237]), 'k1__k2__length_scale_bounds': (0.006624507226444178, 6.6245072264441776), 'k2__noise_level': np.float64(5.42241030249436e-07), 'k2__noise_level_bounds': (1e-08, np.float64(4.388977842734098))}","[0.39276462593302724, 0.4096344170336264, 0.4065534914087144, 0.405412250660673]",0.5748661837429712,0.6278946952694582,"[{'type': 'noise_collapse', 'severity': 0.8, 'details': {'noise_level': 1e-08}}]",{'acq': 'EI'}
29,GP health,0.6301527729775454,70.5351760544868,0.0015295163309402549,359936687781.69183,1,0.8,['noise_collapse']
29,GP anomalies,Sum,"{'k1': 1.34**2 * RBF(length_scale=[0.667, 0.768, 0.433, 0.648]), 'k2': WhiteKernel(noise_level=4.84e-07), 'k1__k1': 1.34**2, 'k1__k2': RBF(length_scale=[0.667, 0.768, 0.433, 0.648]), 'k1__k1__constant_value': np.float64(1.8044152904504898), 'k1__k1__constant_value_bounds': (0.001, 1000.0), 'k1__k2__length_scale': array([0.66664744, 0.767962  , 0.43297023, 0.64812733]), 'k1__k2__length_scale_bounds': (0.006556113331654376, 6.556113331654377), 'k2__noise_level': np.float64(4.835826337081954e-07), 'k2__noise_level_bounds': (1e-08, np.float64(4.260132687508163))}",1,0.8,['noise_collapse']
29,4D Warehouse Placement,EI,"1.34**2 * RBF(length_scale=[0.667, 0.768, 0.433, 0.648]) + WhiteKernel(noise_level=4.84e-07)","{'k1': 1.34**2 * RBF(length_scale=[0.667, 0.768, 0.433, 0.648]), 'k2': WhiteKernel(noise_level=4.84e-07), 'k1__k1': 1.34**2, 'k1__k2': RBF(length_scale=[0.667, 0.768, 0.433, 0.648]), 'k1__k1__constant_value': np.float64(1.8044152904504898), 'k1__k1__constant_value_bounds': (0.001, 1000.0), 'k1__k2__length_scale': array([0.66664744, 0.767962  , 0.43297023, 0.64812733]), 'k1__k2__length_scale_bounds': (0.006556113331654376, 6.556113331654377), 'k2__noise_level': np.float64(4.835826337081954e-07), 'k2__noise_level_bounds': (1e-08, np.float64(4.260132687508163))}","[0.3959889265297594, 0.3937657957772881, 0.39300853974683614, 0.43595874756935266]",0.5735311909497653,0.6301527729775454,"[{'type': 'noise_collapse', 'severity': 0.8, 'details': {'noise_level': 1e-08}}]",{'acq': 'EI'}
30,GP health,0.632423343056244,76.02243364752684,0.00153430166290148,347235240647.91296,1,0.8,['noise_collapse']
30,GP anomalies,Sum,"{'k1': 1.35**2 * RBF(length_scale=[0.666, 0.771, 0.432, 0.651]), 'k2': WhiteKernel(noise_level=4.35e-07), 'k1__k1': 1.35**2, 'k1__k2': RBF(length_scale=[0.666, 0.771, 0.432, 0.651]), 'k1__k1__constant_value': np.float64(1.8134493261515008), 'k1__k1__constant_value_bounds': (0.001, 1000.0), 'k1__k2__length_scale': array([0.6664975 , 0.77053612, 0.43184693, 0.65111142]), 'k1__k2__length_scale_bounds': (0.00648937952951405, 6.48937952951405), 'k2__noise_level': np.float64(4.349986543302227e-07), 'k2__noise_level_bounds': (1e-08, np.float64(4.133192090515771))}",1,0.8,['noise_collapse']
30,4D Warehouse Placement,EI,"1.35**2 * RBF(length_scale=[0.666, 0.771, 0.432, 0.651]) + WhiteKernel(noise_level=4.35e-07)","{'k1': 1.35**2 * RBF(length_scale=[0.666, 0.771, 0.432, 0.651]), 'k2': WhiteKernel(noise_level=4.35e-07), 'k1__k1': 1.35**2, 'k1__k2': RBF(length_scale=[0.666, 0.771, 0.432, 0.651]), 'k1__k1__constant_value': np.float64(1.8134493261515008), 'k1__k1__constant_value_bounds': (0.001, 1000.0), 'k1__k2__length_scale': array([0.6664975 , 0.77053612, 0.43184693, 0.65111142]), 'k1__k2__length_scale_bounds': (0.00648937952951405, 6.48937952951405), 'k2__noise_level': np.float64(4.349986543302227e-07), 'k2__noise_level_bounds': (1e-08, np.float64(4.133192090515771))}","[0.09922194249085914, 0.3197545238656675, 0.8272646765433711, 0.0]",-13.11368795383605,0.632423343056244,"[{'type': 'noise_collapse', 'severity': 0.8, 'details': {'noise_level': 1e-08}}]",{'acq': 'EI'}
