1,GP health,0.6725910896795474,-18.351455352088628,0.013635878484632739,327781.5290141403,1,0.8,['noise_collapse']
1,GP anomalies,Sum,"{'k1': 1.22**2 * RBF(length_scale=[0.477, 0.619, 0.951, 0.769, 0.522]), 'k2': WhiteKernel(noise_level=0.000291), 'k1__k1': 1.22**2, 'k1__k2': RBF(length_scale=[0.477, 0.619, 0.951, 0.769, 0.522]), 'k1__k1__constant_value': np.float64(1.4965018788322642), 'k1__k1__constant_value_bounds': (0.001, 10000.0), 'k1__k2__length_scale': array([0.47675457, 0.61927621, 0.95119935, 0.76940318, 0.52194199]), 'k1__k2__length_scale_bounds': (0.00919668618959348, 9.19668618959348), 'k2__noise_level': np.float64(0.000290575594105516), 'k2__noise_level_bounds': (1e-08, np.float64(0.5763557202296976))}",1,0.8,['noise_collapse']
1,5D Cake Recipe,PI,"1.22**2 * RBF(length_scale=[0.477, 0.619, 0.951, 0.769, 0.522]) + WhiteKernel(noise_level=0.000291)","{'k1': 1.22**2 * RBF(length_scale=[0.477, 0.619, 0.951, 0.769, 0.522]), 'k2': WhiteKernel(noise_level=0.000291), 'k1__k1': 1.22**2, 'k1__k2': RBF(length_scale=[0.477, 0.619, 0.951, 0.769, 0.522]), 'k1__k1__constant_value': np.float64(1.4965018788322642), 'k1__k1__constant_value_bounds': (0.001, 10000.0), 'k1__k2__length_scale': array([0.47675457, 0.61927621, 0.95119935, 0.76940318, 0.52194199]), 'k1__k2__length_scale_bounds': (0.00919668618959348, 9.19668618959348), 'k2__noise_level': np.float64(0.000290575594105516), 'k2__noise_level_bounds': (1e-08, np.float64(0.5763557202296976))}","[0.42621355395929844, 0.4127893386365866, 0.5936735301672532, 0.7974125205718626, 0.16317508059487162]",-0.1421292963233629,0.6725910896795474,"[{'type': 'noise_collapse', 'severity': 0.8, 'details': {'noise_level': 1e-08}}]",{'acq': 'PI'}
2,GP health,0.6688575012506646,-15.62936536978815,0.013260997496738605,402406.21388104087,1,0.8,['noise_collapse']
2,GP anomalies,Sum,"{'k1': 1.25**2 * RBF(length_scale=[0.504, 0.634, 1.05, 0.84, 0.54]), 'k2': WhiteKernel(noise_level=0.000219), 'k1__k1': 1.25**2, 'k1__k2': RBF(length_scale=[0.504, 0.634, 1.05, 0.84, 0.54]), 'k1__k1__constant_value': np.float64(1.5687762031463532), 'k1__k1__constant_value_bounds': (0.001, 10000.0), 'k1__k2__length_scale': array([0.50393315, 0.633857  , 1.04617432, 0.84040384, 0.53997728]), 'k1__k2__length_scale_bounds': (0.00903935210190892, 9.03935210190892), 'k2__noise_level': np.float64(0.00021926571250841504), 'k2__noise_level_bounds': (1e-08, np.float64(0.5881748718292634))}",1,0.8,['noise_collapse']
2,5D Cake Recipe,PI,"1.25**2 * RBF(length_scale=[0.504, 0.634, 1.05, 0.84, 0.54]) + WhiteKernel(noise_level=0.000219)","{'k1': 1.25**2 * RBF(length_scale=[0.504, 0.634, 1.05, 0.84, 0.54]), 'k2': WhiteKernel(noise_level=0.000219), 'k1__k1': 1.25**2, 'k1__k2': RBF(length_scale=[0.504, 0.634, 1.05, 0.84, 0.54]), 'k1__k1__constant_value': np.float64(1.5687762031463532), 'k1__k1__constant_value_bounds': (0.001, 10000.0), 'k1__k2__length_scale': array([0.50393315, 0.633857  , 1.04617432, 0.84040384, 0.53997728]), 'k1__k2__length_scale_bounds': (0.00903935210190892, 9.03935210190892), 'k2__noise_level': np.float64(0.00021926571250841504), 'k2__noise_level_bounds': (1e-08, np.float64(0.5881748718292634))}","[0.4558391534747448, 0.43037262662584724, 0.6959110213185399, 0.8165498842928212, 0.20277718229043318]",-0.1032497446725269,0.6688575012506646,"[{'type': 'noise_collapse', 'severity': 0.8, 'details': {'noise_level': 1e-08}}]",{'acq': 'PI'}
3,GP health,0.6666860093582136,-13.051871713776524,0.013003539980850047,544027.2076143485,1,0.8,['noise_collapse']
3,GP anomalies,Sum,"{'k1': 1.27**2 * RBF(length_scale=[0.531, 0.648, 1.13, 0.898, 0.553]), 'k2': WhiteKernel(noise_level=0.000189), 'k1__k1': 1.27**2, 'k1__k2': RBF(length_scale=[0.531, 0.648, 1.13, 0.898, 0.553]), 'k1__k1__constant_value': np.float64(1.6214884520190147), 'k1__k1__constant_value_bounds': (0.001, 10000.0), 'k1__k2__length_scale': array([0.531076  , 0.64760337, 1.13024949, 0.8983325 , 0.55275245]), 'k1__k2__length_scale_bounds': (0.008890511123189808, 8.890511123189809), 'k2__noise_level': np.float64(0.00018933916066363795), 'k2__noise_level_bounds': (1e-08, np.float64(0.5951532218326231))}",1,0.8,['noise_collapse']
3,5D Cake Recipe,PI,"1.27**2 * RBF(length_scale=[0.531, 0.648, 1.13, 0.898, 0.553]) + WhiteKernel(noise_level=0.000189)","{'k1': 1.27**2 * RBF(length_scale=[0.531, 0.648, 1.13, 0.898, 0.553]), 'k2': WhiteKernel(noise_level=0.000189), 'k1__k1': 1.27**2, 'k1__k2': RBF(length_scale=[0.531, 0.648, 1.13, 0.898, 0.553]), 'k1__k1__constant_value': np.float64(1.6214884520190147), 'k1__k1__constant_value_bounds': (0.001, 10000.0), 'k1__k2__length_scale': array([0.531076  , 0.64760337, 1.13024949, 0.8983325 , 0.55275245]), 'k1__k2__length_scale_bounds': (0.008890511123189808, 8.890511123189809), 'k2__noise_level': np.float64(0.00018933916066363795), 'k2__noise_level_bounds': (1e-08, np.float64(0.5951532218326231))}","[0.44787278007975595, 0.40887572881980044, 0.8056918734725543, 0.8372066632258777, 0.2396900845574112]",-0.08818430549152945,0.6666860093582136,"[{'type': 'noise_collapse', 'severity': 0.8, 'details': {'noise_level': 1e-08}}]",{'acq': 'PI'}
4,GP health,0.6644347579380803,-9.861876901743855,0.011755445407320307,398864.1977682016,1,0.8,['noise_collapse']
4,GP anomalies,Sum,"{'k1': 1.29**2 * RBF(length_scale=[0.55, 0.662, 1.19, 0.937, 0.567]), 'k2': WhiteKernel(noise_level=0.000153), 'k1__k1': 1.29**2, 'k1__k2': RBF(length_scale=[0.55, 0.662, 1.19, 0.937, 0.567]), 'k1__k1__constant_value': np.float64(1.6620281712978378), 'k1__k1__constant_value_bounds': (0.001, 10000.0), 'k1__k2__length_scale': array([0.5498811 , 0.66228196, 1.1863928 , 0.93658877, 0.5665983 ]), 'k1__k2__length_scale_bounds': (0.008767504486769408, 8.767504486769408), 'k2__noise_level': np.float64(0.00015325841947442078), 'k2__noise_level_bounds': (1e-08, np.float64(0.5971664053376643))}",1,0.8,['noise_collapse']
4,5D Cake Recipe,PI,"1.29**2 * RBF(length_scale=[0.55, 0.662, 1.19, 0.937, 0.567]) + WhiteKernel(noise_level=0.000153)","{'k1': 1.29**2 * RBF(length_scale=[0.55, 0.662, 1.19, 0.937, 0.567]), 'k2': WhiteKernel(noise_level=0.000153), 'k1__k1': 1.29**2, 'k1__k2': RBF(length_scale=[0.55, 0.662, 1.19, 0.937, 0.567]), 'k1__k1__constant_value': np.float64(1.6620281712978378), 'k1__k1__constant_value_bounds': (0.001, 10000.0), 'k1__k2__length_scale': array([0.5498811 , 0.66228196, 1.1863928 , 0.93658877, 0.5665983 ]), 'k1__k2__length_scale_bounds': (0.008767504486769408, 8.767504486769408), 'k2__noise_level': np.float64(0.00015325841947442078), 'k2__noise_level_bounds': (1e-08, np.float64(0.5971664053376643))}","[0.45505927133383295, 0.4169099026138068, 0.9119659132972147, 0.7933160676176733, 0.20397185532396453]",-0.09854809925717123,0.6644347579380803,"[{'type': 'noise_collapse', 'severity': 0.8, 'details': {'noise_level': 1e-08}}]",{'acq': 'PI'}
5,GP health,0.6627506849266391,-7.888111903719086,0.012451210248133573,897575.5401815133,1,0.8,['noise_collapse']
5,GP anomalies,Sum,"{'k1': 1.33**2 * RBF(length_scale=[0.572, 0.684, 1.27, 0.999, 0.577]), 'k2': WhiteKernel(noise_level=0.000138), 'k1__k1': 1.33**2, 'k1__k2': RBF(length_scale=[0.572, 0.684, 1.27, 0.999, 0.577]), 'k1__k1__constant_value': np.float64(1.7617109778280142), 'k1__k1__constant_value_bounds': (0.001, 10000.0), 'k1__k2__length_scale': array([0.57205594, 0.68360488, 1.26612769, 0.99867221, 0.576896  ]), 'k1__k2__length_scale_bounds': (0.008668171893194625, 8.668171893194625), 'k2__noise_level': np.float64(0.00013827504423863038), 'k2__noise_level_bounds': (1e-08, np.float64(0.5942767347483022))}",1,0.8,['noise_collapse']
5,5D Cake Recipe,PI,"1.33**2 * RBF(length_scale=[0.572, 0.684, 1.27, 0.999, 0.577]) + WhiteKernel(noise_level=0.000138)","{'k1': 1.33**2 * RBF(length_scale=[0.572, 0.684, 1.27, 0.999, 0.577]), 'k2': WhiteKernel(noise_level=0.000138), 'k1__k1': 1.33**2, 'k1__k2': RBF(length_scale=[0.572, 0.684, 1.27, 0.999, 0.577]), 'k1__k1__constant_value': np.float64(1.7617109778280142), 'k1__k1__constant_value_bounds': (0.001, 10000.0), 'k1__k2__length_scale': array([0.57205594, 0.68360488, 1.26612769, 0.99867221, 0.576896  ]), 'k1__k2__length_scale_bounds': (0.008668171893194625, 8.668171893194625), 'k2__noise_level': np.float64(0.00013827504423863038), 'k2__noise_level_bounds': (1e-08, np.float64(0.5942767347483022))}","[0.4611051186700443, 0.43365994265915, 0.8471953003728452, 0.9390810950725792, 0.2438364261990827]",-0.0896139186662468,0.6627506849266391,"[{'type': 'noise_collapse', 'severity': 0.8, 'details': {'noise_level': 1e-08}}]",{'acq': 'PI'}
6,GP health,0.6613416200782212,-4.769457169363484,0.011171766269718287,631100.5099765136,1,0.8,['noise_collapse']
6,GP anomalies,Sum,"{'k1': 1.36**2 * RBF(length_scale=[0.593, 0.702, 1.3, 1.06, 0.581]), 'k2': WhiteKernel(noise_level=0.000122), 'k1__k1': 1.36**2, 'k1__k2': RBF(length_scale=[0.593, 0.702, 1.3, 1.06, 0.581]), 'k1__k1__constant_value': np.float64(1.8400626179062725), 'k1__k1__constant_value_bounds': (0.001, 10000.0), 'k1__k2__length_scale': array([0.59272596, 0.7022612 , 1.30449733, 1.06333606, 0.58073665]), 'k1__k2__length_scale_bounds': (0.008572628847349984, 8.572628847349984), 'k2__noise_level': np.float64(0.0001224947560332401), 'k2__noise_level_bounds': (1e-08, np.float64(0.5885081085674139))}",1,0.8,['noise_collapse']
6,5D Cake Recipe,PI,"1.36**2 * RBF(length_scale=[0.593, 0.702, 1.3, 1.06, 0.581]) + WhiteKernel(noise_level=0.000122)","{'k1': 1.36**2 * RBF(length_scale=[0.593, 0.702, 1.3, 1.06, 0.581]), 'k2': WhiteKernel(noise_level=0.000122), 'k1__k1': 1.36**2, 'k1__k2': RBF(length_scale=[0.593, 0.702, 1.3, 1.06, 0.581]), 'k1__k1__constant_value': np.float64(1.8400626179062725), 'k1__k1__constant_value_bounds': (0.001, 10000.0), 'k1__k2__length_scale': array([0.59272596, 0.7022612 , 1.30449733, 1.06333606, 0.58073665]), 'k1__k2__length_scale_bounds': (0.008572628847349984, 8.572628847349984), 'k2__noise_level': np.float64(0.0001224947560332401), 'k2__noise_level_bounds': (1e-08, np.float64(0.5885081085674139))}","[0.44758157530774334, 0.40960627917636205, 0.8500208569640458, 0.9113470728516021, 0.23097576391415184]",-0.08803110114088986,0.6613416200782212,"[{'type': 'noise_collapse', 'severity': 0.8, 'details': {'noise_level': 1e-08}}]",{'acq': 'PI'}
7,GP health,0.6602103592685156,-2.4328320329377924,0.011736422810730276,1203994.065443408,1,0.8,['noise_collapse']
7,GP anomalies,Sum,"{'k1': 1.38**2 * RBF(length_scale=[0.606, 0.718, 1.33, 1.09, 0.588]), 'k2': WhiteKernel(noise_level=0.000101), 'k1__k1': 1.38**2, 'k1__k2': RBF(length_scale=[0.606, 0.718, 1.33, 1.09, 0.588]), 'k1__k1__constant_value': np.float64(1.89090644970206), 'k1__k1__constant_value_bounds': (0.001, 10000.0), 'k1__k2__length_scale': array([0.60591325, 0.71817806, 1.33217426, 1.08900539, 0.58771342]), 'k1__k2__length_scale_bounds': (0.008469100642868297, 8.469100642868296), 'k2__noise_level': np.float64(0.00010141829388257028), 'k2__noise_level_bounds': (1e-08, np.float64(0.5802847583793773))}",1,0.8,['noise_collapse']
7,5D Cake Recipe,PI,"1.38**2 * RBF(length_scale=[0.606, 0.718, 1.33, 1.09, 0.588]) + WhiteKernel(noise_level=0.000101)","{'k1': 1.38**2 * RBF(length_scale=[0.606, 0.718, 1.33, 1.09, 0.588]), 'k2': WhiteKernel(noise_level=0.000101), 'k1__k1': 1.38**2, 'k1__k2': RBF(length_scale=[0.606, 0.718, 1.33, 1.09, 0.588]), 'k1__k1__constant_value': np.float64(1.89090644970206), 'k1__k1__constant_value_bounds': (0.001, 10000.0), 'k1__k2__length_scale': array([0.60591325, 0.71817806, 1.33217426, 1.08900539, 0.58771342]), 'k1__k2__length_scale_bounds': (0.008469100642868297, 8.469100642868296), 'k2__noise_level': np.float64(0.00010141829388257028), 'k2__noise_level_bounds': (1e-08, np.float64(0.5802847583793773))}","[0.4332888742705211, 0.4677174862558299, 0.7838827142513659, 1.0, 0.20600425352419696]",-0.1020773813103204,0.6602103592685156,"[{'type': 'noise_collapse', 'severity': 0.8, 'details': {'noise_level': 1e-08}}]",{'acq': 'PI'}
8,GP health,0.6591940426217023,1.4682488347895841,0.009984873988780675,1017858.2045820707,1,0.8,['noise_collapse']
8,GP anomalies,Sum,"{'k1': 1.4**2 * RBF(length_scale=[0.624, 0.733, 1.36, 1.14, 0.592]), 'k2': WhiteKernel(noise_level=8.98e-05), 'k1__k1': 1.4**2, 'k1__k2': RBF(length_scale=[0.624, 0.733, 1.36, 1.14, 0.592]), 'k1__k1__constant_value': np.float64(1.9716250147573864), 'k1__k1__constant_value_bounds': (0.001, 10000.0), 'k1__k2__length_scale': array([0.62376901, 0.73300661, 1.36116857, 1.13593761, 0.59168883]), 'k1__k2__length_scale_bounds': (0.008378495166987304, 8.378495166987303), 'k2__noise_level': np.float64(8.976404264418335e-05), 'k2__noise_level_bounds': (1e-08, np.float64(0.5697138546690012))}",1,0.8,['noise_collapse']
8,5D Cake Recipe,PI,"1.4**2 * RBF(length_scale=[0.624, 0.733, 1.36, 1.14, 0.592]) + WhiteKernel(noise_level=8.98e-05)","{'k1': 1.4**2 * RBF(length_scale=[0.624, 0.733, 1.36, 1.14, 0.592]), 'k2': WhiteKernel(noise_level=8.98e-05), 'k1__k1': 1.4**2, 'k1__k2': RBF(length_scale=[0.624, 0.733, 1.36, 1.14, 0.592]), 'k1__k1__constant_value': np.float64(1.9716250147573864), 'k1__k1__constant_value_bounds': (0.001, 10000.0), 'k1__k2__length_scale': array([0.62376901, 0.73300661, 1.36116857, 1.13593761, 0.59168883]), 'k1__k2__length_scale_bounds': (0.008378495166987304, 8.378495166987303), 'k2__noise_level': np.float64(8.976404264418335e-05), 'k2__noise_level_bounds': (1e-08, np.float64(0.5697138546690012))}","[0.45166892841329376, 0.45499131982998914, 0.87513613645059, 0.9048886255685938, 0.23560741287209505]",-0.09045065515536854,0.6591940426217023,"[{'type': 'noise_collapse', 'severity': 0.8, 'details': {'noise_level': 1e-08}}]",{'acq': 'PI'}
9,GP health,0.6587059513799735,3.066435712036771,0.010909447679323423,1802882.610548526,1,0.8,['noise_collapse']
9,GP anomalies,Sum,"{'k1': 1.43**2 * RBF(length_scale=[0.635, 0.748, 1.39, 1.17, 0.596]), 'k2': WhiteKernel(noise_level=7.79e-05), 'k1__k1': 1.43**2, 'k1__k2': RBF(length_scale=[0.635, 0.748, 1.39, 1.17, 0.596]), 'k1__k1__constant_value': np.float64(2.035880084292314), 'k1__k1__constant_value_bounds': (0.001, 10000.0), 'k1__k2__length_scale': array([0.63499729, 0.74772367, 1.39112542, 1.16519325, 0.59566337]), 'k1__k2__length_scale_bounds': (0.00827643314931859, 8.276433149318589), 'k2__noise_level': np.float64(7.789784199562144e-05), 'k2__noise_level_bounds': (1e-08, np.float64(0.5581413693126976))}",1,0.8,['noise_collapse']
9,5D Cake Recipe,PI,"1.43**2 * RBF(length_scale=[0.635, 0.748, 1.39, 1.17, 0.596]) + WhiteKernel(noise_level=7.79e-05)","{'k1': 1.43**2 * RBF(length_scale=[0.635, 0.748, 1.39, 1.17, 0.596]), 'k2': WhiteKernel(noise_level=7.79e-05), 'k1__k1': 1.43**2, 'k1__k2': RBF(length_scale=[0.635, 0.748, 1.39, 1.17, 0.596]), 'k1__k1__constant_value': np.float64(2.035880084292314), 'k1__k1__constant_value_bounds': (0.001, 10000.0), 'k1__k2__length_scale': array([0.63499729, 0.74772367, 1.39112542, 1.16519325, 0.59566337]), 'k1__k2__length_scale_bounds': (0.00827643314931859, 8.276433149318589), 'k2__noise_level': np.float64(7.789784199562144e-05), 'k2__noise_level_bounds': (1e-08, np.float64(0.5581413693126976))}","[0.44485906698852223, 0.40045652696325296, 0.7999762514484162, 0.9002482160058937, 0.24756008655306458]",-0.0894860057296929,0.6587059513799735,"[{'type': 'noise_collapse', 'severity': 0.8, 'details': {'noise_level': 1e-08}}]",{'acq': 'PI'}
10,GP health,0.6582010180503595,6.464387353714862,0.010122838601414308,2310933.4324649223,1,0.8,['noise_collapse']
10,GP anomalies,Sum,"{'k1': 1.44**2 * RBF(length_scale=[0.642, 0.756, 1.41, 1.18, 0.599]), 'k2': WhiteKernel(noise_level=6.58e-05), 'k1__k1': 1.44**2, 'k1__k2': RBF(length_scale=[0.642, 0.756, 1.41, 1.18, 0.599]), 'k1__k1__constant_value': np.float64(2.0789032433361334), 'k1__k1__constant_value_bounds': (0.001, 10000.0), 'k1__k2__length_scale': array([0.64216197, 0.75625194, 1.40823122, 1.18304817, 0.59928129]), 'k1__k2__length_scale_bounds': (0.00816066088092372, 8.16066088092372), 'k2__noise_level': np.float64(6.582125321192401e-05), 'k2__noise_level_bounds': (1e-08, np.float64(0.5455542787372774))}",1,0.8,['noise_collapse']
10,5D Cake Recipe,PI,"1.44**2 * RBF(length_scale=[0.642, 0.756, 1.41, 1.18, 0.599]) + WhiteKernel(noise_level=6.58e-05)","{'k1': 1.44**2 * RBF(length_scale=[0.642, 0.756, 1.41, 1.18, 0.599]), 'k2': WhiteKernel(noise_level=6.58e-05), 'k1__k1': 1.44**2, 'k1__k2': RBF(length_scale=[0.642, 0.756, 1.41, 1.18, 0.599]), 'k1__k1__constant_value': np.float64(2.0789032433361334), 'k1__k1__constant_value_bounds': (0.001, 10000.0), 'k1__k2__length_scale': array([0.64216197, 0.75625194, 1.40823122, 1.18304817, 0.59928129]), 'k1__k2__length_scale_bounds': (0.00816066088092372, 8.16066088092372), 'k2__noise_level': np.float64(6.582125321192401e-05), 'k2__noise_level_bounds': (1e-08, np.float64(0.5455542787372774))}","[0.4566127464719781, 0.4248879866042139, 0.8548833364218951, 0.8857945663064749, 0.23898482033464727]",-0.08587062087927089,0.6582010180503595,"[{'type': 'noise_collapse', 'severity': 0.8, 'details': {'noise_level': 1e-08}}]",{'acq': 'PI'}
11,GP health,0.6581261358816747,12.689537212779051,0.007952181155937243,2157413.8837439413,1,0.8,['noise_collapse']
11,GP anomalies,Sum,"{'k1': 1.46**2 * RBF(length_scale=[0.648, 0.764, 1.42, 1.2, 0.602]), 'k2': WhiteKernel(noise_level=5.62e-05), 'k1__k1': 1.46**2, 'k1__k2': RBF(length_scale=[0.648, 0.764, 1.42, 1.2, 0.602]), 'k1__k1__constant_value': np.float64(2.1202370309371243), 'k1__k1__constant_value_bounds': (0.001, 10000.0), 'k1__k2__length_scale': array([0.64801427, 0.7636273 , 1.4224964 , 1.1975341 , 0.60246596]), 'k1__k2__length_scale_bounds': (0.00805080386176378, 8.05080386176378), 'k2__noise_level': np.float64(5.624491263955999e-05), 'k2__noise_level_bounds': (1e-08, np.float64(0.5323015361637058))}",1,0.8,['noise_collapse']
11,5D Cake Recipe,PI,"1.46**2 * RBF(length_scale=[0.648, 0.764, 1.42, 1.2, 0.602]) + WhiteKernel(noise_level=5.62e-05)","{'k1': 1.46**2 * RBF(length_scale=[0.648, 0.764, 1.42, 1.2, 0.602]), 'k2': WhiteKernel(noise_level=5.62e-05), 'k1__k1': 1.46**2, 'k1__k2': RBF(length_scale=[0.648, 0.764, 1.42, 1.2, 0.602]), 'k1__k1__constant_value': np.float64(2.1202370309371243), 'k1__k1__constant_value_bounds': (0.001, 10000.0), 'k1__k2__length_scale': array([0.64801427, 0.7636273 , 1.4224964 , 1.1975341 , 0.60246596]), 'k1__k2__length_scale_bounds': (0.00805080386176378, 8.05080386176378), 'k2__noise_level': np.float64(5.624491263955999e-05), 'k2__noise_level_bounds': (1e-08, np.float64(0.5323015361637058))}","[0.4682250839080203, 0.4283747979467316, 0.8578212459760037, 0.8849962797744639, 0.24056030379672788]",-0.08671476094927733,0.6581261358816747,"[{'type': 'noise_collapse', 'severity': 0.8, 'details': {'noise_level': 1e-08}}]",{'acq': 'PI'}
12,GP health,0.6583334371854892,16.584337067150997,0.007457855535891938,2669578.068074334,1,0.8,['noise_collapse']
12,GP anomalies,Sum,"{'k1': 1.47**2 * RBF(length_scale=[0.655, 0.771, 1.44, 1.21, 0.606]), 'k2': WhiteKernel(noise_level=4.94e-05), 'k1__k1': 1.47**2, 'k1__k2': RBF(length_scale=[0.655, 0.771, 1.44, 1.21, 0.606]), 'k1__k1__constant_value': np.float64(2.1678709186799265), 'k1__k1__constant_value_bounds': (0.001, 10000.0), 'k1__k2__length_scale': array([0.65469466, 0.771054  , 1.43735784, 1.21156211, 0.60612155]), 'k1__k2__length_scale_bounds': (0.007941572425835255, 7.941572425835255), 'k2__noise_level': np.float64(4.942273134344763e-05), 'k2__noise_level_bounds': (1e-08, np.float64(0.518496190917251))}",1,0.8,['noise_collapse']
12,5D Cake Recipe,PI,"1.47**2 * RBF(length_scale=[0.655, 0.771, 1.44, 1.21, 0.606]) + WhiteKernel(noise_level=4.94e-05)","{'k1': 1.47**2 * RBF(length_scale=[0.655, 0.771, 1.44, 1.21, 0.606]), 'k2': WhiteKernel(noise_level=4.94e-05), 'k1__k1': 1.47**2, 'k1__k2': RBF(length_scale=[0.655, 0.771, 1.44, 1.21, 0.606]), 'k1__k1__constant_value': np.float64(2.1678709186799265), 'k1__k1__constant_value_bounds': (0.001, 10000.0), 'k1__k2__length_scale': array([0.65469466, 0.771054  , 1.43735784, 1.21156211, 0.60612155]), 'k1__k2__length_scale_bounds': (0.007941572425835255, 7.941572425835255), 'k2__noise_level': np.float64(4.942273134344763e-05), 'k2__noise_level_bounds': (1e-08, np.float64(0.518496190917251))}","[0.46518499708725475, 0.3880019055752521, 0.9667753526557984, 0.7770501217723548, 0.2681826552609424]",-0.10902083359490788,0.6583334371854892,"[{'type': 'noise_collapse', 'severity': 0.8, 'details': {'noise_level': 1e-08}}]",{'acq': 'PI'}
13,GP health,0.6587197108478965,15.752678853732746,0.008638956730971583,4136869.248037357,1,0.8,['noise_collapse']
13,GP anomalies,Sum,"{'k1': 1.49**2 * RBF(length_scale=[0.661, 0.779, 1.47, 1.23, 0.611]), 'k2': WhiteKernel(noise_level=4.67e-05), 'k1__k1': 1.49**2, 'k1__k2': RBF(length_scale=[0.661, 0.779, 1.47, 1.23, 0.611]), 'k1__k1__constant_value': np.float64(2.212706978800004), 'k1__k1__constant_value_bounds': (0.001, 10000.0), 'k1__k2__length_scale': array([0.66089668, 0.77940686, 1.46637492, 1.22822478, 0.61095202]), 'k1__k2__length_scale_bounds': (0.007858273332530908, 7.858273332530907), 'k2__noise_level': np.float64(4.6713946958701705e-05), 'k2__noise_level_bounds': (1e-08, np.float64(0.5039097857889124))}",1,0.8,['noise_collapse']
13,5D Cake Recipe,PI,"1.49**2 * RBF(length_scale=[0.661, 0.779, 1.47, 1.23, 0.611]) + WhiteKernel(noise_level=4.67e-05)","{'k1': 1.49**2 * RBF(length_scale=[0.661, 0.779, 1.47, 1.23, 0.611]), 'k2': WhiteKernel(noise_level=4.67e-05), 'k1__k1': 1.49**2, 'k1__k2': RBF(length_scale=[0.661, 0.779, 1.47, 1.23, 0.611]), 'k1__k1__constant_value': np.float64(2.212706978800004), 'k1__k1__constant_value_bounds': (0.001, 10000.0), 'k1__k2__length_scale': array([0.66089668, 0.77940686, 1.46637492, 1.22822478, 0.61095202]), 'k1__k2__length_scale_bounds': (0.007858273332530908, 7.858273332530907), 'k2__noise_level': np.float64(4.6713946958701705e-05), 'k2__noise_level_bounds': (1e-08, np.float64(0.5039097857889124))}","[0.4547520848249316, 0.4114060578035686, 0.8198423976452558, 0.904334370838255, 0.21300893830106982]",-0.08727445543479606,0.6587197108478965,"[{'type': 'noise_collapse', 'severity': 0.8, 'details': {'noise_level': 1e-08}}]",{'acq': 'PI'}
14,GP health,0.6592408833905054,22.961031450600657,0.006875157596604685,3778185.039153654,1,0.8,['noise_collapse']
14,GP anomalies,Sum,"{'k1': 1.5**2 * RBF(length_scale=[0.667, 0.787, 1.48, 1.24, 0.614]), 'k2': WhiteKernel(noise_level=4.2e-05), 'k1__k1': 1.5**2, 'k1__k2': RBF(length_scale=[0.667, 0.787, 1.48, 1.24, 0.614]), 'k1__k1__constant_value': np.float64(2.2643342379587983), 'k1__k1__constant_value_bounds': (0.001, 10000.0), 'k1__k2__length_scale': array([0.66676333, 0.78651252, 1.47892581, 1.24242036, 0.61436271]), 'k1__k2__length_scale_bounds': (0.007751139032729588, 7.751139032729588), 'k2__noise_level': np.float64(4.201550181178031e-05), 'k2__noise_level_bounds': (1e-08, np.float64(0.48959343438159253))}",1,0.8,['noise_collapse']
14,5D Cake Recipe,PI,"1.5**2 * RBF(length_scale=[0.667, 0.787, 1.48, 1.24, 0.614]) + WhiteKernel(noise_level=4.2e-05)","{'k1': 1.5**2 * RBF(length_scale=[0.667, 0.787, 1.48, 1.24, 0.614]), 'k2': WhiteKernel(noise_level=4.2e-05), 'k1__k1': 1.5**2, 'k1__k2': RBF(length_scale=[0.667, 0.787, 1.48, 1.24, 0.614]), 'k1__k1__constant_value': np.float64(2.2643342379587983), 'k1__k1__constant_value_bounds': (0.001, 10000.0), 'k1__k2__length_scale': array([0.66676333, 0.78651252, 1.47892581, 1.24242036, 0.61436271]), 'k1__k2__length_scale_bounds': (0.007751139032729588, 7.751139032729588), 'k2__noise_level': np.float64(4.201550181178031e-05), 'k2__noise_level_bounds': (1e-08, np.float64(0.48959343438159253))}","[0.46017030346257776, 0.4372542483760056, 0.7903696138255443, 0.8668188117587959, 0.23356719508209026]",-0.08742126849292298,0.6592408833905054,"[{'type': 'noise_collapse', 'severity': 0.8, 'details': {'noise_level': 1e-08}}]",{'acq': 'PI'}
15,GP health,0.6599178169476916,22.74479875679439,0.007870863556225134,5842598.422469795,1,0.8,['noise_collapse']
15,GP anomalies,Sum,"{'k1': 1.52**2 * RBF(length_scale=[0.671, 0.792, 1.49, 1.25, 0.617]), 'k2': WhiteKernel(noise_level=3.79e-05), 'k1__k1': 1.52**2, 'k1__k2': RBF(length_scale=[0.671, 0.792, 1.49, 1.25, 0.617]), 'k1__k1__constant_value': np.float64(2.311190441556652), 'k1__k1__constant_value_bounds': (0.001, 10000.0), 'k1__k2__length_scale': array([0.67102444, 0.79195546, 1.49080973, 1.25325124, 0.61713431]), 'k1__k2__length_scale_bounds': (0.007638076170312641, 7.638076170312641), 'k2__noise_level': np.float64(3.787196634240507e-05), 'k2__noise_level_bounds': (1e-08, np.float64(0.4751978549377163))}",1,0.8,['noise_collapse']
15,5D Cake Recipe,PI,"1.52**2 * RBF(length_scale=[0.671, 0.792, 1.49, 1.25, 0.617]) + WhiteKernel(noise_level=3.79e-05)","{'k1': 1.52**2 * RBF(length_scale=[0.671, 0.792, 1.49, 1.25, 0.617]), 'k2': WhiteKernel(noise_level=3.79e-05), 'k1__k1': 1.52**2, 'k1__k2': RBF(length_scale=[0.671, 0.792, 1.49, 1.25, 0.617]), 'k1__k1__constant_value': np.float64(2.311190441556652), 'k1__k1__constant_value_bounds': (0.001, 10000.0), 'k1__k2__length_scale': array([0.67102444, 0.79195546, 1.49080973, 1.25325124, 0.61713431]), 'k1__k2__length_scale_bounds': (0.007638076170312641, 7.638076170312641), 'k2__noise_level': np.float64(3.787196634240507e-05), 'k2__noise_level_bounds': (1e-08, np.float64(0.4751978549377163))}","[0.4638944066735447, 0.4312029585632048, 0.7883361957022307, 0.9264510648102118, 0.23390782795429355]",-0.08762670575006215,0.6599178169476916,"[{'type': 'noise_collapse', 'severity': 0.8, 'details': {'noise_level': 1e-08}}]",{'acq': 'PI'}
16,GP health,0.6607760933126182,26.326195749708724,0.007517309964517753,6875590.629651702,1,0.8,['noise_collapse']
16,GP anomalies,Sum,"{'k1': 1.54**2 * RBF(length_scale=[0.676, 0.797, 1.5, 1.27, 0.62]), 'k2': WhiteKernel(noise_level=3.46e-05), 'k1__k1': 1.54**2, 'k1__k2': RBF(length_scale=[0.676, 0.797, 1.5, 1.27, 0.62]), 'k1__k1__constant_value': np.float64(2.361756038024902), 'k1__k1__constant_value_bounds': (0.001, 10000.0), 'k1__k2__length_scale': array([0.6759179 , 0.79675776, 1.50264404, 1.26673442, 0.61951649]), 'k1__k2__length_scale_bounds': (0.0075348797826961765, 7.534879782696176), 'k2__noise_level': np.float64(3.461586165782468e-05), 'k2__noise_level_bounds': (1e-08, np.float64(0.4608186463045803))}",1,0.8,['noise_collapse']
16,5D Cake Recipe,PI,"1.54**2 * RBF(length_scale=[0.676, 0.797, 1.5, 1.27, 0.62]) + WhiteKernel(noise_level=3.46e-05)","{'k1': 1.54**2 * RBF(length_scale=[0.676, 0.797, 1.5, 1.27, 0.62]), 'k2': WhiteKernel(noise_level=3.46e-05), 'k1__k1': 1.54**2, 'k1__k2': RBF(length_scale=[0.676, 0.797, 1.5, 1.27, 0.62]), 'k1__k1__constant_value': np.float64(2.361756038024902), 'k1__k1__constant_value_bounds': (0.001, 10000.0), 'k1__k2__length_scale': array([0.6759179 , 0.79675776, 1.50264404, 1.26673442, 0.61951649]), 'k1__k2__length_scale_bounds': (0.0075348797826961765, 7.534879782696176), 'k2__noise_level': np.float64(3.461586165782468e-05), 'k2__noise_level_bounds': (1e-08, np.float64(0.4608186463045803))}","[0.4879836697700451, 0.4000580685484821, 0.8107581474025534, 0.8311090398260766, 0.21371101444270812]",-0.09178411089402672,0.6607760933126182,"[{'type': 'noise_collapse', 'severity': 0.8, 'details': {'noise_level': 1e-08}}]",{'acq': 'PI'}
17,GP health,0.6616219704396079,34.513348467674064,0.005986575279853189,6234939.181428721,1,0.8,['noise_collapse']
17,GP anomalies,Sum,"{'k1': 1.56**2 * RBF(length_scale=[0.682, 0.804, 1.51, 1.28, 0.623]), 'k2': WhiteKernel(noise_level=3.21e-05), 'k1__k1': 1.56**2, 'k1__k2': RBF(length_scale=[0.682, 0.804, 1.51, 1.28, 0.623]), 'k1__k1__constant_value': np.float64(2.4191185349965063), 'k1__k1__constant_value_bounds': (0.001, 10000.0), 'k1__k2__length_scale': array([0.68152546, 0.80392171, 1.51499758, 1.27666865, 0.62337013]), 'k1__k2__length_scale_bounds': (0.007428243791296109, 7.428243791296109), 'k2__noise_level': np.float64(3.214187954942744e-05), 'k2__noise_level_bounds': (1e-08, np.float64(0.44647722789223765))}",1,0.8,['noise_collapse']
17,5D Cake Recipe,PI,"1.56**2 * RBF(length_scale=[0.682, 0.804, 1.51, 1.28, 0.623]) + WhiteKernel(noise_level=3.21e-05)","{'k1': 1.56**2 * RBF(length_scale=[0.682, 0.804, 1.51, 1.28, 0.623]), 'k2': WhiteKernel(noise_level=3.21e-05), 'k1__k1': 1.56**2, 'k1__k2': RBF(length_scale=[0.682, 0.804, 1.51, 1.28, 0.623]), 'k1__k1__constant_value': np.float64(2.4191185349965063), 'k1__k1__constant_value_bounds': (0.001, 10000.0), 'k1__k2__length_scale': array([0.68152546, 0.80392171, 1.51499758, 1.27666865, 0.62337013]), 'k1__k2__length_scale_bounds': (0.007428243791296109, 7.428243791296109), 'k2__noise_level': np.float64(3.214187954942744e-05), 'k2__noise_level_bounds': (1e-08, np.float64(0.44647722789223765))}","[0.4658960034099513, 0.4178153460337552, 0.7989478154586193, 0.8842070318099046, 0.21825050845585892]",-0.08590009436828139,0.6616219704396079,"[{'type': 'noise_collapse', 'severity': 0.8, 'details': {'noise_level': 1e-08}}]",{'acq': 'PI'}
18,GP health,0.6627249274535456,33.144312329736074,0.006998274348498876,9297560.121747531,1,0.8,['noise_collapse']
18,GP anomalies,Sum,"{'k1': 1.57**2 * RBF(length_scale=[0.685, 0.808, 1.52, 1.28, 0.626]), 'k2': WhiteKernel(noise_level=2.96e-05), 'k1__k1': 1.57**2, 'k1__k2': RBF(length_scale=[0.685, 0.808, 1.52, 1.28, 0.626]), 'k1__k1__constant_value': np.float64(2.464427509689035), 'k1__k1__constant_value_bounds': (0.001, 10000.0), 'k1__k2__length_scale': array([0.68451711, 0.8079249 , 1.52326845, 1.28412155, 0.62557528]), 'k1__k2__length_scale_bounds': (0.00732432534018828, 7.32432534018828), 'k2__noise_level': np.float64(2.956302713960985e-05), 'k2__noise_level_bounds': (1e-08, np.float64(0.43237939809449843))}",1,0.8,['noise_collapse']
18,5D Cake Recipe,PI,"1.57**2 * RBF(length_scale=[0.685, 0.808, 1.52, 1.28, 0.626]) + WhiteKernel(noise_level=2.96e-05)","{'k1': 1.57**2 * RBF(length_scale=[0.685, 0.808, 1.52, 1.28, 0.626]), 'k2': WhiteKernel(noise_level=2.96e-05), 'k1__k1': 1.57**2, 'k1__k2': RBF(length_scale=[0.685, 0.808, 1.52, 1.28, 0.626]), 'k1__k1__constant_value': np.float64(2.464427509689035), 'k1__k1__constant_value_bounds': (0.001, 10000.0), 'k1__k2__length_scale': array([0.68451711, 0.8079249 , 1.52326845, 1.28412155, 0.62557528]), 'k1__k2__length_scale_bounds': (0.00732432534018828, 7.32432534018828), 'k2__noise_level': np.float64(2.956302713960985e-05), 'k2__noise_level_bounds': (1e-08, np.float64(0.43237939809449843))}","[0.43843217134507495, 0.3223023824629949, 0.9223522528272434, 0.6746444469581887, 0.21294078118048368]",-0.12827191332689192,0.6627249274535456,"[{'type': 'noise_collapse', 'severity': 0.8, 'details': {'noise_level': 1e-08}}]",{'acq': 'PI'}
19,GP health,0.6633243449198356,40.97653056229439,0.005642343781859134,8540557.300177373,1,0.8,['noise_collapse']
19,GP anomalies,Sum,"{'k1': 1.59**2 * RBF(length_scale=[0.691, 0.817, 1.54, 1.3, 0.629]), 'k2': WhiteKernel(noise_level=2.88e-05), 'k1__k1': 1.59**2, 'k1__k2': RBF(length_scale=[0.691, 0.817, 1.54, 1.3, 0.629]), 'k1__k1__constant_value': np.float64(2.524701951515753), 'k1__k1__constant_value_bounds': (0.001, 10000.0), 'k1__k2__length_scale': array([0.69114727, 0.81742731, 1.53725936, 1.30476495, 0.6286891 ]), 'k1__k2__length_scale_bounds': (0.007257801813395593, 7.257801813395593), 'k2__noise_level': np.float64(2.87663544795261e-05), 'k2__noise_level_bounds': (1e-08, np.float64(0.41798229699066575))}",1,0.8,['noise_collapse']
19,5D Cake Recipe,PI,"1.59**2 * RBF(length_scale=[0.691, 0.817, 1.54, 1.3, 0.629]) + WhiteKernel(noise_level=2.88e-05)","{'k1': 1.59**2 * RBF(length_scale=[0.691, 0.817, 1.54, 1.3, 0.629]), 'k2': WhiteKernel(noise_level=2.88e-05), 'k1__k1': 1.59**2, 'k1__k2': RBF(length_scale=[0.691, 0.817, 1.54, 1.3, 0.629]), 'k1__k1__constant_value': np.float64(2.524701951515753), 'k1__k1__constant_value_bounds': (0.001, 10000.0), 'k1__k2__length_scale': array([0.69114727, 0.81742731, 1.53725936, 1.30476495, 0.6286891 ]), 'k1__k2__length_scale_bounds': (0.007257801813395593, 7.257801813395593), 'k2__noise_level': np.float64(2.87663544795261e-05), 'k2__noise_level_bounds': (1e-08, np.float64(0.41798229699066575))}","[0.4510883270880987, 0.40646134480658763, 0.802179257907893, 0.8823975261858956, 0.2097083107826977]",-0.08676217493537386,0.6633243449198356,"[{'type': 'noise_collapse', 'severity': 0.8, 'details': {'noise_level': 1e-08}}]",{'acq': 'PI'}
20,GP health,0.6645502043363609,38.436004202872084,0.006656380525824402,11925451.090728976,1,0.8,['noise_collapse']
20,GP anomalies,Sum,"{'k1': 1.6**2 * RBF(length_scale=[0.694, 0.821, 1.54, 1.31, 0.631]), 'k2': WhiteKernel(noise_level=2.68e-05), 'k1__k1': 1.6**2, 'k1__k2': RBF(length_scale=[0.694, 0.821, 1.54, 1.31, 0.631]), 'k1__k1__constant_value': np.float64(2.5716055212890314), 'k1__k1__constant_value_bounds': (0.001, 10000.0), 'k1__k2__length_scale': array([0.69386605, 0.82111891, 1.54493856, 1.31216343, 0.63065316]), 'k1__k2__length_scale_bounds': (0.007159950928105226, 7.159950928105227), 'k2__noise_level': np.float64(2.675469785146438e-05), 'k2__noise_level_bounds': (1e-08, np.float64(0.4043546239569145))}",1,0.8,['noise_collapse']
20,5D Cake Recipe,PI,"1.6**2 * RBF(length_scale=[0.694, 0.821, 1.54, 1.31, 0.631]) + WhiteKernel(noise_level=2.68e-05)","{'k1': 1.6**2 * RBF(length_scale=[0.694, 0.821, 1.54, 1.31, 0.631]), 'k2': WhiteKernel(noise_level=2.68e-05), 'k1__k1': 1.6**2, 'k1__k2': RBF(length_scale=[0.694, 0.821, 1.54, 1.31, 0.631]), 'k1__k1__constant_value': np.float64(2.5716055212890314), 'k1__k1__constant_value_bounds': (0.001, 10000.0), 'k1__k2__length_scale': array([0.69386605, 0.82111891, 1.54493856, 1.31216343, 0.63065316]), 'k1__k2__length_scale_bounds': (0.007159950928105226, 7.159950928105227), 'k2__noise_level': np.float64(2.675469785146438e-05), 'k2__noise_level_bounds': (1e-08, np.float64(0.4043546239569145))}","[0.46314808335161256, 0.42220491092624907, 0.8180039744266664, 0.873789931350968, 0.23534267175197646]",-0.08532312108470452,0.6645502043363609,"[{'type': 'noise_collapse', 'severity': 0.8, 'details': {'noise_level': 1e-08}}]",{'acq': 'PI'}
21,GP health,0.6658930130515787,42.392910771036675,0.006356723548630732,13353421.75418537,1,0.8,['noise_collapse']
21,GP anomalies,Sum,"{'k1': 1.62**2 * RBF(length_scale=[0.696, 0.824, 1.55, 1.32, 0.632]), 'k2': WhiteKernel(noise_level=2.5e-05), 'k1__k1': 1.62**2, 'k1__k2': RBF(length_scale=[0.696, 0.824, 1.55, 1.32, 0.632]), 'k1__k1__constant_value': np.float64(2.6169687134754183), 'k1__k1__constant_value_bounds': (0.001, 10000.0), 'k1__k2__length_scale': array([0.69604875, 0.82445277, 1.55177145, 1.31759767, 0.63238707]), 'k1__k2__length_scale_bounds': (0.007062816276140062, 7.062816276140062), 'k2__noise_level': np.float64(2.4950798357144232e-05), 'k2__noise_level_bounds': (1e-08, np.float64(0.3910105832096879))}",1,0.8,['noise_collapse']
21,5D Cake Recipe,PI,"1.62**2 * RBF(length_scale=[0.696, 0.824, 1.55, 1.32, 0.632]) + WhiteKernel(noise_level=2.5e-05)","{'k1': 1.62**2 * RBF(length_scale=[0.696, 0.824, 1.55, 1.32, 0.632]), 'k2': WhiteKernel(noise_level=2.5e-05), 'k1__k1': 1.62**2, 'k1__k2': RBF(length_scale=[0.696, 0.824, 1.55, 1.32, 0.632]), 'k1__k1__constant_value': np.float64(2.6169687134754183), 'k1__k1__constant_value_bounds': (0.001, 10000.0), 'k1__k2__length_scale': array([0.69604875, 0.82445277, 1.55177145, 1.31759767, 0.63238707]), 'k1__k2__length_scale_bounds': (0.007062816276140062, 7.062816276140062), 'k2__noise_level': np.float64(2.4950798357144232e-05), 'k2__noise_level_bounds': (1e-08, np.float64(0.3910105832096879))}","[0.4626424896401734, 0.4216051700930045, 0.7760536729218311, 0.905510865187502, 0.21758790617860113]",-0.08711480656732074,0.6658930130515787,"[{'type': 'noise_collapse', 'severity': 0.8, 'details': {'noise_level': 1e-08}}]",{'acq': 'PI'}
22,GP health,0.6672833588016066,53.44965234498581,0.005003303170256958,12398275.693137566,1,0.8,['noise_collapse']
22,GP anomalies,Sum,"{'k1': 1.63**2 * RBF(length_scale=[0.698, 0.828, 1.56, 1.32, 0.634]), 'k2': WhiteKernel(noise_level=2.34e-05), 'k1__k1': 1.63**2, 'k1__k2': RBF(length_scale=[0.698, 0.828, 1.56, 1.32, 0.634]), 'k1__k1__constant_value': np.float64(2.665603489860002), 'k1__k1__constant_value_bounds': (0.001, 10000.0), 'k1__k2__length_scale': array([0.69842986, 0.82774728, 1.55929631, 1.32414688, 0.63413466]), 'k1__k2__length_scale_bounds': (0.0069701592579429405, 6.970159257942941), 'k2__noise_level': np.float64(2.3434056840864714e-05), 'k2__noise_level_bounds': (1e-08, np.float64(0.3779386716105171))}",1,0.8,['noise_collapse']
22,5D Cake Recipe,PI,"1.63**2 * RBF(length_scale=[0.698, 0.828, 1.56, 1.32, 0.634]) + WhiteKernel(noise_level=2.34e-05)","{'k1': 1.63**2 * RBF(length_scale=[0.698, 0.828, 1.56, 1.32, 0.634]), 'k2': WhiteKernel(noise_level=2.34e-05), 'k1__k1': 1.63**2, 'k1__k2': RBF(length_scale=[0.698, 0.828, 1.56, 1.32, 0.634]), 'k1__k1__constant_value': np.float64(2.665603489860002), 'k1__k1__constant_value_bounds': (0.001, 10000.0), 'k1__k2__length_scale': array([0.69842986, 0.82774728, 1.55929631, 1.32414688, 0.63413466]), 'k1__k2__length_scale_bounds': (0.0069701592579429405, 6.970159257942941), 'k2__noise_level': np.float64(2.3434056840864714e-05), 'k2__noise_level_bounds': (1e-08, np.float64(0.3779386716105171))}","[0.4497441708076141, 0.4047043608478927, 0.7868231979296795, 0.8508562133294746, 0.20732492812975178]",-0.08761271310141105,0.6672833588016066,"[{'type': 'noise_collapse', 'severity': 0.8, 'details': {'noise_level': 1e-08}}]",{'acq': 'PI'}
23,GP health,0.6687188295633781,50.01490031942844,0.005926912689275738,14732108.488335164,1,0.8,['noise_collapse']
23,GP anomalies,Sum,"{'k1': 1.65**2 * RBF(length_scale=[0.701, 0.831, 1.57, 1.33, 0.636]), 'k2': WhiteKernel(noise_level=2.21e-05), 'k1__k1': 1.65**2, 'k1__k2': RBF(length_scale=[0.701, 0.831, 1.57, 1.33, 0.636]), 'k1__k1__constant_value': np.float64(2.713287370687656), 'k1__k1__constant_value_bounds': (0.001, 10000.0), 'k1__k2__length_scale': array([0.70051187, 0.83094887, 1.56623819, 1.32977491, 0.63575799]), 'k1__k2__length_scale_bounds': (0.006876779324486995, 6.876779324486995), 'k2__noise_level': np.float64(2.2101204518736623e-05), 'k2__noise_level_bounds': (1e-08, np.float64(0.3651718191569624))}",1,0.8,['noise_collapse']
23,5D Cake Recipe,PI,"1.65**2 * RBF(length_scale=[0.701, 0.831, 1.57, 1.33, 0.636]) + WhiteKernel(noise_level=2.21e-05)","{'k1': 1.65**2 * RBF(length_scale=[0.701, 0.831, 1.57, 1.33, 0.636]), 'k2': WhiteKernel(noise_level=2.21e-05), 'k1__k1': 1.65**2, 'k1__k2': RBF(length_scale=[0.701, 0.831, 1.57, 1.33, 0.636]), 'k1__k1__constant_value': np.float64(2.713287370687656), 'k1__k1__constant_value_bounds': (0.001, 10000.0), 'k1__k2__length_scale': array([0.70051187, 0.83094887, 1.56623819, 1.32977491, 0.63575799]), 'k1__k2__length_scale_bounds': (0.006876779324486995, 6.876779324486995), 'k2__noise_level': np.float64(2.2101204518736623e-05), 'k2__noise_level_bounds': (1e-08, np.float64(0.3651718191569624))}","[0.4595991354309234, 0.4564926410004021, 0.8335476089191398, 0.9005975116037533, 0.23812388038290294]",-0.08841991425941798,0.6687188295633781,"[{'type': 'noise_collapse', 'severity': 0.8, 'details': {'noise_level': 1e-08}}]",{'acq': 'PI'}
24,GP health,0.6701636908203064,61.73282217722781,0.00467587199764363,15482657.465840785,1,0.8,['noise_collapse']
24,GP anomalies,Sum,"{'k1': 1.66**2 * RBF(length_scale=[0.703, 0.834, 1.57, 1.34, 0.637]), 'k2': WhiteKernel(noise_level=2.09e-05), 'k1__k1': 1.66**2, 'k1__k2': RBF(length_scale=[0.703, 0.834, 1.57, 1.34, 0.637]), 'k1__k1__constant_value': np.float64(2.76245285304921), 'k1__k1__constant_value_bounds': (0.001, 10000.0), 'k1__k2__length_scale': array([0.702551  , 0.8343321 , 1.57255444, 1.33553866, 0.63733941]), 'k1__k2__length_scale_bounds': (0.006791717231577387, 6.791717231577387), 'k2__noise_level': np.float64(2.0932175394470847e-05), 'k2__noise_level_bounds': (1e-08, np.float64(0.35272080918228516))}",1,0.8,['noise_collapse']
24,5D Cake Recipe,PI,"1.66**2 * RBF(length_scale=[0.703, 0.834, 1.57, 1.34, 0.637]) + WhiteKernel(noise_level=2.09e-05)","{'k1': 1.66**2 * RBF(length_scale=[0.703, 0.834, 1.57, 1.34, 0.637]), 'k2': WhiteKernel(noise_level=2.09e-05), 'k1__k1': 1.66**2, 'k1__k2': RBF(length_scale=[0.703, 0.834, 1.57, 1.34, 0.637]), 'k1__k1__constant_value': np.float64(2.76245285304921), 'k1__k1__constant_value_bounds': (0.001, 10000.0), 'k1__k2__length_scale': array([0.702551  , 0.8343321 , 1.57255444, 1.33553866, 0.63733941]), 'k1__k2__length_scale_bounds': (0.006791717231577387, 6.791717231577387), 'k2__noise_level': np.float64(2.0932175394470847e-05), 'k2__noise_level_bounds': (1e-08, np.float64(0.35272080918228516))}","[0.461139764488342, 0.4009499918961001, 0.8268716891430941, 0.8766636689880961, 0.20514182116117807]",-0.08812943270839313,0.6701636908203064,"[{'type': 'noise_collapse', 'severity': 0.8, 'details': {'noise_level': 1e-08}}]",{'acq': 'PI'}
25,GP health,0.6716577350725761,57.5536566314765,0.005594086270893158,16059786.21749955,1,0.8,['noise_collapse']
25,GP anomalies,Sum,"{'k1': 1.68**2 * RBF(length_scale=[0.704, 0.837, 1.58, 1.34, 0.639]), 'k2': WhiteKernel(noise_level=1.99e-05), 'k1__k1': 1.68**2, 'k1__k2': RBF(length_scale=[0.704, 0.837, 1.58, 1.34, 0.639]), 'k1__k1__constant_value': np.float64(2.8109198984303068), 'k1__k1__constant_value_bounds': (0.001, 10000.0), 'k1__k2__length_scale': array([0.70444174, 0.83734843, 1.57882137, 1.34088362, 0.63879453]), 'k1__k2__length_scale_bounds': (0.006705808907134456, 6.705808907134456), 'k2__noise_level': np.float64(1.989400219550734e-05), 'k2__noise_level_bounds': (1e-08, np.float64(0.3406040339401078))}",1,0.8,['noise_collapse']
25,5D Cake Recipe,PI,"1.68**2 * RBF(length_scale=[0.704, 0.837, 1.58, 1.34, 0.639]) + WhiteKernel(noise_level=1.99e-05)","{'k1': 1.68**2 * RBF(length_scale=[0.704, 0.837, 1.58, 1.34, 0.639]), 'k2': WhiteKernel(noise_level=1.99e-05), 'k1__k1': 1.68**2, 'k1__k2': RBF(length_scale=[0.704, 0.837, 1.58, 1.34, 0.639]), 'k1__k1__constant_value': np.float64(2.8109198984303068), 'k1__k1__constant_value_bounds': (0.001, 10000.0), 'k1__k2__length_scale': array([0.70444174, 0.83734843, 1.57882137, 1.34088362, 0.63879453]), 'k1__k2__length_scale_bounds': (0.006705808907134456, 6.705808907134456), 'k2__noise_level': np.float64(1.989400219550734e-05), 'k2__noise_level_bounds': (1e-08, np.float64(0.3406040339401078))}","[0.45343025616592236, 0.41157386038607646, 0.7884395579528488, 0.8622723150267475, 0.217416679977051]",-0.08587853412627244,0.6716577350725761,"[{'type': 'noise_collapse', 'severity': 0.8, 'details': {'noise_level': 1e-08}}]",{'acq': 'PI'}
26,GP health,0.6732293061898138,70.19689694930963,0.0043892759783313124,18899403.73670162,1,0.8,['noise_collapse']
26,GP anomalies,Sum,"{'k1': 1.69**2 * RBF(length_scale=[0.706, 0.84, 1.58, 1.35, 0.64]), 'k2': WhiteKernel(noise_level=1.89e-05), 'k1__k1': 1.69**2, 'k1__k2': RBF(length_scale=[0.706, 0.84, 1.58, 1.35, 0.64]), 'k1__k1__constant_value': np.float64(2.858056129537517), 'k1__k1__constant_value_bounds': (0.001, 10000.0), 'k1__k2__length_scale': array([0.70601666, 0.83992942, 1.58423882, 1.34520552, 0.6401463 ]), 'k1__k2__length_scale_bounds': (0.006617965132324853, 6.617965132324853), 'k2__noise_level': np.float64(1.8937411277319118e-05), 'k2__noise_level_bounds': (1e-08, np.float64(0.3288404350819781))}",1,0.8,['noise_collapse']
26,5D Cake Recipe,PI,"1.69**2 * RBF(length_scale=[0.706, 0.84, 1.58, 1.35, 0.64]) + WhiteKernel(noise_level=1.89e-05)","{'k1': 1.69**2 * RBF(length_scale=[0.706, 0.84, 1.58, 1.35, 0.64]), 'k2': WhiteKernel(noise_level=1.89e-05), 'k1__k1': 1.69**2, 'k1__k2': RBF(length_scale=[0.706, 0.84, 1.58, 1.35, 0.64]), 'k1__k1__constant_value': np.float64(2.858056129537517), 'k1__k1__constant_value_bounds': (0.001, 10000.0), 'k1__k2__length_scale': array([0.70601666, 0.83992942, 1.58423882, 1.34520552, 0.6401463 ]), 'k1__k2__length_scale_bounds': (0.006617965132324853, 6.617965132324853), 'k2__noise_level': np.float64(1.8937411277319118e-05), 'k2__noise_level_bounds': (1e-08, np.float64(0.3288404350819781))}","[0.4550117079815659, 0.3992366179961276, 0.7913519488042084, 0.8695983477203604, 0.2331912334857928]",-0.0869952269987172,0.6732293061898138,"[{'type': 'noise_collapse', 'severity': 0.8, 'details': {'noise_level': 1e-08}}]",{'acq': 'PI'}
27,GP health,0.6748015867504062,65.45596077111591,0.005270179839212308,17521887.447315656,1,0.8,['noise_collapse']
27,GP anomalies,Sum,"{'k1': 1.7**2 * RBF(length_scale=[0.708, 0.843, 1.59, 1.35, 0.642]), 'k2': WhiteKernel(noise_level=1.81e-05), 'k1__k1': 1.7**2, 'k1__k2': RBF(length_scale=[0.708, 0.843, 1.59, 1.35, 0.642]), 'k1__k1__constant_value': np.float64(2.905996092338147), 'k1__k1__constant_value_bounds': (0.001, 10000.0), 'k1__k2__length_scale': array([0.70753742, 0.84261379, 1.59003004, 1.34914129, 0.64151585]), 'k1__k2__length_scale_bounds': (0.006532646669888512, 6.532646669888512), 'k2__noise_level': np.float64(1.8091894426178125e-05), 'k2__noise_level_bounds': (1e-08, np.float64(0.3174062374150569))}",1,0.8,['noise_collapse']
27,5D Cake Recipe,PI,"1.7**2 * RBF(length_scale=[0.708, 0.843, 1.59, 1.35, 0.642]) + WhiteKernel(noise_level=1.81e-05)","{'k1': 1.7**2 * RBF(length_scale=[0.708, 0.843, 1.59, 1.35, 0.642]), 'k2': WhiteKernel(noise_level=1.81e-05), 'k1__k1': 1.7**2, 'k1__k2': RBF(length_scale=[0.708, 0.843, 1.59, 1.35, 0.642]), 'k1__k1__constant_value': np.float64(2.905996092338147), 'k1__k1__constant_value_bounds': (0.001, 10000.0), 'k1__k2__length_scale': array([0.70753742, 0.84261379, 1.59003004, 1.34914129, 0.64151585]), 'k1__k2__length_scale_bounds': (0.006532646669888512, 6.532646669888512), 'k2__noise_level': np.float64(1.8091894426178125e-05), 'k2__noise_level_bounds': (1e-08, np.float64(0.3174062374150569))}","[0.44524297719342804, 0.4307538770710124, 0.7766920082141398, 0.9160491627873341, 0.23723974793038718]",-0.08719868299629896,0.6748015867504062,"[{'type': 'noise_collapse', 'severity': 0.8, 'details': {'noise_level': 1e-08}}]",{'acq': 'PI'}
28,GP health,0.6763654173151409,69.14623586710269,0.005170428297881148,17979291.67743959,1,0.8,['noise_collapse']
28,GP anomalies,Sum,"{'k1': 1.72**2 * RBF(length_scale=[0.709, 0.845, 1.6, 1.36, 0.643]), 'k2': WhiteKernel(noise_level=1.74e-05), 'k1__k1': 1.72**2, 'k1__k2': RBF(length_scale=[0.709, 0.845, 1.6, 1.36, 0.643]), 'k1__k1__constant_value': np.float64(2.9586799174868434), 'k1__k1__constant_value_bounds': (0.001, 10000.0), 'k1__k2__length_scale': array([0.70946388, 0.84534957, 1.59715683, 1.35552658, 0.64295213]), 'k1__k2__length_scale_bounds': (0.00645396099530139, 6.45396099530139), 'k2__noise_level': np.float64(1.736802422189302e-05), 'k2__noise_level_bounds': (1e-08, np.float64(0.30630929457115286))}",1,0.8,['noise_collapse']
28,5D Cake Recipe,PI,"1.72**2 * RBF(length_scale=[0.709, 0.845, 1.6, 1.36, 0.643]) + WhiteKernel(noise_level=1.74e-05)","{'k1': 1.72**2 * RBF(length_scale=[0.709, 0.845, 1.6, 1.36, 0.643]), 'k2': WhiteKernel(noise_level=1.74e-05), 'k1__k1': 1.72**2, 'k1__k2': RBF(length_scale=[0.709, 0.845, 1.6, 1.36, 0.643]), 'k1__k1__constant_value': np.float64(2.9586799174868434), 'k1__k1__constant_value_bounds': (0.001, 10000.0), 'k1__k2__length_scale': array([0.70946388, 0.84534957, 1.59715683, 1.35552658, 0.64295213]), 'k1__k2__length_scale_bounds': (0.00645396099530139, 6.45396099530139), 'k2__noise_level': np.float64(1.736802422189302e-05), 'k2__noise_level_bounds': (1e-08, np.float64(0.30630929457115286))}","[0.49702146818972337, 0.43539654976747294, 0.9458163783913096, 0.8527875543065284, 0.22197207209965758]",-0.10063701473177578,0.6763654173151409,"[{'type': 'noise_collapse', 'severity': 0.8, 'details': {'noise_level': 1e-08}}]",{'acq': 'PI'}
29,GP health,0.6777066748644197,82.11845184048458,0.004103561391590958,25662879.1027896,1,0.8,['noise_collapse']
29,GP anomalies,Sum,"{'k1': 1.74**2 * RBF(length_scale=[0.715, 0.853, 1.61, 1.36, 0.646]), 'k2': WhiteKernel(noise_level=1.7e-05), 'k1__k1': 1.74**2, 'k1__k2': RBF(length_scale=[0.715, 0.853, 1.61, 1.36, 0.646]), 'k1__k1__constant_value': np.float64(3.0221465127346634), 'k1__k1__constant_value_bounds': (0.001, 10000.0), 'k1__k2__length_scale': array([0.71451168, 0.85324877, 1.61431021, 1.3582469 , 0.64572618]), 'k1__k2__length_scale_bounds': (0.006396411337248981, 6.39641133724898), 'k2__noise_level': np.float64(1.7000435556451478e-05), 'k2__noise_level_bounds': (1e-08, np.float64(0.2954704358656562))}",1,0.8,['noise_collapse']
29,5D Cake Recipe,PI,"1.74**2 * RBF(length_scale=[0.715, 0.853, 1.61, 1.36, 0.646]) + WhiteKernel(noise_level=1.7e-05)","{'k1': 1.74**2 * RBF(length_scale=[0.715, 0.853, 1.61, 1.36, 0.646]), 'k2': WhiteKernel(noise_level=1.7e-05), 'k1__k1': 1.74**2, 'k1__k2': RBF(length_scale=[0.715, 0.853, 1.61, 1.36, 0.646]), 'k1__k1__constant_value': np.float64(3.0221465127346634), 'k1__k1__constant_value_bounds': (0.001, 10000.0), 'k1__k2__length_scale': array([0.71451168, 0.85324877, 1.61431021, 1.3582469 , 0.64572618]), 'k1__k2__length_scale_bounds': (0.006396411337248981, 6.39641133724898), 'k2__noise_level': np.float64(1.7000435556451478e-05), 'k2__noise_level_bounds': (1e-08, np.float64(0.2954704358656562))}","[0.47018277002275477, 0.40079715358633305, 0.8490520058321269, 0.8471685563827129, 0.2249054484485025]",-0.08645290051803478,0.6777066748644197,"[{'type': 'noise_collapse', 'severity': 0.8, 'details': {'noise_level': 1e-08}}]",{'acq': 'PI'}
30,GP health,0.6793141502687409,75.63291362259992,0.005040009913397331,17709237.431985307,1,0.8,['noise_collapse']
30,GP anomalies,Sum,"{'k1': 1.75**2 * RBF(length_scale=[0.716, 0.856, 1.62, 1.36, 0.647]), 'k2': WhiteKernel(noise_level=1.64e-05), 'k1__k1': 1.75**2, 'k1__k2': RBF(length_scale=[0.716, 0.856, 1.62, 1.36, 0.647]), 'k1__k1__constant_value': np.float64(3.0712280957001297), 'k1__k1__constant_value_bounds': (0.001, 10000.0), 'k1__k2__length_scale': array([0.71593723, 0.85554782, 1.61952341, 1.36208887, 0.64694779]), 'k1__k2__length_scale_bounds': (0.0063207946608843345, 6.320794660884335), 'k2__noise_level': np.float64(1.6350144658862977e-05), 'k2__noise_level_bounds': (1e-08, np.float64(0.2850544595349932))}",1,0.8,['noise_collapse']
30,5D Cake Recipe,PI,"1.75**2 * RBF(length_scale=[0.716, 0.856, 1.62, 1.36, 0.647]) + WhiteKernel(noise_level=1.64e-05)","{'k1': 1.75**2 * RBF(length_scale=[0.716, 0.856, 1.62, 1.36, 0.647]), 'k2': WhiteKernel(noise_level=1.64e-05), 'k1__k1': 1.75**2, 'k1__k2': RBF(length_scale=[0.716, 0.856, 1.62, 1.36, 0.647]), 'k1__k1__constant_value': np.float64(3.0712280957001297), 'k1__k1__constant_value_bounds': (0.001, 10000.0), 'k1__k2__length_scale': array([0.71593723, 0.85554782, 1.61952341, 1.36208887, 0.64694779]), 'k1__k2__length_scale_bounds': (0.0063207946608843345, 6.320794660884335), 'k2__noise_level': np.float64(1.6350144658862977e-05), 'k2__noise_level_bounds': (1e-08, np.float64(0.2850544595349932))}","[0.456634341191944, 0.42906253415216145, 0.822108861604976, 0.9391696752074585, 0.2483181360569296]",-0.08910116191873818,0.6793141502687409,"[{'type': 'noise_collapse', 'severity': 0.8, 'details': {'noise_level': 1e-08}}]",{'acq': 'PI'}
