1,GP health,0.5141215099569176,18.328862970517044,0.00015592495459402272,30633754773.446518,1,0.8,['noise_collapse']
1,GP anomalies,Sum,"{'k1': 2.63**2 * Matern(length_scale=[4.28, 6.54, 3.1, 11.3, 11.3, 7.08, 4.33, 11.3], nu=1.5), 'k2': WhiteKernel(noise_level=1e-08), 'k1__k1': 2.63**2, 'k1__k2': Matern(length_scale=[4.28, 6.54, 3.1, 11.3, 11.3, 7.08, 4.33, 11.3], nu=1.5), 'k1__k1__constant_value': np.float64(6.8938814964845045), 'k1__k1__constant_value_bounds': (0.001, 10000.0), 'k1__k2__length_scale': array([ 4.28202366,  6.53761908,  3.0992195 , 11.33780063, 11.33780063,
        7.07517141,  4.32956413, 11.33780063]), 'k1__k2__length_scale_bounds': (0.011337800632098907, 11.337800632098906), 'k1__k2__nu': np.float64(1.5), 'k2__noise_level': np.float64(9.999999999999982e-09), 'k2__noise_level_bounds': (1e-08, np.float64(1.112563526252058))}",1,0.8,['noise_collapse']
1,0.40457493409248957,16709099.4444901,0.004918308484745137,-11.84818135126391,1,0.9
1,GP health BAD,0.40457493409248957
1, 8D ML Hyperparameters,UCB,2.15**2 * RBF(length_scale=1.56) + WhiteKernel(noise_level=1e-05),"{'k1': 2.15**2 * RBF(length_scale=1.56), 'k2': WhiteKernel(noise_level=1e-05), 'k1__k1': 2.15**2, 'k1__k2': RBF(length_scale=1.56), 'k1__k1__constant_value': np.float64(4.617967177608223), 'k1__k1__constant_value_bounds': (1e-05, 100000.0), 'k1__k2__length_scale': np.float64(1.562883077979242), 'k1__k2__length_scale_bounds': (1e-05, 100000.0), 'k2__noise_level': np.float64(9.999999999999997e-06), 'k2__noise_level_bounds': (1e-05, 100000.0)}","[0.1308544704670093, 0.1888281772281545, 0.10997940422211751, 0.15813280070815622, 0.7877183586745004, 0.34665522367683443, 0.22320508908457584, 0.5999972594056944]",10.009960827123493,0.40457493409248957,"[{'type': 'lengthscale_collapse', 'severity': 0.9, 'details': {'lengthscales': [1e-05]}}]",{'acq': 'UCB'}
2,GP health,0.5113785568795414,24.751474988889107,0.00015902525905497615,64781457968.80396,1,0.8,['noise_collapse']
2,GP anomalies,Sum,"{'k1': 2.96**2 * RBF(length_scale=[1.72, 2.03, 1.27, 8.59, 3.5, 2.56, 1.51, 11.1]), 'k2': WhiteKernel(noise_level=1e-08), 'k1__k1': 2.96**2, 'k1__k2': RBF(length_scale=[1.72, 2.03, 1.27, 8.59, 3.5, 2.56, 1.51, 11.1]), 'k1__k1__constant_value': np.float64(8.74520173676285), 'k1__k1__constant_value_bounds': (0.001, 10000.0), 'k1__k2__length_scale': array([ 1.71870101,  2.02954512,  1.2742456 ,  8.58851237,  3.49640484,
        2.55613732,  1.50785193, 11.05378849]), 'k1__k2__length_scale_bounds': (0.011304636299063425, 11.304636299063425), 'k2__noise_level': np.float64(9.999999999999982e-09), 'k2__noise_level_bounds': (1e-08, np.float64(1.0972208444370153))}",1,0.8,['noise_collapse']
2,0.40453542648758267,19907273.363481857,0.005015965385121362,-9.498759058107034,1,0.9
2,GP health BAD,0.40453542648758267
2, 8D ML Hyperparameters,UCB,2.29**2 * RBF(length_scale=1.65) + WhiteKernel(noise_level=1e-05),"{'k1': 2.29**2 * RBF(length_scale=1.65), 'k2': WhiteKernel(noise_level=1e-05), 'k1__k1': 2.29**2, 'k1__k2': RBF(length_scale=1.65), 'k1__k1__constant_value': np.float64(5.249307325740714), 'k1__k1__constant_value_bounds': (1e-05, 100000.0), 'k1__k2__length_scale': np.float64(1.646307972151204), 'k1__k2__length_scale_bounds': (1e-05, 100000.0), 'k2__noise_level': np.float64(9.999999999999997e-06), 'k2__noise_level_bounds': (1e-05, 100000.0)}","[0.2584855128217284, 0.19208622809059522, 0.06016026576741786, 0.039745768278676596, 0.8215256229394666, 0.26698453248673343, 0.19028163637713616, 0.6194335780981373]",9.990099949795662,0.40453542648758267,"[{'type': 'lengthscale_collapse', 'severity': 0.9, 'details': {'lengthscales': [1e-05]}}]",{'acq': 'UCB'}
3,GP health,0.511268180148442,27.4622091304754,0.0001616741002146134,66271512699.4197,1,0.8,['noise_collapse']
3,GP anomalies,Sum,"{'k1': 3.15**2 * RBF(length_scale=[1.8, 2.1, 1.34, 9.72, 3.53, 2.69, 1.58, 11.3]), 'k2': WhiteKernel(noise_level=1e-08), 'k1__k1': 3.15**2, 'k1__k2': RBF(length_scale=[1.8, 2.1, 1.34, 9.72, 3.53, 2.69, 1.58, 11.3]), 'k1__k1__constant_value': np.float64(9.917214371994898), 'k1__k1__constant_value_bounds': (0.001, 10000.0), 'k1__k2__length_scale': array([ 1.80175601,  2.09971402,  1.34029237,  9.71661346,  3.53288335,
        2.69447105,  1.58259555, 11.28812196]), 'k1__k2__length_scale_bounds': (0.011288121961197429, 11.288121961197428), 'k2__noise_level': np.float64(9.999999999999982e-09), 'k2__noise_level_bounds': (1e-08, np.float64(1.0786767897218332))}",1,0.8,['noise_collapse']
3,0.40450171500825766,23149736.56825711,0.005099302669939284,-7.330307908454969,1,0.9
3,GP health BAD,0.40450171500825766
3, 8D ML Hyperparameters,UCB,2.42**2 * RBF(length_scale=1.72) + WhiteKernel(noise_level=1e-05),"{'k1': 2.42**2 * RBF(length_scale=1.72), 'k2': WhiteKernel(noise_level=1e-05), 'k1__k1': 2.42**2, 'k1__k2': RBF(length_scale=1.72), 'k1__k1__constant_value': np.float64(5.862696006189342), 'k1__k1__constant_value_bounds': (1e-05, 100000.0), 'k1__k2__length_scale': np.float64(1.721351557174452), 'k1__k2__length_scale_bounds': (1e-05, 100000.0), 'k2__noise_level': np.float64(9.999999999999997e-06), 'k2__noise_level_bounds': (1e-05, 100000.0)}","[0.09003148978358963, 0.3131948736620609, 0.033370400821629675, 0.14101177017668354, 0.6875137223414995, 0.35119963761742523, 0.1675014729477392, 0.6162166748909731]",10.015086223882598,0.40450171500825766,"[{'type': 'lengthscale_collapse', 'severity': 0.9, 'details': {'lengthscales': [1e-05]}}]",{'acq': 'UCB'}
4,GP health,0.5177059954971664,24.526281747499034,0.0001641247476619441,32842388239.65423,1,0.8,['noise_collapse']
4,GP anomalies,Sum,"{'k1': 2.63**2 * Matern(length_scale=[4.57, 6.39, 3.36, 11.3, 11.3, 7.62, 4.54, 11.3], nu=1.5), 'k2': WhiteKernel(noise_level=1e-08), 'k1__k1': 2.63**2, 'k1__k2': Matern(length_scale=[4.57, 6.39, 3.36, 11.3, 11.3, 7.62, 4.54, 11.3], nu=1.5), 'k1__k1__constant_value': np.float64(6.915188966619349), 'k1__k1__constant_value_bounds': (0.001, 10000.0), 'k1__k2__length_scale': array([ 4.56575938,  6.3860651 ,  3.36142353, 11.2547042 , 11.2547042 ,
        7.62087515,  4.54003854, 11.2547042 ]), 'k1__k2__length_scale_bounds': (0.011254704195633604, 11.254704195633604), 'k1__k2__nu': np.float64(1.5), 'k2__noise_level': np.float64(9.999999999999982e-09), 'k2__noise_level_bounds': (1e-08, np.float64(1.0588923079335177))}",1,0.8,['noise_collapse']
4,0.40447064627629964,27686172.810919035,0.005176113036918836,-4.717320396032044,1,0.9
4,GP health BAD,0.40447064627629964
4, 8D ML Hyperparameters,UCB,2.59**2 * RBF(length_scale=1.81) + WhiteKernel(noise_level=1e-05),"{'k1': 2.59**2 * RBF(length_scale=1.81), 'k2': WhiteKernel(noise_level=1e-05), 'k1__k1': 2.59**2, 'k1__k2': RBF(length_scale=1.81), 'k1__k1__constant_value': np.float64(6.728390129565001), 'k1__k1__constant_value_bounds': (1e-05, 100000.0), 'k1__k2__length_scale': np.float64(1.8108871293377513), 'k1__k2__length_scale_bounds': (1e-05, 100000.0), 'k2__noise_level': np.float64(9.999999999999997e-06), 'k2__noise_level_bounds': (1e-05, 100000.0)}","[0.0, 0.3110903937666222, 0.05791226657352245, 0.07597612884270423, 0.6138136024126678, 0.2501747844063667, 0.21418987087739744, 0.5590243549267698]",9.989319712152648,0.40447064627629964,"[{'type': 'lengthscale_collapse', 'severity': 0.9, 'details': {'lengthscales': [1e-05]}}]",{'acq': 'UCB'}
5,GP health,0.5231655415943118,26.805862229308282,0.00016619068950048322,32920015046.270023,1,0.8,['noise_collapse']
5,GP anomalies,Sum,"{'k1': 2.28**2 * RBF(length_scale=[1.48, 1.85, 1.12, 6.47, 3.14, 2, 1.36, 11.2]), 'k2': WhiteKernel(noise_level=1e-08), 'k1__k1': 2.28**2, 'k1__k2': RBF(length_scale=[1.48, 1.85, 1.12, 6.47, 3.14, 2, 1.36, 11.2]), 'k1__k1__constant_value': np.float64(5.191270709515606), 'k1__k1__constant_value_bounds': (0.001, 10000.0), 'k1__k2__length_scale': array([ 1.4785728 ,  1.85443339,  1.12466409,  6.4735014 ,  3.1410204 ,
        2.00465041,  1.36068446, 11.23051268]), 'k1__k2__length_scale_bounds': (0.011230512684791132, 11.230512684791131), 'k2__noise_level': np.float64(9.999999999999982e-09), 'k2__noise_level_bounds': (1e-08, np.float64(1.0368482685757072))}",1,0.8,['noise_collapse']
5,0.40444445573713267,33364178.371838324,0.005240867766088611,-2.2246443509594798,1,0.9
5,GP health BAD,0.40444445573713267
5, 8D ML Hyperparameters,UCB,2.79**2 * RBF(length_scale=1.91) + WhiteKernel(noise_level=1e-05),"{'k1': 2.79**2 * RBF(length_scale=1.91), 'k2': WhiteKernel(noise_level=1e-05), 'k1__k1': 2.79**2, 'k1__k2': RBF(length_scale=1.91), 'k1__k1__constant_value': np.float64(7.799461868921976), 'k1__k1__constant_value_bounds': (1e-05, 100000.0), 'k1__k2__length_scale': np.float64(1.9065963637771814), 'k1__k2__length_scale_bounds': (1e-05, 100000.0), 'k2__noise_level': np.float64(9.999999999999997e-06), 'k2__noise_level_bounds': (1e-05, 100000.0)}","[0.04402642100844198, 0.2885108996022618, 0.11723168554486386, 0.009921479264709793, 0.6524876378022423, 0.37369279392098914, 0.18367749920563015, 0.6751919558176388]",10.027759053937366,0.40444445573713267,"[{'type': 'lengthscale_collapse', 'severity': 0.9, 'details': {'lengthscales': [1e-05]}}]",{'acq': 'UCB'}
6,GP health,0.5213539645134371,29.64337380282869,0.0001681700699633148,33113265848.22727,1,0.8,['noise_collapse']
6,GP anomalies,Sum,"{'k1': 2.59**2 * Matern(length_scale=[4.58, 6.89, 3.52, 8.73, 11.2, 8.04, 4.7, 11.2], nu=1.5), 'k2': WhiteKernel(noise_level=1e-08), 'k1__k1': 2.59**2, 'k1__k2': Matern(length_scale=[4.58, 6.89, 3.52, 8.73, 11.2, 8.04, 4.7, 11.2], nu=1.5), 'k1__k1__constant_value': np.float64(6.691168908353565), 'k1__k1__constant_value_bounds': (0.001, 10000.0), 'k1__k2__length_scale': array([ 4.57668847,  6.88838085,  3.52372986,  8.73079688, 11.19637795,
        8.03697953,  4.69708559, 11.19637795]), 'k1__k2__length_scale_bounds': (0.01119637794984746, 11.19637794984746), 'k1__k2__nu': np.float64(1.5), 'k2__noise_level': np.float64(9.999999999999982e-09), 'k2__noise_level_bounds': (1e-08, np.float64(1.0145923995940576))}",1,0.8,['noise_collapse']
6,0.4044194427606193,41790910.20745999,0.005302714948458392,0.7197665913458877,1,0.9
6,GP health BAD,0.4044194427606193
6, 8D ML Hyperparameters,UCB,3.06**2 * RBF(length_scale=2.03) + WhiteKernel(noise_level=1e-05),"{'k1': 3.06**2 * RBF(length_scale=2.03), 'k2': WhiteKernel(noise_level=1e-05), 'k1__k1': 3.06**2, 'k1__k2': RBF(length_scale=2.03), 'k1__k1__constant_value': np.float64(9.38963480322811), 'k1__k1__constant_value_bounds': (1e-05, 100000.0), 'k1__k2__length_scale': np.float64(2.0259525315624014), 'k1__k2__length_scale_bounds': (1e-05, 100000.0), 'k2__noise_level': np.float64(9.999999999999997e-06), 'k2__noise_level_bounds': (1e-05, 100000.0)}","[0.035331222009601176, 0.2685571719731812, 0.11365183292108101, 0.0, 0.668087753462062, 0.3450903393600264, 0.19941688150798895, 0.8137349248054956]",10.017719728802478,0.4044194427606193,"[{'type': 'lengthscale_collapse', 'severity': 0.9, 'details': {'lengthscales': [1e-05]}}]",{'acq': 'UCB'}
7,GP health,0.520117467886602,39.419432665593284,0.00016988789076935037,74551518704.11183,1,0.8,['noise_collapse']
7,GP anomalies,Sum,"{'k1': 2.86**2 * RBF(length_scale=[1.77, 2.36, 1.45, 2.38, 3.17, 3.05, 1.74, 11.2]), 'k2': WhiteKernel(noise_level=1e-08), 'k1__k1': 2.86**2, 'k1__k2': RBF(length_scale=[1.77, 2.36, 1.45, 2.38, 3.17, 3.05, 1.74, 11.2]), 'k1__k1__constant_value': np.float64(8.164789459892589), 'k1__k1__constant_value_bounds': (0.001, 10000.0), 'k1__k2__length_scale': array([ 1.77088858,  2.36012046,  1.44847409,  2.37727341,  3.17053832,
        3.05496922,  1.74169871, 11.17326052]), 'k1__k2__length_scale_bounds': (0.011173260521857404, 11.173260521857404), 'k2__noise_level': np.float64(9.999999999999982e-09), 'k2__noise_level_bounds': (1e-08, np.float64(0.9911600012561956))}",1,0.8,['noise_collapse']
7,0.4043983016643343,52943297.02079255,0.005354991487729381,3.8295343287593866,1,0.9
7,GP health BAD,0.4043983016643343
7, 8D ML Hyperparameters,UCB,3.39**2 * RBF(length_scale=2.16) + WhiteKernel(noise_level=1e-05),"{'k1': 3.39**2 * RBF(length_scale=2.16), 'k2': WhiteKernel(noise_level=1e-05), 'k1__k1': 3.39**2, 'k1__k2': RBF(length_scale=2.16), 'k1__k1__constant_value': np.float64(11.460820142486716), 'k1__k1__constant_value_bounds': (1e-05, 100000.0), 'k1__k2__length_scale': np.float64(2.1566291872329564), 'k1__k2__length_scale_bounds': (1e-05, 100000.0), 'k2__noise_level': np.float64(9.999999999999997e-06), 'k2__noise_level_bounds': (1e-05, 100000.0)}","[0.12563241529250194, 0.3208423782799694, 0.1099187073999945, 0.0, 0.5606180332596934, 0.2943403115746325, 0.15098508719428808, 0.7324469580321981]",10.012635602105156,0.4043983016643343,"[{'type': 'lengthscale_collapse', 'severity': 0.9, 'details': {'lengthscales': [1e-05]}}]",{'acq': 'UCB'}
8,GP health,0.5194031304484676,42.950339402103054,0.0001713921204335532,80384168368.32364,1,0.8,['noise_collapse']
8,GP anomalies,Sum,"{'k1': 3.12**2 * RBF(length_scale=[1.89, 2.47, 1.53, 2.48, 3.23, 3.21, 1.86, 11.1]), 'k2': WhiteKernel(noise_level=1e-08), 'k1__k1': 3.12**2, 'k1__k2': RBF(length_scale=[1.89, 2.47, 1.53, 2.48, 3.23, 3.21, 1.86, 11.1]), 'k1__k1__constant_value': np.float64(9.72034992627435), 'k1__k1__constant_value_bounds': (0.001, 10000.0), 'k1__k2__length_scale': array([ 1.89411459,  2.47385351,  1.5309856 ,  2.4804364 ,  3.22934368,
        3.21211828,  1.85716394, 11.13291432]), 'k1__k2__length_scale_bounds': (0.011132914319155973, 11.132914319155972), 'k2__noise_level': np.float64(9.999999999999982e-09), 'k2__noise_level_bounds': (1e-08, np.float64(0.9669708424974502))}",1,0.8,['noise_collapse']
8,0.4043801066369824,67378986.01711154,0.005399985338129552,6.984181732668311,1,0.9
8,GP health BAD,0.4043801066369824
8, 8D ML Hyperparameters,UCB,3.75**2 * RBF(length_scale=2.3) + WhiteKernel(noise_level=1e-05),"{'k1': 3.75**2 * RBF(length_scale=2.3), 'k2': WhiteKernel(noise_level=1e-05), 'k1__k1': 3.75**2, 'k1__k2': RBF(length_scale=2.3), 'k1__k1__constant_value': np.float64(14.081590732733984), 'k1__k1__constant_value_bounds': (1e-05, 100000.0), 'k1__k2__length_scale': np.float64(2.296204056966102), 'k1__k2__length_scale_bounds': (1e-05, 100000.0), 'k2__noise_level': np.float64(9.999999999999997e-06), 'k2__noise_level_bounds': (1e-05, 100000.0)}","[0.07236541034079774, 0.34796631649508036, 0.07743015660113531, 0.007146867684728396, 0.6787677501200625, 0.3859207754137531, 0.06443256081905695, 0.5067744716595528]",10.004783719338375,0.4043801066369824,"[{'type': 'lengthscale_collapse', 'severity': 0.9, 'details': {'lengthscales': [1e-05]}}]",{'acq': 'UCB'}
9,GP health,0.5279117914870042,38.062997475484856,0.00017269687546816033,32160103922.73185,1,0.8,['noise_collapse']
9,GP anomalies,Sum,"{'k1': 2.48**2 * Matern(length_scale=[4.58, 6.83, 3.56, 8.57, 11.1, 8.38, 4.7, 11.1], nu=1.5), 'k2': WhiteKernel(noise_level=1e-08), 'k1__k1': 2.48**2, 'k1__k2': Matern(length_scale=[4.58, 6.83, 3.56, 8.57, 11.1, 8.38, 4.7, 11.1], nu=1.5), 'k1__k1__constant_value': np.float64(6.142097859182616), 'k1__k1__constant_value_bounds': (0.001, 10000.0), 'k1__k2__length_scale': array([ 4.58356434,  6.83310293,  3.56093444,  8.56898508, 11.10016848,
        8.38421446,  4.69848567, 11.10016848]), 'k1__k2__length_scale_bounds': (0.011100168480008247, 11.100168480008248), 'k1__k2__nu': np.float64(1.5), 'k2__noise_level': np.float64(9.999999999999982e-09), 'k2__noise_level_bounds': (1e-08, np.float64(0.9422153475479899))}",1,0.8,['noise_collapse']
9,0.40436490054341073,84698305.0507834,0.005437589511109707,10.096571525454287,1,0.9
9,GP health BAD,0.40436490054341073
9, 8D ML Hyperparameters,UCB,4.14**2 * RBF(length_scale=2.44) + WhiteKernel(noise_level=1e-05),"{'k1': 4.14**2 * RBF(length_scale=2.44), 'k2': WhiteKernel(noise_level=1e-05), 'k1__k1': 4.14**2, 'k1__k2': RBF(length_scale=2.44), 'k1__k1__constant_value': np.float64(17.145612460262495), 'k1__k1__constant_value_bounds': (1e-05, 100000.0), 'k1__k2__length_scale': np.float64(2.4354282047883493), 'k1__k2__length_scale_bounds': (1e-05, 100000.0), 'k2__noise_level': np.float64(9.999999999999997e-06), 'k2__noise_level_bounds': (1e-05, 100000.0)}","[0.06481733055380602, 0.2281942225624686, 0.030746235325711108, 0.0, 0.622975389051083, 0.294041199464393, 0.1965051172134342, 0.6813426753687603]",10.026784435587535,0.40436490054341073,"[{'type': 'lengthscale_collapse', 'severity': 0.9, 'details': {'lengthscales': [1e-05]}}]",{'acq': 'UCB'}
10,GP health,0.5238660110633018,49.549826553884614,0.00017391941114664865,102209832699.88455,1,0.8,['noise_collapse']
10,GP anomalies,Sum,"{'k1': 3.05**2 * RBF(length_scale=[1.92, 2.4, 1.49, 2.54, 3.2, 3.12, 1.82, 11.1]), 'k2': WhiteKernel(noise_level=1e-08), 'k1__k1': 3.05**2, 'k1__k2': RBF(length_scale=[1.92, 2.4, 1.49, 2.54, 3.2, 3.12, 1.82, 11.1]), 'k1__k1__constant_value': np.float64(9.29741067529252), 'k1__k1__constant_value_bounds': (0.001, 10000.0), 'k1__k2__length_scale': array([ 1.92305491,  2.40328448,  1.48815146,  2.53863324,  3.19932527,
        3.12399706,  1.81588453, 11.06274902]), 'k1__k2__length_scale_bounds': (0.01106274901783164, 11.062749017831639), 'k2__noise_level': np.float64(9.999999999999982e-09), 'k2__noise_level_bounds': (1e-08, np.float64(0.9176189380894069))}",1,0.8,['noise_collapse']
10,0.4043507595314269,109009564.87363905,0.005472561041113239,13.788607310994209,1,0.9
10,GP health BAD,0.4043507595314269
10, 8D ML Hyperparameters,UCB,4.63**2 * RBF(length_scale=2.6) + WhiteKernel(noise_level=1e-05),"{'k1': 4.63**2 * RBF(length_scale=2.6), 'k2': WhiteKernel(noise_level=1e-05), 'k1__k1': 4.63**2, 'k1__k2': RBF(length_scale=2.6), 'k1__k1__constant_value': np.float64(21.391164633613382), 'k1__k1__constant_value_bounds': (1e-05, 100000.0), 'k1__k2__length_scale': np.float64(2.597234796130653), 'k1__k2__length_scale_bounds': (1e-05, 100000.0), 'k2__noise_level': np.float64(9.999999999999997e-06), 'k2__noise_level_bounds': (1e-05, 100000.0)}","[0.10673146089662107, 0.23771824558250215, 0.09040950739712632, 0.0, 0.6598305733917949, 0.3941998368293367, 0.18118861361084598, 0.6439078771280256]",10.038024635552173,0.4043507595314269,"[{'type': 'lengthscale_collapse', 'severity': 0.9, 'details': {'lengthscales': [1e-05]}}]",{'acq': 'UCB'}
11,GP health,0.5330601436824811,44.674412371757114,0.00017503542961069915,31289893558.76046,1,0.8,['noise_collapse']
11,GP anomalies,Sum,"{'k1': 2.4**2 * Matern(length_scale=[4.6, 6.83, 3.58, 8.03, 11, 8.61, 4.68, 11], nu=1.5), 'k2': WhiteKernel(noise_level=1e-08), 'k1__k1': 2.4**2, 'k1__k2': Matern(length_scale=[4.6, 6.83, 3.58, 8.03, 11, 8.61, 4.68, 11], nu=1.5), 'k1__k1__constant_value': np.float64(5.7660112822928555), 'k1__k1__constant_value_bounds': (0.001, 10000.0), 'k1__k2__length_scale': array([ 4.59990027,  6.832981  ,  3.57966664,  8.03269887, 11.00749842,
        8.61143055,  4.6823855 , 11.00749842]), 'k1__k2__length_scale_bounds': (0.011007498418026642, 11.007498418026643), 'k1__k2__nu': np.float64(1.5), 'k2__noise_level': np.float64(9.999999999999982e-09), 'k2__noise_level_bounds': (1e-08, np.float64(0.8930757561822316))}",1,0.8,['noise_collapse']
11,0.4043420550614866,129126759.65274139,0.005494088300372938,18.203516102663656,1,0.9
11,GP health BAD,0.4043420550614866
11, 8D ML Hyperparameters,UCB,4.97**2 * RBF(length_scale=2.71) + WhiteKernel(noise_level=1e-05),"{'k1': 4.97**2 * RBF(length_scale=2.71), 'k2': WhiteKernel(noise_level=1e-05), 'k1__k1': 4.97**2, 'k1__k2': RBF(length_scale=2.71), 'k1__k1__constant_value': np.float64(24.6966884541032), 'k1__k1__constant_value_bounds': (1e-05, 100000.0), 'k1__k2__length_scale': np.float64(2.707963280153938), 'k1__k2__length_scale_bounds': (1e-05, 100000.0), 'k2__noise_level': np.float64(9.999999999999997e-06), 'k2__noise_level_bounds': (1e-05, 100000.0)}","[0.09406258657445352, 0.16372382163269425, 0.09986405136274173, 0.013074131778233564, 0.7084988725759156, 0.30526426251108346, 0.15827376470412335, 0.6386289245735541]",10.03493581489375,0.4043420550614866,"[{'type': 'lengthscale_collapse', 'severity': 0.9, 'details': {'lengthscales': [1e-05]}}]",{'acq': 'UCB'}
12,GP health,0.5352910153365371,47.79019703665028,0.00017600934384915355,31257669557.37812,1,0.8,['noise_collapse']
12,GP anomalies,Sum,"{'k1': 2.38**2 * Matern(length_scale=[4.62, 6.76, 3.6, 8.3, 11, 8.44, 4.71, 11], nu=1.5), 'k2': WhiteKernel(noise_level=1e-08), 'k1__k1': 2.38**2, 'k1__k2': Matern(length_scale=[4.62, 6.76, 3.6, 8.3, 11, 8.44, 4.71, 11], nu=1.5), 'k1__k1__constant_value': np.float64(5.658400334203401), 'k1__k1__constant_value_bounds': (0.001, 10000.0), 'k1__k2__length_scale': array([ 4.6198449 ,  6.75692798,  3.59577164,  8.29562109, 10.96077873,
        8.44015356,  4.71304526, 10.96077873]), 'k1__k2__length_scale_bounds': (0.01096077873224577, 10.960778732245771), 'k1__k2__nu': np.float64(1.5), 'k2__noise_level': np.float64(9.999999999999982e-09), 'k2__noise_level_bounds': (1e-08, np.float64(0.8684608182187665))}",1,0.8,['noise_collapse']
12,0.4043333242359125,161260632.41536322,0.005515681206001003,22.412283126831618,1,0.9
12,GP health BAD,0.4043333242359125
12, 8D ML Hyperparameters,UCB,5.48**2 * RBF(length_scale=2.86) + WhiteKernel(noise_level=1e-05),"{'k1': 5.48**2 * RBF(length_scale=2.86), 'k2': WhiteKernel(noise_level=1e-05), 'k1__k1': 5.48**2, 'k1__k2': RBF(length_scale=2.86), 'k1__k1__constant_value': np.float64(30.032244522885506), 'k1__k1__constant_value_bounds': (1e-05, 100000.0), 'k1__k2__length_scale': np.float64(2.8613665800923687), 'k1__k2__length_scale_bounds': (1e-05, 100000.0), 'k2__noise_level': np.float64(9.999999999999997e-06), 'k2__noise_level_bounds': (1e-05, 100000.0)}","[0.0896742511492925, 0.22814352852011247, 0.0948416215964044, 0.0, 0.7160109678679684, 0.3923622908410951, 0.20570934667347857, 0.6549700039818113]",10.038980489215092,0.4043333242359125,"[{'type': 'lengthscale_collapse', 'severity': 0.9, 'details': {'lengthscales': [1e-05]}}]",{'acq': 'UCB'}
13,GP health,0.5382755084705223,51.87889855601129,0.00017687638322593977,31040157965.349487,1,0.8,['noise_collapse']
13,GP anomalies,Sum,"{'k1': 2.35**2 * Matern(length_scale=[4.64, 6.78, 3.6, 8.18, 10.9, 8.45, 4.73, 10.9], nu=1.5), 'k2': WhiteKernel(noise_level=1e-08), 'k1__k1': 2.35**2, 'k1__k2': Matern(length_scale=[4.64, 6.78, 3.6, 8.18, 10.9, 8.45, 4.73, 10.9], nu=1.5), 'k1__k1__constant_value': np.float64(5.52211542576496), 'k1__k1__constant_value_bounds': (0.001, 10000.0), 'k1__k2__length_scale': array([ 4.63633155,  6.78323499,  3.60005693,  8.18435198, 10.90338161,
        8.45059982,  4.73135458, 10.90338161]), 'k1__k2__length_scale_bounds': (0.010903381614104903, 10.903381614104903), 'k1__k2__nu': np.float64(1.5), 'k2__noise_level': np.float64(9.999999999999982e-09), 'k2__noise_level_bounds': (1e-08, np.float64(0.8439940864347916))}",1,0.8,['noise_collapse']
13,0.40432883463247754,180351753.35751224,0.005526784986203367,26.970051318594983,1,0.9
13,GP health BAD,0.40432883463247754
13, 8D ML Hyperparameters,UCB,5.73**2 * RBF(length_scale=2.94) + WhiteKernel(noise_level=1e-05),"{'k1': 5.73**2 * RBF(length_scale=2.94), 'k2': WhiteKernel(noise_level=1e-05), 'k1__k1': 5.73**2, 'k1__k2': RBF(length_scale=2.94), 'k1__k1__constant_value': np.float64(32.87427754283161), 'k1__k1__constant_value_bounds': (1e-05, 100000.0), 'k1__k2__length_scale': np.float64(2.9383386921421897), 'k1__k2__length_scale_bounds': (1e-05, 100000.0), 'k2__noise_level': np.float64(9.999999999999997e-06), 'k2__noise_level_bounds': (1e-05, 100000.0)}","[0.11137319914644844, 0.2635388647472414, 0.05433912903387819, 0.0, 0.7634565871218976, 0.3067943500683431, 0.15255743600119256, 0.5878194499798725]",10.035807069110344,0.40432883463247754,"[{'type': 'lengthscale_collapse', 'severity': 0.9, 'details': {'lengthscales': [1e-05]}}]",{'acq': 'UCB'}
14,GP health,0.5246817756394826,67.31989913587901,0.00017761962104025482,165165814614.53595,1,0.8,['noise_collapse']
14,GP anomalies,Sum,"{'k1': 5.33**2 * Matern(length_scale=[4.95, 7.28, 4.22, 6.8, 9.54, 8.08, 4.81, 10.9], nu=2.5), 'k2': WhiteKernel(noise_level=1e-08), 'k1__k1': 5.33**2, 'k1__k2': Matern(length_scale=[4.95, 7.28, 4.22, 6.8, 9.54, 8.08, 4.81, 10.9], nu=2.5), 'k1__k1__constant_value': np.float64(28.356185377475107), 'k1__k1__constant_value_bounds': (0.001, 10000.0), 'k1__k2__length_scale': array([ 4.9489914 ,  7.28142716,  4.21643293,  6.79551276,  9.53950284,
        8.07865306,  4.80608649, 10.8539905 ]), 'k1__k2__length_scale_bounds': (0.010853990499612515, 10.853990499612516), 'k1__k2__nu': np.float64(2.5), 'k2__noise_level': np.float64(9.999999999999982e-09), 'k2__noise_level_bounds': (1e-08, np.float64(0.8196605173598868))}",1,0.8,['noise_collapse']
14,0.4043241448573157,219772652.67488402,0.005538383966930111,31.260190847974393,1,0.9
14,GP health BAD,0.4043241448573157
14, 8D ML Hyperparameters,UCB,6.25**2 * RBF(length_scale=3.08) + WhiteKernel(noise_level=1e-05),"{'k1': 6.25**2 * RBF(length_scale=3.08), 'k2': WhiteKernel(noise_level=1e-05), 'k1__k1': 6.25**2, 'k1__k2': RBF(length_scale=3.08), 'k1__k1__constant_value': np.float64(39.12209005041817), 'k1__k1__constant_value_bounds': (1e-05, 100000.0), 'k1__k2__length_scale': np.float64(3.0825730832522535), 'k1__k2__length_scale_bounds': (1e-05, 100000.0), 'k2__noise_level': np.float64(9.999999999999997e-06), 'k2__noise_level_bounds': (1e-05, 100000.0)}","[0.1469817744578721, 0.2181238647986457, 0.09496676567000721, 0.0, 0.6940439736533065, 0.3002307531153414, 0.1765174430111949, 0.6385394466950169]",10.03936763382582,0.4043241448573157,"[{'type': 'lengthscale_collapse', 'severity': 0.9, 'details': {'lengthscales': [1e-05]}}]",{'acq': 'UCB'}
15,GP health,0.5288799301685211,71.36242459587743,0.00017827920426755469,148871354562.34933,1,0.8,['noise_collapse']
15,GP anomalies,Sum,"{'k1': 5.02**2 * Matern(length_scale=[4.79, 6.86, 4.06, 6.75, 8.39, 7.91, 4.68, 10.8], nu=2.5), 'k2': WhiteKernel(noise_level=1e-08), 'k1__k1': 5.02**2, 'k1__k2': Matern(length_scale=[4.79, 6.86, 4.06, 6.75, 8.39, 7.91, 4.68, 10.8], nu=2.5), 'k1__k1__constant_value': np.float64(25.190438252326903), 'k1__k1__constant_value_bounds': (0.001, 10000.0), 'k1__k2__length_scale': array([ 4.78909051,  6.86327673,  4.05995399,  6.75448761,  8.38804907,
        7.91468146,  4.67678609, 10.79324407]), 'k1__k2__length_scale_bounds': (0.010793244074943498, 10.793244074943498), 'k1__k2__nu': np.float64(2.5), 'k2__noise_level': np.float64(9.999999999999982e-09), 'k2__noise_level_bounds': (1e-08, np.float64(0.7956264256509012))}",1,0.8,['noise_collapse']
15,0.4043235548367774,240465754.3431577,0.005539843244038157,35.97749417924365,1,0.9
15,GP health BAD,0.4043235548367774
15, 8D ML Hyperparameters,UCB,6.48**2 * RBF(length_scale=3.15) + WhiteKernel(noise_level=1e-05),"{'k1': 6.48**2 * RBF(length_scale=3.15), 'k2': WhiteKernel(noise_level=1e-05), 'k1__k1': 6.48**2, 'k1__k2': RBF(length_scale=3.15), 'k1__k1__constant_value': np.float64(41.97889616292963), 'k1__k1__constant_value_bounds': (1e-05, 100000.0), 'k1__k2__length_scale': np.float64(3.1451410880098996), 'k1__k2__length_scale_bounds': (1e-05, 100000.0), 'k2__noise_level': np.float64(9.999999999999997e-06), 'k2__noise_level_bounds': (1e-05, 100000.0)}","[0.1264462993402156, 0.23305460552103247, 0.08200654620694418, 0.008563072426679695, 0.6881992672224944, 0.29872391281820465, 0.20174838954143556, 0.5961901593635204]",10.040097121743955,0.4043235548367774,"[{'type': 'lengthscale_collapse', 'severity': 0.9, 'details': {'lengthscales': [1e-05]}}]",{'acq': 'UCB'}
16,GP health,0.5456426802414394,63.1897801289425,0.00017886297429462,32017461367.451782,1,0.8,['noise_collapse']
16,GP anomalies,Sum,"{'k1': 2.33**2 * Matern(length_scale=[4.74, 6.95, 3.67, 8.07, 10.7, 8.64, 4.84, 10.7], nu=1.5), 'k2': WhiteKernel(noise_level=1e-08), 'k1__k1': 2.33**2, 'k1__k2': Matern(length_scale=[4.74, 6.95, 3.67, 8.07, 10.7, 8.64, 4.84, 10.7], nu=1.5), 'k1__k1__constant_value': np.float64(5.409322897835915), 'k1__k1__constant_value_bounds': (0.001, 10000.0), 'k1__k2__length_scale': array([ 4.74134864,  6.94571365,  3.67271074,  8.06878364, 10.72912774,
        8.63655098,  4.83797477, 10.72912774]), 'k1__k2__length_scale_bounds': (0.010729127738902507, 10.729127738902505), 'k1__k2__nu': np.float64(1.5), 'k2__noise_level': np.float64(9.999999999999982e-09), 'k2__noise_level_bounds': (1e-08, np.float64(0.7719129206954609))}",1,0.8,['noise_collapse']
16,0.404323744107778,266324736.26585376,0.005539375126477338,40.61619239530701,1,0.9
16,GP health BAD,0.404323744107778
16, 8D ML Hyperparameters,UCB,6.75**2 * RBF(length_scale=3.22) + WhiteKernel(noise_level=1e-05),"{'k1': 6.75**2 * RBF(length_scale=3.22), 'k2': WhiteKernel(noise_level=1e-05), 'k1__k1': 6.75**2, 'k1__k2': RBF(length_scale=3.22), 'k1__k1__constant_value': np.float64(45.59661027286141), 'k1__k1__constant_value_bounds': (1e-05, 100000.0), 'k1__k2__length_scale': np.float64(3.218262742835483), 'k1__k2__length_scale_bounds': (1e-05, 100000.0), 'k2__noise_level': np.float64(9.999999999999997e-06), 'k2__noise_level_bounds': (1e-05, 100000.0)}","[0.10143505712922371, 0.2063417526789442, 0.07668683686369811, 0.0, 0.699398919807565, 0.3215597837426186, 0.19433868258086825, 0.6566918448860766]",10.041732404407249,0.404323744107778,"[{'type': 'lengthscale_collapse', 'severity': 0.9, 'details': {'lengthscales': [1e-05]}}]",{'acq': 'UCB'}
17,GP health,0.5343504221988558,83.01834475141882,0.00017932398529744005,171955875558.04434,1,0.8,['noise_collapse']
17,GP anomalies,Sum,"{'k1': 5.3**2 * Matern(length_scale=[5, 7.17, 4.28, 7.04, 8.64, 8.2, 4.88, 10.7], nu=2.5), 'k2': WhiteKernel(noise_level=1e-08), 'k1__k1': 5.3**2, 'k1__k2': Matern(length_scale=[5, 7.17, 4.28, 7.04, 8.64, 8.2, 4.88, 10.7], nu=2.5), 'k1__k1__constant_value': np.float64(28.093870716938646), 'k1__k1__constant_value_bounds': (0.001, 10000.0), 'k1__k2__length_scale': array([ 4.99856645,  7.1675684 ,  4.28053299,  7.04079449,  8.64440456,
        8.20163844,  4.882234  , 10.66865744]), 'k1__k2__length_scale_bounds': (0.01066865743901153, 10.66865743901153), 'k1__k2__nu': np.float64(2.5), 'k2__noise_level': np.float64(9.999999999999982e-09), 'k2__noise_level_bounds': (1e-08, np.float64(0.7485793028649999))}",1,0.8,['noise_collapse']
17,0.40432679070696137,277497013.97381604,0.005531840105965463,45.44498569162081,1,0.9
17,GP health BAD,0.40432679070696137
17, 8D ML Hyperparameters,UCB,6.83**2 * RBF(length_scale=3.24) + WhiteKernel(noise_level=1e-05),"{'k1': 6.83**2 * RBF(length_scale=3.24), 'k2': WhiteKernel(noise_level=1e-05), 'k1__k1': 6.83**2, 'k1__k2': RBF(length_scale=3.24), 'k1__k1__constant_value': np.float64(46.69929897999148), 'k1__k1__constant_value_bounds': (1e-05, 100000.0), 'k1__k2__length_scale': np.float64(3.2414301788649325), 'k1__k2__length_scale_bounds': (1e-05, 100000.0), 'k2__noise_level': np.float64(9.999999999999997e-06), 'k2__noise_level_bounds': (1e-05, 100000.0)}","[0.0915799394267332, 0.2110415253266692, 0.10810830732726423, 0.0, 0.6900822510466016, 0.30836194009942414, 0.19388966515934897, 0.7002892658613301]",10.039270999797143,0.40432679070696137,"[{'type': 'lengthscale_collapse', 'severity': 0.9, 'details': {'lengthscales': [1e-05]}}]",{'acq': 'UCB'}
18,GP health,0.5518105799135358,72.18057246281359,0.00017977647937495302,31703374665.34324,1,0.8,['noise_collapse']
18,GP anomalies,Sum,"{'k1': 2.28**2 * Matern(length_scale=[4.73, 6.98, 3.68, 7.93, 10.6, 8.76, 4.82, 10.6], nu=1.5), 'k2': WhiteKernel(noise_level=1e-08), 'k1__k1': 2.28**2, 'k1__k2': Matern(length_scale=[4.73, 6.98, 3.68, 7.93, 10.6, 8.76, 4.82, 10.6], nu=1.5), 'k1__k1__constant_value': np.float64(5.186976184794401), 'k1__k1__constant_value_bounds': (0.001, 10000.0), 'k1__k2__length_scale': array([ 4.73110627,  6.98079289,  3.68161413,  7.92697363, 10.60800728,
        8.76409113,  4.82253022, 10.60800728]), 'k1__k2__length_scale_bounds': (0.010608007282258185, 10.608007282258185), 'k1__k2__nu': np.float64(1.5), 'k2__noise_level': np.float64(9.999999999999982e-09), 'k2__noise_level_bounds': (1e-08, np.float64(0.7256232074752083))}",1,0.8,['noise_collapse']
18,0.4043289309351821,296709178.33028185,0.005526546807065964,50.11160477892065,1,0.9
18,GP health BAD,0.4043289309351821
18, 8D ML Hyperparameters,UCB,7**2 * RBF(length_scale=3.29) + WhiteKernel(noise_level=1e-05),"{'k1': 7**2 * RBF(length_scale=3.29), 'k2': WhiteKernel(noise_level=1e-05), 'k1__k1': 7**2, 'k1__k2': RBF(length_scale=3.29), 'k1__k1__constant_value': np.float64(49.05637861651601), 'k1__k1__constant_value_bounds': (1e-05, 100000.0), 'k1__k2__length_scale': np.float64(3.2871249592430187), 'k1__k2__length_scale_bounds': (1e-05, 100000.0), 'k2__noise_level': np.float64(9.999999999999997e-06), 'k2__noise_level_bounds': (1e-05, 100000.0)}","[0.1100399114973108, 0.21282241165746824, 0.08501912580434551, 0.0, 0.6772097404254557, 0.35609448872923155, 0.19113472351894797, 0.6379282557971246]",10.040959668619958,0.4043289309351821,"[{'type': 'lengthscale_collapse', 'severity': 0.9, 'details': {'lengthscales': [1e-05]}}]",{'acq': 'UCB'}
19,GP health,0.5552759961713464,77.490656173466,0.00018012710109775683,31719843658.572594,1,0.8,['noise_collapse']
19,GP anomalies,Sum,"{'k1': 2.26**2 * Matern(length_scale=[4.71, 7.01, 3.68, 7.81, 10.5, 9.09, 4.81, 10.5], nu=1.5), 'k2': WhiteKernel(noise_level=1e-08), 'k1__k1': 2.26**2, 'k1__k2': Matern(length_scale=[4.71, 7.01, 3.68, 7.81, 10.5, 9.09, 4.81, 10.5], nu=1.5), 'k1__k1__constant_value': np.float64(5.108979867540247), 'k1__k1__constant_value_bounds': (0.001, 10000.0), 'k1__k2__length_scale': array([ 4.71478663,  7.01219106,  3.67842122,  7.8096203 , 10.54158145,
        9.09202812,  4.81348764, 10.54158145]), 'k1__k2__length_scale_bounds': (0.010541581452260149, 10.54158145226015), 'k1__k2__nu': np.float64(1.5), 'k2__noise_level': np.float64(9.999999999999982e-09), 'k2__noise_level_bounds': (1e-08, np.float64(0.7031216953448406))}",1,0.8,['noise_collapse']
19,0.4043335571522204,308842747.2164627,0.005515105155928374,54.90227436259686,1,0.9
19,GP health BAD,0.4043335571522204
19, 8D ML Hyperparameters,UCB,7.09**2 * RBF(length_scale=3.31) + WhiteKernel(noise_level=1e-05),"{'k1': 7.09**2 * RBF(length_scale=3.31), 'k2': WhiteKernel(noise_level=1e-05), 'k1__k1': 7.09**2, 'k1__k2': RBF(length_scale=3.31), 'k1__k1__constant_value': np.float64(50.22028051621605), 'k1__k1__constant_value_bounds': (1e-05, 100000.0), 'k1__k2__length_scale': np.float64(3.3089342887652062), 'k1__k2__length_scale_bounds': (1e-05, 100000.0), 'k2__noise_level': np.float64(9.999999999999997e-06), 'k2__noise_level_bounds': (1e-05, 100000.0)}","[0.09537552280735123, 0.2149930247948959, 0.08419443677253134, 0.0, 0.6883133432801494, 0.301725854130029, 0.1974244758233593, 0.6749536174015648]",10.041066012318899,0.4043335571522204,"[{'type': 'lengthscale_collapse', 'severity': 0.9, 'details': {'lengthscales': [1e-05]}}]",{'acq': 'UCB'}
20,GP health,0.5451531280863866,103.02784618369982,0.00018007366179690875,189022952087.67145,1,0.8,['noise_collapse']
20,GP anomalies,Sum,"{'k1': 5.42**2 * Matern(length_scale=[5.11, 7.29, 4.44, 7.11, 8.81, 8.69, 5, 10.5], nu=2.5), 'k2': WhiteKernel(noise_level=1e-08), 'k1__k1': 5.42**2, 'k1__k2': Matern(length_scale=[5.11, 7.29, 4.44, 7.11, 8.81, 8.69, 5, 10.5], nu=2.5), 'k1__k1__constant_value': np.float64(29.425195651944605), 'k1__k1__constant_value_bounds': (0.001, 10000.0), 'k1__k2__length_scale': array([ 5.11021754,  7.29346548,  4.44062435,  7.11397068,  8.81247637,
        8.69314598,  5.00185767, 10.47847945]), 'k1__k2__length_scale_bounds': (0.010478479452588965, 10.478479452588964), 'k1__k2__nu': np.float64(2.5), 'k2__noise_level': np.float64(9.999999999999982e-09), 'k2__noise_level_bounds': (1e-08, np.float64(0.6810843342368966))}",1,0.8,['noise_collapse']
20,0.4043386459026418,320956132.7257362,0.005502519709310417,59.69128419742849,1,0.9
20,GP health BAD,0.4043386459026418
20, 8D ML Hyperparameters,UCB,7.17**2 * RBF(length_scale=3.33) + WhiteKernel(noise_level=1e-05),"{'k1': 7.17**2 * RBF(length_scale=3.33), 'k2': WhiteKernel(noise_level=1e-05), 'k1__k1': 7.17**2, 'k1__k2': RBF(length_scale=3.33), 'k1__k1__constant_value': np.float64(51.346499367257195), 'k1__k1__constant_value_bounds': (1e-05, 100000.0), 'k1__k2__length_scale': np.float64(3.329426462541093), 'k1__k2__length_scale_bounds': (1e-05, 100000.0), 'k2__noise_level': np.float64(9.999999999999997e-06), 'k2__noise_level_bounds': (1e-05, 100000.0)}","[0.1228536981885366, 0.20783592453539315, 0.08340714484828535, 0.0, 0.7331333191467027, 0.30090516569555914, 0.16445199682913772, 0.6575607865287351]",10.040136813201489,0.4043386459026418,"[{'type': 'lengthscale_collapse', 'severity': 0.9, 'details': {'lengthscales': [1e-05]}}]",{'acq': 'UCB'}
21,GP health,0.5485009805158338,109.62161544040933,0.00018022598575902083,194671689739.6024,1,0.8,['noise_collapse']
21,GP anomalies,Sum,"{'k1': 5.46**2 * Matern(length_scale=[5.16, 7.39, 4.49, 7.17, 8.88, 8.74, 5.03, 10.4], nu=2.5), 'k2': WhiteKernel(noise_level=1e-08), 'k1__k1': 5.46**2, 'k1__k2': Matern(length_scale=[5.16, 7.39, 4.49, 7.17, 8.88, 8.74, 5.03, 10.4], nu=2.5), 'k1__k1__constant_value': np.float64(29.835095482146485), 'k1__k1__constant_value_bounds': (0.001, 10000.0), 'k1__k2__length_scale': array([ 5.15950713,  7.38701815,  4.48689063,  7.16715863,  8.87730616,
        8.74027546,  5.03354962, 10.4170469 ]), 'k1__k2__length_scale_bounds': (0.01041704690328168, 10.41704690328168), 'k1__k2__nu': np.float64(2.5), 'k2__noise_level': np.float64(9.999999999999982e-09), 'k2__noise_level_bounds': (1e-08, np.float64(0.6595230641813279))}",1,0.8,['noise_collapse']
21,0.40434388945340527,336733674.18065923,0.005489551577727732,64.41965734650518,1,0.9
21,GP health BAD,0.40434388945340527
21, 8D ML Hyperparameters,UCB,7.28**2 * RBF(length_scale=3.36) + WhiteKernel(noise_level=1e-05),"{'k1': 7.28**2 * RBF(length_scale=3.36), 'k2': WhiteKernel(noise_level=1e-05), 'k1__k1': 7.28**2, 'k1__k2': RBF(length_scale=3.36), 'k1__k1__constant_value': np.float64(53.00082492857855), 'k1__k1__constant_value_bounds': (1e-05, 100000.0), 'k1__k2__length_scale': np.float64(3.3578543028728807), 'k1__k2__length_scale_bounds': (1e-05, 100000.0), 'k2__noise_level': np.float64(9.999999999999997e-06), 'k2__noise_level_bounds': (1e-05, 100000.0)}","[0.1030366377881639, 0.24428034781245503, 0.05946928552731122, 0.018688586543451225, 0.668233788444646, 0.3005931714106107, 0.18099799166979233, 0.6020420498267411]",10.040356786031559,0.40434388945340527,"[{'type': 'lengthscale_collapse', 'severity': 0.9, 'details': {'lengthscales': [1e-05]}}]",{'acq': 'UCB'}
22,GP health,0.5647268308652477,92.1989940414928,0.00018082460800660554,31303605774.962303,1,0.8,['noise_collapse']
22,GP anomalies,Sum,"{'k1': 2.19**2 * Matern(length_scale=[4.7, 7.02, 3.69, 7.67, 10.4, 9.07, 4.78, 10.4], nu=1.5), 'k2': WhiteKernel(noise_level=1e-08), 'k1__k1': 2.19**2, 'k1__k2': Matern(length_scale=[4.7, 7.02, 3.69, 7.67, 10.4, 9.07, 4.78, 10.4], nu=1.5), 'k1__k1__constant_value': np.float64(4.817313427844647), 'k1__k1__constant_value_bounds': (0.001, 10000.0), 'k1__k2__length_scale': array([ 4.69644593,  7.02017398,  3.69268513,  7.67014182, 10.35104826,
        9.06744916,  4.78190229, 10.35104826]), 'k1__k2__length_scale_bounds': (0.010351048264971097, 10.351048264971096), 'k1__k2__nu': np.float64(1.5), 'k2__noise_level': np.float64(9.999999999999982e-09), 'k2__noise_level_bounds': (1e-08, np.float64(0.6384635636454116))}",1,0.8,['noise_collapse']
22,0.4043494250968535,354664390.5679219,0.005475861237153122,69.15139930858018,1,0.9
22,GP health BAD,0.4043494250968535
22, 8D ML Hyperparameters,UCB,7.41**2 * RBF(length_scale=3.39) + WhiteKernel(noise_level=1e-05),"{'k1': 7.41**2 * RBF(length_scale=3.39), 'k2': WhiteKernel(noise_level=1e-05), 'k1__k1': 7.41**2, 'k1__k2': RBF(length_scale=3.39), 'k1__k1__constant_value': np.float64(54.92769641097837), 'k1__k1__constant_value_bounds': (1e-05, 100000.0), 'k1__k2__length_scale': np.float64(3.3896995146841453), 'k1__k2__length_scale_bounds': (1e-05, 100000.0), 'k2__noise_level': np.float64(9.999999999999997e-06), 'k2__noise_level_bounds': (1e-05, 100000.0)}","[0.13503436595064103, 0.21262848648256133, 0.0907665516298419, 0.0, 0.6630742666699676, 0.3274016854237811, 0.17588599510650446, 0.603604364839192]",10.038771856298697,0.4043494250968535,"[{'type': 'lengthscale_collapse', 'severity': 0.9, 'details': {'lengthscales': [1e-05]}}]",{'acq': 'UCB'}
23,GP health,0.5679434770837372,97.14798024454483,0.00018095220799981554,30817433300.0937,1,0.8,['noise_collapse']
23,GP anomalies,Sum,"{'k1': 2.16**2 * Matern(length_scale=[4.67, 6.98, 3.66, 7.57, 10.3, 9.1, 4.75, 10.3], nu=1.5), 'k2': WhiteKernel(noise_level=1e-08), 'k1__k1': 2.16**2, 'k1__k2': Matern(length_scale=[4.67, 6.98, 3.66, 7.57, 10.3, 9.1, 4.75, 10.3], nu=1.5), 'k1__k1__constant_value': np.float64(4.675077155428876), 'k1__k1__constant_value_bounds': (0.001, 10000.0), 'k1__k2__length_scale': array([ 4.67014068,  6.98093101,  3.66170269,  7.56643491, 10.28249849,
        9.09614068,  4.75119237, 10.28249849]), 'k1__k2__length_scale_bounds': (0.010282498491970271, 10.282498491970271), 'k1__k2__nu': np.float64(1.5), 'k2__noise_level': np.float64(9.999999999999982e-09), 'k2__noise_level_bounds': (1e-08, np.float64(0.617903526967672))}",1,0.8,['noise_collapse']
23,0.4043553277005277,373328282.04429835,0.0054612635643835694,73.80896894511291,1,0.9
23,GP health BAD,0.4043553277005277
23, 8D ML Hyperparameters,UCB,7.54**2 * RBF(length_scale=3.42) + WhiteKernel(noise_level=1e-05),"{'k1': 7.54**2 * RBF(length_scale=3.42), 'k2': WhiteKernel(noise_level=1e-05), 'k1__k1': 7.54**2, 'k1__k2': RBF(length_scale=3.42), 'k1__k1__constant_value': np.float64(56.90474370273143), 'k1__k1__constant_value_bounds': (1e-05, 100000.0), 'k1__k2__length_scale': np.float64(3.421228086782726), 'k1__k2__length_scale_bounds': (1e-05, 100000.0), 'k2__noise_level': np.float64(9.999999999999997e-06), 'k2__noise_level_bounds': (1e-05, 100000.0)}","[0.1112978441868687, 0.22547761240558245, 0.0743257022803093, 9.944439154559572e-05, 0.6999334404727893, 0.36058289154166656, 0.18896195807269794, 0.6673583115284342]",10.041281609131376,0.4043553277005277,"[{'type': 'lengthscale_collapse', 'severity': 0.9, 'details': {'lengthscales': [1e-05]}}]",{'acq': 'UCB'}
24,GP health,0.5710188558930915,102.21890585383184,0.0001810410120721056,30647435584.727684,1,0.8,['noise_collapse']
24,GP anomalies,Sum,"{'k1': 2.14**2 * Matern(length_scale=[4.65, 6.97, 3.65, 7.5, 10.2, 9.22, 4.73, 10.2], nu=1.5), 'k2': WhiteKernel(noise_level=1e-08), 'k1__k1': 2.14**2, 'k1__k2': Matern(length_scale=[4.65, 6.97, 3.65, 7.5, 10.2, 9.22, 4.73, 10.2], nu=1.5), 'k1__k1__constant_value': np.float64(4.582851902811297), 'k1__k1__constant_value_bounds': (0.001, 10000.0), 'k1__k2__length_scale': array([ 4.65312838,  6.97137626,  3.65172282,  7.49567694, 10.21579845,
        9.2226998 ,  4.73059688, 10.21579845]), 'k1__k2__length_scale_bounds': (0.0102157984467313, 10.215798446731299), 'k1__k2__nu': np.float64(1.5), 'k2__noise_level': np.float64(9.999999999999982e-09), 'k2__noise_level_bounds': (1e-08, np.float64(0.5978799797377479))}",1,0.8,['noise_collapse']
24,0.40436184647367657,390383677.57382876,0.005445142296387297,78.53650900126738,1,0.9
24,GP health BAD,0.40436184647367657
24, 8D ML Hyperparameters,UCB,7.65**2 * RBF(length_scale=3.45) + WhiteKernel(noise_level=1e-05),"{'k1': 7.65**2 * RBF(length_scale=3.45), 'k2': WhiteKernel(noise_level=1e-05), 'k1__k1': 7.65**2, 'k1__k2': RBF(length_scale=3.45), 'k1__k1__constant_value': np.float64(58.59017628319158), 'k1__k1__constant_value_bounds': (1e-05, 100000.0), 'k1__k2__length_scale': np.float64(3.4468797197565317), 'k1__k2__length_scale_bounds': (1e-05, 100000.0), 'k2__noise_level': np.float64(9.999999999999997e-06), 'k2__noise_level_bounds': (1e-05, 100000.0)}","[0.10882929164346337, 0.2170496193558078, 0.09329945324721835, 0.011851268092758185, 0.7115632822480827, 0.3085601037788183, 0.18019010625901583, 0.6903420636655045]",10.040450875088773,0.40436184647367657,"[{'type': 'lengthscale_collapse', 'severity': 0.9, 'details': {'lengthscales': [1e-05]}}]",{'acq': 'UCB'}
25,GP health,0.5735623494257679,107.2882887615263,0.0001810878931454379,31463196706.535816,1,0.8,['noise_collapse']
25,GP anomalies,Sum,"{'k1': 2.15**2 * Matern(length_scale=[4.7, 6.98, 3.67, 7.91, 10.2, 9.25, 4.77, 10.2], nu=1.5), 'k2': WhiteKernel(noise_level=1e-08), 'k1__k1': 2.15**2, 'k1__k2': Matern(length_scale=[4.7, 6.98, 3.67, 7.91, 10.2, 9.25, 4.77, 10.2], nu=1.5), 'k1__k1__constant_value': np.float64(4.633634119139332), 'k1__k1__constant_value_bounds': (0.001, 10000.0), 'k1__k2__length_scale': array([ 4.70164846,  6.97729924,  3.67459519,  7.90604097, 10.15071559,
        9.24535645,  4.77407511, 10.15071559]), 'k1__k2__length_scale_bounds': (0.010150715592812599, 10.150715592812599), 'k1__k2__nu': np.float64(1.5), 'k2__noise_level': np.float64(9.999999999999982e-09), 'k2__noise_level_bounds': (1e-08, np.float64(0.5783726163071488))}",1,0.8,['noise_collapse']
25,0.404368893155176,405080654.0077912,0.005427715775657182,83.27083254487334,1,0.9
25,GP health BAD,0.404368893155176
25, 8D ML Hyperparameters,UCB,7.74**2 * RBF(length_scale=3.47) + WhiteKernel(noise_level=1e-05),"{'k1': 7.74**2 * RBF(length_scale=3.47), 'k2': WhiteKernel(noise_level=1e-05), 'k1__k1': 7.74**2, 'k1__k2': RBF(length_scale=3.47), 'k1__k1__constant_value': np.float64(59.88762618806884), 'k1__k1__constant_value_bounds': (1e-05, 100000.0), 'k1__k2__length_scale': np.float64(3.465707021066806), 'k1__k2__length_scale_bounds': (1e-05, 100000.0), 'k2__noise_level': np.float64(9.999999999999997e-06), 'k2__noise_level_bounds': (1e-05, 100000.0)}","[0.09367423740655266, 0.24085609081895865, 0.06424182466861139, 0.009017286475968132, 0.7400869853723118, 0.3594489918328633, 0.19688360979750577, 0.6202464868338162]",10.039124790323164,0.404368893155176,"[{'type': 'lengthscale_collapse', 'severity': 0.9, 'details': {'lengthscales': [1e-05]}}]",{'acq': 'UCB'}
26,GP health,0.5589334910507331,141.20584154878765,0.00018033995975922935,293214887004.0307,1,0.8,['noise_collapse']
26,GP anomalies,Sum,"{'k1': 6.45**2 * Matern(length_scale=[5.66, 8.34, 5.08, 8.06, 9.23, 10.1, 5.56, 10.1], nu=2.5), 'k2': WhiteKernel(noise_level=1e-08), 'k1__k1': 6.45**2, 'k1__k2': Matern(length_scale=[5.66, 8.34, 5.08, 8.06, 9.23, 10.1, 5.56, 10.1], nu=2.5), 'k1__k1__constant_value': np.float64(41.592126907467765), 'k1__k1__constant_value_bounds': (0.001, 10000.0), 'k1__k2__length_scale': array([ 5.66229819,  8.33841945,  5.08450372,  8.06330737,  9.22992241,
       10.08547347,  5.55789468, 10.08547347]), 'k1__k2__length_scale_bounds': (0.010085473469049614, 10.085473469049616), 'k1__k2__nu': np.float64(2.5), 'k2__noise_level': np.float64(9.999999999999982e-09), 'k2__noise_level_bounds': (1e-08, np.float64(0.5593809225398483))}",1,0.8,['noise_collapse']
26,0.40437569942788987,424359586.82170117,0.005410884076808208,87.90660198263582,1,0.9
26,GP health BAD,0.40437569942788987
26, 8D ML Hyperparameters,UCB,7.86**2 * RBF(length_scale=3.49) + WhiteKernel(noise_level=1e-05),"{'k1': 7.86**2 * RBF(length_scale=3.49), 'k2': WhiteKernel(noise_level=1e-05), 'k1__k1': 7.86**2, 'k1__k2': RBF(length_scale=3.49), 'k1__k1__constant_value': np.float64(61.79903938040949), 'k1__k1__constant_value_bounds': (1e-05, 100000.0), 'k1__k2__length_scale': np.float64(3.4932237485562725), 'k1__k2__length_scale_bounds': (1e-05, 100000.0), 'k2__noise_level': np.float64(9.999999999999997e-06), 'k2__noise_level_bounds': (1e-05, 100000.0)}","[0.11374583069172808, 0.25618075413249763, 0.07490640556610183, 0.006575681328005159, 0.6990324160636958, 0.3226499712718582, 0.15986506235823794, 0.623408006283844]",10.041371740367637,0.40437569942788987,"[{'type': 'lengthscale_collapse', 'severity': 0.9, 'details': {'lengthscales': [1e-05]}}]",{'acq': 'UCB'}
27,GP health,0.5788889882388191,116.69188144794639,0.000181074311998335,31260035061.701443,1,0.8,['noise_collapse']
27,GP anomalies,Sum,"{'k1': 2.12**2 * Matern(length_scale=[4.67, 6.95, 3.66, 7.8, 10, 9.42, 4.75, 10], nu=1.5), 'k2': WhiteKernel(noise_level=1e-08), 'k1__k1': 2.12**2, 'k1__k2': Matern(length_scale=[4.67, 6.95, 3.66, 7.8, 10, 9.42, 4.75, 10], nu=1.5), 'k1__k1__constant_value': np.float64(4.476960369757242), 'k1__k1__constant_value_bounds': (0.001, 10000.0), 'k1__k2__length_scale': array([ 4.67007493,  6.95434737,  3.66294399,  7.80040978, 10.01875821,
        9.41759257,  4.75175084, 10.01875821]), 'k1__k2__length_scale_bounds': (0.010018758206909104, 10.018758206909105), 'k1__k2__nu': np.float64(1.5), 'k2__noise_level': np.float64(9.999999999999982e-09), 'k2__noise_level_bounds': (1e-08, np.float64(0.5409255280916407))}",1,0.8,['noise_collapse']
27,0.4043831325869905,440984218.7833825,0.005392502431238322,92.63921486440539,1,0.9
27,GP health BAD,0.4043831325869905
27, 8D ML Hyperparameters,UCB,7.96**2 * RBF(length_scale=3.51) + WhiteKernel(noise_level=1e-05),"{'k1': 7.96**2 * RBF(length_scale=3.51), 'k2': WhiteKernel(noise_level=1e-05), 'k1__k1': 7.96**2, 'k1__k2': RBF(length_scale=3.51), 'k1__k1__constant_value': np.float64(63.28471121919812), 'k1__k1__constant_value_bounds': (1e-05, 100000.0), 'k1__k2__length_scale': np.float64(3.513401989752546), 'k1__k2__length_scale_bounds': (1e-05, 100000.0), 'k2__noise_level': np.float64(9.999999999999997e-06), 'k2__noise_level_bounds': (1e-05, 100000.0)}","[0.08559447485371632, 0.20888673301473087, 0.10631396550969871, 0.0, 0.6807437232589517, 0.34002784449713486, 0.1800479469170969, 0.6747410845548782]",10.039818450721922,0.4043831325869905,"[{'type': 'lengthscale_collapse', 'severity': 0.9, 'details': {'lengthscales': [1e-05]}}]",{'acq': 'UCB'}
28,GP health,0.5816159420819291,121.7508982040884,0.00018101748742613098,31226020668.217854,1,0.8,['noise_collapse']
28,GP anomalies,Sum,"{'k1': 2.1**2 * Matern(length_scale=[4.66, 6.97, 3.65, 7.73, 9.95, 9.57, 4.74, 9.95], nu=1.5), 'k2': WhiteKernel(noise_level=1e-08), 'k1__k1': 2.1**2, 'k1__k2': Matern(length_scale=[4.66, 6.97, 3.65, 7.73, 9.95, 9.57, 4.74, 9.95], nu=1.5), 'k1__k1__constant_value': np.float64(4.411257659486583), 'k1__k1__constant_value_bounds': (0.001, 10000.0), 'k1__k2__length_scale': array([4.65519463, 6.96527668, 3.65119113, 7.73332839, 9.95297464,
       9.57393343, 4.74394315, 9.95297464]), 'k1__k2__length_scale_bounds': (0.009952974638507459, 9.95297463850746), 'k1__k2__nu': np.float64(1.5), 'k2__noise_level': np.float64(9.999999999999982e-09), 'k2__noise_level_bounds': (1e-08, np.float64(0.5229811971917498))}",1,0.8,['noise_collapse']
28,0.4043907354010432,457888483.4158371,0.005373701591216492,97.34397203527658,1,0.9
28,GP health BAD,0.4043907354010432
28, 8D ML Hyperparameters,UCB,8.05**2 * RBF(length_scale=3.53) + WhiteKernel(noise_level=1e-05),"{'k1': 8.05**2 * RBF(length_scale=3.53), 'k2': WhiteKernel(noise_level=1e-05), 'k1__k1': 8.05**2, 'k1__k2': RBF(length_scale=3.53), 'k1__k1__constant_value': np.float64(64.76827155062337), 'k1__k1__constant_value_bounds': (1e-05, 100000.0), 'k1__k2__length_scale': np.float64(3.5329678549875347), 'k1__k2__length_scale_bounds': (1e-05, 100000.0), 'k2__noise_level': np.float64(9.999999999999997e-06), 'k2__noise_level_bounds': (1e-05, 100000.0)}","[0.10852284544413777, 0.18293830514838855, 0.07180831658144506, 0.0, 0.65606592880713, 0.2959825016545947, 0.1865198734248096, 0.6388821219962475]",10.039023302317936,0.4043907354010432,"[{'type': 'lengthscale_collapse', 'severity': 0.9, 'details': {'lengthscales': [1e-05]}}]",{'acq': 'UCB'}
29,GP health,0.5841973636594716,126.45928819481871,0.00018093091699422027,30959394688.16514,1,0.8,['noise_collapse']
29,GP anomalies,Sum,"{'k1': 2.08**2 * Matern(length_scale=[4.62, 6.99, 3.63, 7.62, 9.89, 9.67, 4.71, 9.89], nu=1.5), 'k2': WhiteKernel(noise_level=1e-08), 'k1__k1': 2.08**2, 'k1__k2': Matern(length_scale=[4.62, 6.99, 3.63, 7.62, 9.89, 9.67, 4.71, 9.89], nu=1.5), 'k1__k1__constant_value': np.float64(4.3160678638442365), 'k1__k1__constant_value_bounds': (0.001, 10000.0), 'k1__k2__length_scale': array([4.62097806, 6.9867507 , 3.63165971, 7.61781125, 9.88946127,
       9.67038787, 4.71066442, 9.88946127]), 'k1__k2__length_scale_bounds': (0.009889461271364646, 9.889461271364645), 'k1__k2__nu': np.float64(1.5), 'k2__noise_level': np.float64(9.999999999999982e-09), 'k2__noise_level_bounds': (1e-08, np.float64(0.505548772472477))}",1,0.8,['noise_collapse']
29,0.4043981003835806,479753971.28981656,0.0053554892168320035,101.96073962509188,1,0.9
29,GP health BAD,0.4043981003835806
29, 8D ML Hyperparameters,UCB,8.18**2 * RBF(length_scale=3.56) + WhiteKernel(noise_level=1e-05),"{'k1': 8.18**2 * RBF(length_scale=3.56), 'k2': WhiteKernel(noise_level=1e-05), 'k1__k1': 8.18**2, 'k1__k2': RBF(length_scale=3.56), 'k1__k1__constant_value': np.float64(66.88802238326535), 'k1__k1__constant_value_bounds': (1e-05, 100000.0), 'k1__k2__length_scale': np.float64(3.5608870068356864), 'k1__k2__length_scale_bounds': (1e-05, 100000.0), 'k2__noise_level': np.float64(9.999999999999997e-06), 'k2__noise_level_bounds': (1e-05, 100000.0)}","[0.10406835849759319, 0.22128404940159607, 0.0859778497271379, 0.0, 0.6958381200285491, 0.2993413412443974, 0.21551368221744327, 0.6115539800386235]",10.038930289979664,0.4043981003835806,"[{'type': 'lengthscale_collapse', 'severity': 0.9, 'details': {'lengthscales': [1e-05]}}]",{'acq': 'UCB'}
30,GP health,0.5867981753211389,131.43913921148135,0.00018081662933713873,30807122800.639038,1,0.8,['noise_collapse']
30,GP anomalies,Sum,"{'k1': 2.06**2 * Matern(length_scale=[4.61, 6.96, 3.61, 7.56, 9.82, 9.7, 4.71, 9.82], nu=1.5), 'k2': WhiteKernel(noise_level=1e-08), 'k1__k1': 2.06**2, 'k1__k2': Matern(length_scale=[4.61, 6.96, 3.61, 7.56, 9.82, 9.7, 4.71, 9.82], nu=1.5), 'k1__k1__constant_value': np.float64(4.2381205680625476), 'k1__k1__constant_value_bounds': (0.001, 10000.0), 'k1__k2__length_scale': array([4.61371687, 6.9564965 , 3.61459566, 7.56260738, 9.82270129,
       9.69893899, 4.70922396, 9.82270129]), 'k1__k2__length_scale_bounds': (0.009822701290721618, 9.822701290721618), 'k1__k2__nu': np.float64(1.5), 'k2__noise_level': np.float64(9.999999999999982e-09), 'k2__noise_level_bounds': (1e-08, np.float64(0.488626390594766))}",1,0.8,['noise_collapse']
30,0.4044056496028792,502332513.3298251,0.005336821599875551,106.57616907483892,1,0.9
30,GP health BAD,0.4044056496028792
30, 8D ML Hyperparameters,UCB,8.31**2 * RBF(length_scale=3.59) + WhiteKernel(noise_level=1e-05),"{'k1': 8.31**2 * RBF(length_scale=3.59), 'k2': WhiteKernel(noise_level=1e-05), 'k1__k1': 8.31**2, 'k1__k2': RBF(length_scale=3.59), 'k1__k1__constant_value': np.float64(69.044845011937), 'k1__k1__constant_value_bounds': (1e-05, 100000.0), 'k1__k2__length_scale': np.float64(3.588380549997833), 'k1__k2__length_scale_bounds': (1e-05, 100000.0), 'k2__noise_level': np.float64(9.999999999999997e-06), 'k2__noise_level_bounds': (1e-05, 100000.0)}","[0.09695496618666123, 0.23765237204422815, 0.09242724302369168, 0.0, 0.7014097216565568, 0.3023688207547905, 0.19350468307814986, 0.6505567219619699]",10.040936861795227,0.4044056496028792,"[{'type': 'lengthscale_collapse', 'severity': 0.9, 'details': {'lengthscales': [1e-05]}}]",{'acq': 'UCB'}
